{"stats":{"minecraft:mined":{"minecraft:dark_oak_planks":7,"croptopia:cantaloupe_crop":1,"minecraft:spruce_planks":1,"alexsmobs:leafcutter_anthill":1,"minecraft:jungle_leaves":2,"minecraft:granite":34,"minecraft:grass_block":7,"minecraft:spawner":4,"minecraft:magma_block":1,"minecraft:iron_ore":61,"minecraft:cobbled_deepslate":27,"minecraft:anvil":1,"minecraft:pointed_dripstone":2,"minecraft:cave_vines":1,"minecraft:amethyst_cluster":2,"minecraft:torch":2,"minecraft:poppy":1,"minecraft:chest":9,"minecraft:cobblestone":36,"minecraft:oak_planks":2,"minecraft:sugar_cane":3,"minecraft:wall_torch":2,"minecraft:chain":9,"croptopia:cauliflower_crop":1,"minecraft:birch_log":67,"croptopia:pineapple_crop":1,"evilcraft:dark_ore_deepslate":8,"minecraft:grass":11,"croptopia:salt_ore":1,"minecraft:sand":24,"minecraft:dirt":28,"minecraft:tripwire_hook":1,"minecraft:oak_leaves":2,"minecraft:deepslate":279,"minecraft:emerald_block":15,"minecraft:tuff":13,"minecraft:mossy_cobblestone":3,"minecraft:dark_oak_leaves":7,"minecraft:deepslate_diamond_ore":2,"minecraft:glow_lichen":1,"minecraft:jungle_planks":2,"alexsmobs:leafcutter_ant_chamber":3,"travelersbackpack:white_sleeping_bag":1,"minecraft:acacia_slab":1,"minecraft:furnace":4,"minecraft:acacia_stairs":1,"minecraft:andesite":60,"evilcraft:dark_ore":5,"minecraft:deepslate_iron_ore":31,"minecraft:vine":1,"croptopia:cashew_crop":4,"minecraft:bamboo":1,"irons_spellbooks:inscription_table":3,"minecraft:stone":251,"minecraft:smithing_table":1,"minecraft:stripped_dark_oak_log":2,"travelersbackpack:standard":8,"minecraft:oak_fence":6,"minecraft:crafting_table":6,"minecraft:copper_ore":20,"minecraft:deepslate_gold_ore":21,"minecraft:lapis_ore":2,"minecraft:diorite":34,"minecraft:spruce_stairs":1,"minecraft:birch_planks":6,"additional_lights:fire_for_standing_torch_s":2,"minecraft:birch_leaves":4,"minecraft:mangrove_planks":7,"croptopia:dragonfruit_crop":1,"croptopia:tomato_crop":1,"minecraft:coal_ore":126,"minecraft:gravel":3,"croptopia:blackberry_crop":1,"minecraft:dripstone_block":1,"minecraft:cobweb":3,"minecraft:acacia_planks":3,"minecraft:gold_ore":4},"minecraft:picked_up":{"minecraft:wooden_axe":1,"minecraft:anvil":1,"minecraft:smithing_table":1,"croptopia:calamari":4,"minecraft:string":12,"minecraft:raw_copper":71,"minecraft:iron_leggings":2,"alexsmobs:emu_feather":5,"minecraft:cobbled_deepslate":627,"minecraft:tnt_minecart":1,"minecraft:gold_nugget":1,"minecraft:iron_pickaxe":1,"irons_spellbooks:inscription_table":4,"minecraft:furnace":5,"grimoireofgaia:taproot":2,"minecraft:stick":12,"minecraft:oak_fence":3,"minecraft:torch":235,"croptopia:blackberry_seed":4,"minecraft:porkchop":17,"tombstone:grave_dust":6,"minecraft:pointed_dripstone":44,"minecraft:diorite":53,"minecraft:rotten_flesh":20,"minecraft:cobblestone":291,"croptopia:cauliflower":1,"minecraft:birch_log":67,"minecraft:magma_block":1,"minecraft:feather":13,"minecraft:birch_slab":3,"minecraft:andesite":90,"minecraft:flint":4,"additional_lights:fire_for_standing_torch_s":12,"minecraft:tuff":30,"minecraft:dirt":66,"minecraft:lapis_lazuli":11,"minecraft:bone":49,"irons_spellbooks:iron_spell_book":2,"minecraft:bow":2,"minecraft:wheat_seeds":3,"minecraft:raw_gold":25,"minecraft:mossy_stone_bricks":3,"minecraft:bamboo":5,"minecraft:oak_planks":3,"croptopia:dragonfruit":1,"minecraft:cooked_porkchop":7,"minecraft:jungle_planks":2,"croptopia:blackberry":1,"minecraft:sand":24,"minecraft:ink_sac":8,"minecraft:mossy_cobblestone":2,"travelersbackpack:white_sleeping_bag":1,"alexsmobs:kangaroo_hide":1,"minecraft:diamond":4,"croptopia:pineapple_seed":4,"minecraft:granite":51,"minecraft:bread":1,"minecraft:oak_sapling":1,"croptopia:cashew":6,"minecraft:crafting_table":6,"minecraft:chicken":8,"minecraft:wooden_pickaxe":2,"minecraft:chain":16,"minecraft:iron_axe":1,"minecraft:cracked_stone_bricks":1,"croptopia:tomato_seed":2,"minecraft:beef":40,"minecraft:iron_nugget":11,"minecraft:poppy":3,"minecraft:light_gray_wool":4,"bossominium:vex_wing":1,"minecraft:sugar_cane":13,"minecraft:chest":9,"minecraft:birch_sapling":6,"minecraft:egg":4,"minecraft:dark_oak_sapling":3,"minecraft:raw_iron":92,"grimoireofgaia:meat":2,"evilcraft:origins_of_darkness":2,"minecraft:redstone":1,"minecraft:dark_oak_planks":6,"minecraft:arrow":51,"croptopia:cantaloupe_seed":4,"minecraft:gold_ingot":1,"croptopia:salt":4,"minecraft:glow_berries":2,"minecraft:mutton":20,"alexsmobs:kangaroo_meat":5,"minecraft:white_wool":8,"minecraft:tripwire_hook":1,"minecraft:leather":17,"minecraft:birch_planks":15,"grimoireofgaia:bone_shield":1,"minecraft:gunpowder":2,"minecraft:paper":4,"minecraft:apple":1,"minecraft:stone_bricks":2,"minecraft:iron_ingot":12,"croptopia:pineapple":1,"croptopia:tomato":1,"minecraft:iron_sword":1,"minecraft:smooth_basalt":3,"croptopia:cauliflower_seed":2,"minecraft:emerald_block":15,"minecraft:birch_boat":1,"minecraft:dripstone_block":6,"minecraft:gravel":7,"minecraft:amethyst_shard":8,"grimoireofgaia:box_iron":1,"travelersbackpack:standard":7,"minecraft:slime_ball":4,"evilcraft:dark_gem":59,"tombstone:magic_scroll":1,"minecraft:stripped_dark_oak_log":2,"minecraft:coal":120,"irons_spellbooks:scroll":4},"minecraft:killed_by":{"minecraft:player":1},"minecraft:broken":{"minecraft:stone_pickaxe":1,"grimoireofgaia:bone_shield":1,"minecraft:iron_axe":1,"minecraft:iron_pickaxe":3},"minecraft:killed":{"grimoireofgaia:toad":3,"minecraft:cave_spider":3,"minecraft:spider":1,"grimoireofgaia:cobble_golem":2,"grimoireofgaia:goblin":1,"minecraft:skeleton":32,"grimoireofgaia:mimic":1,"alexsmobs:leafcutter_ant":4,"minecraft:chicken":7,"alexsmobs:kangaroo":5,"grimoireofgaia:spriggan":1,"minecraft:pig":3,"minecraft:zombie_villager":1,"grimoireofgaia:bone_knight":1,"minecraft:creeper":1,"grimoireofgaia:hunter":1,"minecraft:sheep":9,"minecraft:pillager":2,"minecraft:zombie":6,"alexsmobs:terrapin":5,"grimoireofgaia:deathword":1,"grimoireofgaia:harpy":1,"minecraft:cow":18,"minecraft:vex":1,"grimoireofgaia:ender_eye":1,"alexsmobs:blue_jay":1,"grimoireofgaia:creep":1,"cataclysm:deepling_angler":1,"grimoireofgaia:cyan_flower":3,"alexsmobs:emu":3,"alexsmobs:gazelle":1,"grimoireofgaia:arachne":1},"minecraft:custom":{"minecraft:interact_with_crafting_table":60,"minecraft:open_barrel":14,"minecraft:leave_game":3,"minecraft:time_since_death":19468,"minecraft:sprint_one_cm":638732,"minecraft:damage_blocked_by_shield":2430,"minecraft:drop":164,"minecraft:play_time":363147,"minecraft:deaths":3,"minecraft:jump":4516,"minecraft:walk_on_water_one_cm":64730,"minecraft:interact_with_furnace":105,"minecraft:sleep_in_bed":8,"minecraft:damage_dealt":19113,"minecraft:crouch_one_cm":28522,"tombstone:undead_killed":40,"minecraft:interact_with_smoker":4,"minecraft:mob_kills":125,"minecraft:interact_with_anvil":1,"minecraft:damage_dealt_resisted":1001,"minecraft:climb_one_cm":4524,"minecraft:walk_one_cm":1070453,"minecraft:sneak_time":8566,"minecraft:walk_under_water_one_cm":47268,"minecraft:boat_one_cm":313385,"minecraft:interact_with_blast_furnace":1,"minecraft:total_world_time":363147,"tombstone:raider_killed":2,"minecraft:time_since_rest":17443,"minecraft:damage_taken":5530,"tombstone:cast_on_ally":1,"minecraft:swim_one_cm":207630,"minecraft:fly_one_cm":498964,"minecraft:open_chest":116,"minecraft:fall_one_cm":105996},"minecraft:crafted":{"irons_spellbooks:iron_spell_book":1,"minecraft:birch_boat":1,"minecraft:cooked_chicken":7,"minecraft:birch_slab":6,"minecraft:cooked_mutton":14,"minecraft:glass":12,"minecraft:bow":1,"minecraft:iron_boots":1,"minecraft:chest":4,"minecraft:cooked_porkchop":12,"minecraft:crafting_table":5,"travelersbackpack:standard":1,"minecraft:wooden_pickaxe":1,"minecraft:iron_helmet":1,"additional_lights:fire_for_standing_torch_s":13,"minecraft:birch_planks":180,"minecraft:iron_chestplate":1,"minecraft:book":1,"minecraft:paper":6,"minecraft:diamond_pickaxe":1,"minecraft:shield":1,"minecraft:stick":80,"minecraft:iron_ingot":66,"minecraft:iron_pickaxe":6,"minecraft:gold_ingot":21,"minecraft:furnace":5,"travelersbackpack:white_sleeping_bag":2,"minecraft:iron_axe":2,"minecraft:stone_pickaxe":2,"evilcraft:darkened_apple":1,"minecraft:cooked_beef":22,"travelersbackpack:backpack_tank":2,"minecraft:iron_sword":2,"minecraft:bucket":1,"minecraft:stone_axe":1,"minecraft:air":0,"minecraft:wooden_axe":1,"minecraft:iron_leggings":1,"irons_spellbooks:inscription_table":1,"minecraft:torch":180},"minecraft:dropped":{"croptopia:pineapple_seed":4,"minecraft:birch_planks":10,"minecraft:diamond":1,"minecraft:dark_oak_sapling":3,"minecraft:cooked_porkchop":12,"minecraft:glow_berries":2,"minecraft:saddle":1,"croptopia:salt":4,"minecraft:birch_slab":6,"croptopia:tomato_seed":2,"additional_lights:fire_for_standing_torch_s":23,"croptopia:pineapple":1,"minecraft:mutton":4,"minecraft:tnt_minecart":1,"minecraft:chain":8,"minecraft:gold_nugget":3,"minecraft:iron_pickaxe":1,"minecraft:dark_oak_planks":7,"croptopia:calamari":4,"minecraft:birch_log":20,"minecraft:white_wool":1,"croptopia:cantaloupe_seed":4,"minecraft:gold_ingot":2,"minecraft:gravel":4,"minecraft:stone_axe":1,"minecraft:iron_nugget":6,"minecraft:birch_sapling":6,"minecraft:pointed_dripstone":11,"minecraft:stripped_dark_oak_log":2,"minecraft:rotten_flesh":12,"minecraft:oak_planks":3,"minecraft:poppy":1,"travelersbackpack:white_sleeping_bag":1,"minecraft:arrow":7,"minecraft:iron_ingot":14,"minecraft:wheat_seeds":3,"minecraft:golden_horse_armor":1,"minecraft:dripstone_block":2,"minecraft:cobblestone":4,"minecraft:granite":20,"minecraft:copper_ingot":1,"irons_spellbooks:scroll":2,"minecraft:diorite":23,"minecraft:ink_sac":8,"minecraft:torch":4,"minecraft:wooden_axe":2,"tombstone:grave_dust":1,"minecraft:iron_leggings":2,"croptopia:cauliflower_seed":2,"minecraft:iron_axe":1,"evilcraft:darkened_apple":1,"minecraft:paper":1,"minecraft:string":5,"minecraft:redstone":4,"minecraft:furnace":1,"croptopia:cashew":3,"minecraft:raw_copper":33,"minecraft:tuff":20,"croptopia:blackberry_seed":4,"minecraft:raw_iron":10,"minecraft:chicken":1,"minecraft:light_gray_wool":2,"evilcraft:origins_of_darkness":1,"bossominium:vex_wing":1,"minecraft:diamond_pickaxe":1,"minecraft:andesite":36,"minecraft:oak_sapling":1,"minecraft:stone_bricks":2,"minecraft:bamboo":5,"irons_spellbooks:iron_spell_book":2,"minecraft:stone_pickaxe":1,"minecraft:wooden_pickaxe":3,"minecraft:magma_block":1},"minecraft:used":{"grimoireofgaia:bone_shield":3,"minecraft:poppy":2,"minecraft:chest":6,"minecraft:shield":69,"minecraft:iron_sword":109,"minecraft:mutton":1,"croptopia:cashew":3,"minecraft:tuff":7,"minecraft:bow":44,"minecraft:furnace":9,"grimoireofgaia:meat":2,"croptopia:tomato":1,"minecraft:stone_pickaxe":184,"minecraft:wooden_pickaxe":29,"minecraft:white_wool":1,"minecraft:glow_berries":11,"minecraft:bread":2,"grimoireofgaia:taproot":2,"croptopia:blackberry":1,"minecraft:birch_log":2,"minecraft:andesite":22,"minecraft:oak_fence":1,"minecraft:cooked_chicken":7,"minecraft:torch":424,"minecraft:dirt":4,"minecraft:granite":7,"minecraft:wooden_axe":22,"minecraft:iron_axe":278,"minecraft:smooth_basalt":3,"minecraft:beef":12,"tombstone:gift":7,"minecraft:cooked_beef":22,"minecraft:cobbled_deepslate":86,"minecraft:iron_leggings":1,"minecraft:cooked_mutton":14,"minecraft:water_bucket":17,"minecraft:birch_planks":44,"minecraft:birch_boat":2,"minecraft:mossy_cobblestone":2,"minecraft:crafting_table":10,"croptopia:dragonfruit":1,"minecraft:diamond_pickaxe":1,"minecraft:iron_pickaxe":866,"alexsmobs:kangaroo_meat":5,"travelersbackpack:white_sleeping_bag":1,"minecraft:stone_axe":23,"croptopia:cauliflower":1,"minecraft:cobblestone":110,"additional_lights:fire_for_standing_torch_s":2,"travelersbackpack:standard":21,"minecraft:cooked_porkchop":7,"minecraft:porkchop":4,"minecraft:bucket":21,"irons_spellbooks:inscription_table":4}},"DataVersion":3465}