{"stats":{"minecraft:killed":{"minecraft:pig":1},"minecraft:custom":{"minecraft:time_since_rest":17572,"minecraft:sprint_one_cm":15050,"minecraft:damage_taken":80,"minecraft:walk_one_cm":49906,"minecraft:mob_kills":1,"minecraft:drop":4,"minecraft:damage_dealt":100,"minecraft:interact_with_crafting_table":3,"minecraft:fly_one_cm":7466,"minecraft:crouch_one_cm":1848,"minecraft:play_time":17572,"minecraft:sneak_time":346,"minecraft:jump":116,"minecraft:leave_game":1,"minecraft:walk_on_water_one_cm":15,"minecraft:time_since_death":17572,"minecraft:total_world_time":17572,"minecraft:fall_one_cm":2025},"minecraft:dropped":{"minecraft:wooden_axe":2,"minecraft:wooden_pickaxe":2},"minecraft:used":{"minecraft:wooden_axe":22,"minecraft:birch_planks":42,"minecraft:wooden_pickaxe":29,"minecraft:stone_axe":4,"minecraft:crafting_table":1,"minecraft:birch_log":2},"minecraft:picked_up":{"minecraft:wooden_axe":1,"minecraft:birch_log":24,"minecraft:stick":2,"minecraft:wooden_pickaxe":1,"minecraft:birch_planks":5,"minecraft:porkchop":1,"minecraft:dirt":16,"minecraft:birch_sapling":1,"minecraft:cobblestone":28},"minecraft:crafted":{"minecraft:crafting_table":1,"minecraft:stick":8,"minecraft:wooden_pickaxe":1,"minecraft:stone_pickaxe":1,"minecraft:wooden_axe":1,"minecraft:furnace":1,"minecraft:birch_planks":88,"minecraft:stone_axe":1},"minecraft:mined":{"minecraft:birch_planks":5,"minecraft:birch_log":24,"minecraft:birch_leaves":4,"minecraft:grass":3,"minecraft:grass_block":2,"minecraft:dirt":12,"minecraft:stone":28}},"DataVersion":3465}