{"stats":{"minecraft:killed":{"grimoireofgaia:toad":1,"alexsmobs:lobster":1,"minecraft:skeleton":78,"alexsmobs:leafcutter_ant":2,"minecraft:chicken":1,"grimoireofgaia:flesh_lich":1,"grimoireofgaia:spriggan":1,"minecraft:magma_cube":3,"grimoireofgaia:banshee":1,"minecraft:iron_golem":1,"minecraft:pillager":28,"minecraft:zombie":27,"grimoireofgaia:deathword":1,"grimoireofgaia:wizard_harpy":1,"minecraft:cow":28,"minecraft:evoker":1,"minecraft:vindicator":8,"alexsmobs:seagull":1,"alexsmobs:gorilla":2,"grimoireofgaia:valkyrie":1,"grimoireofgaia:dwarf":1,"grimoireofgaia:sludge_girl":7,"minecraft:warden":2,"minecraft:husk":48,"grimoireofgaia:cyan_flower":1,"minecraft:ravager":1,"evilcraft:poisonous_libelle":1,"minecraft:enderman":1,"grimoireofgaia:witch":2,"irons_spellbooks:priest":4,"minecraft:spider":10,"grimoireofgaia:minotaurus":7,"alexsmobs:froststalker":2,"grimoireofgaia:orc":1,"minecraft:turtle":1,"irons_spellbooks:summoned_skeleton":4,"minecraft:pig":4,"grimoireofgaia:bone_knight":1,"irons_spellbooks:necromancer":4,"minecraft:creeper":6,"alexsmobs:warped_toad":1,"minecraft:sheep":10,"grimoireofgaia:harpy":6,"alexsmobs:fly":3,"grimoireofgaia:dryad":1,"grimoireofgaia:shaman":2,"minecraft:vex":3,"irons_spellbooks:summoned_zombie":3,"grimoireofgaia:succubus":5,"alexsmobs:tasmanian_devil":2,"grimoireofgaia:centaur":1,"minecraft:phantom":2,"minecraft:drowned":1,"grimoireofgaia:dullahan":3,"grimoireofgaia:gryphon":6,"grimoireofgaia:cecaelia":3,"grimoireofgaia:horse":1,"grimoireofgaia:matango":4,"alexsmobs:crow":2,"grimoireofgaia:werecat":2,"grimoireofgaia:wither_cow":2},"minecraft:picked_up":{"minecraft:seagrass":2,"minecraft:birch_door":2,"croptopia:grape_seed":2,"croptopia:tomatillo_seed":1,"minecraft:diamond_sword":1,"minecraft:oak_stairs":6,"irons_spellbooks:holy_rune":3,"minecraft:enchanted_book":5,"minecraft:brewing_stand":2,"minecraft:string":28,"minecraft:beetroot_soup":2,"minecraft:cobbled_deepslate":511,"minecraft:gold_nugget":17,"minecraft:azalea_leaves":2,"irons_spellbooks:blank_rune":1,"minecraft:melon_slice":5,"grimoireofgaia:taproot":3,"croptopia:blackbean":1,"minecraft:sandstone_wall":1,"minecraft:cherry_log":18,"irons_spellbooks:fire_rune":1,"croptopia:coffee_seed":1,"minecraft:waxed_cut_copper_stairs":2,"minecraft:stone_sword":1,"croptopia:raspberry_seed":2,"croptopia:elderberry":1,"minecraft:blaze_rod":6,"alexsmobs:lobster_tail":3,"minecraft:birch_log":10,"minecraft:feather":29,"minecraft:iron_door":2,"minecraft:brown_wool":2,"minecraft:smoker":1,"minecraft:flint":11,"croptopia:celery":2,"minecraft:mangrove_slab":3,"minecraft:lantern":1,"minecraft:glowstone_dust":3,"minecraft:moss_block":8,"additional_lights:fire_for_fire_pit_s":2,"irons_spellbooks:legendary_ink":2,"minecraft:warped_wart_block":3,"croptopia:celery_seed":2,"minecraft:fermented_spider_eye":4,"grimoireofgaia:fireshard":13,"minecraft:dark_oak_log":130,"minecraft:bundle":1,"weaponmaster:workstation":6,"minecraft:lever":1,"minecraft:granite":20,"minecraft:bread":23,"alexsmobs:maggot":2,"minecraft:bricks":7,"minecraft:dark_oak_fence":2,"minecraft:crafting_table":7,"minecraft:nether_wart":1,"minecraft:clay_ball":10,"minecraft:leather_leggings":1,"irons_spellbooks:tarnished_helmet":1,"tombstone:scroll_of_preservation":1,"evilcraft:poison_sac":1,"travelersbackpack:pig":1,"minecraft:cracked_stone_bricks":8,"minecraft:beef":60,"minecraft:iron_nugget":58,"minecraft:poppy":1,"minecraft:birch_sapling":2,"minecraft:diamond_hoe":1,"minecraft:stone":1,"minecraft:oak_door":1,"croptopia:blackbean_seed":1,"evilcraft:hardened_blood":3,"minecraft:carrot":5,"minecraft:redstone":25,"minecraft:mangrove_trapdoor":2,"minecraft:diamond_chestplate":1,"grimoireofgaia:bag_book":1,"croptopia:strawberry_seed":2,"weaponmaster:wm_broadsword":1,"minecraft:hay_block":22,"croptopia:rhubarb":1,"tombstone:essence_of_undeath":1,"minecraft:gold_ingot":15,"minecraft:totem_of_undying":1,"minecraft:glow_berries":5,"minecraft:mutton":17,"minecraft:white_wool":35,"minecraft:birch_leaves":2,"minecraft:acacia_wood":54,"minecraft:red_mushroom":2,"minecraft:filled_map":2,"grimoireofgaia:bone_shield":1,"minecraft:packed_mud":2,"minecraft:oak_log":112,"additional_lights:al_torch_cobblestone":2,"minecraft:blue_bed":1,"tombstone:gift":1,"minecraft:apple":15,"deeperdarker:warden_upgrade_smithing_template":1,"minecraft:stone_bricks":8,"weaponmaster:tutorialbook":1,"tombstone:bag_of_seeds":2,"croptopia:tomato":1,"minecraft:glass_bottle":4,"croptopia:elderberry_seed":1,"minecraft:mangrove_planks":2,"grimoireofgaia:broom":1,"minecraft:iron_sword":1,"minecraft:flowering_azalea":1,"minecraft:sweet_berries":3,"minecraft:gravel":38,"minecraft:birch_stairs":1,"grimoireofgaia:box_iron":3,"minecraft:crying_obsidian":5,"irons_spellbooks:poisonward_ring":1,"travelersbackpack:standard":3,"minecraft:slime_ball":10,"minecraft:light_blue_carpet":6,"minecraft:gray_wool":2,"grimoireofgaia:rotten_heart":4,"minecraft:warped_roots":3,"minecraft:ender_pearl":6,"irons_spellbooks:scroll":9,"minecraft:black_carpet":11,"minecraft:wheat":22,"minecraft:potion":1,"minecraft:crimson_planks":6,"minecraft:raw_copper":27,"irons_spellbooks:arcane_essence":45,"minecraft:bucket":1,"minecraft:rose_bush":2,"minecraft:azalea":1,"minecraft:cobblestone_slab":1,"minecraft:calcite":5,"minecraft:smooth_quartz":9,"minecraft:iron_pickaxe":1,"minecraft:furnace":4,"minecraft:stick":8,"minecraft:brown_terracotta":1,"minecraft:oak_fence":5,"minecraft:torch":46,"croptopia:blackberry_seed":1,"deeperdarker:heart_of_the_deep":2,"minecraft:porkchop":11,"minecraft:pointed_dripstone":37,"tombstone:grave_dust":30,"minecraft:diorite":4,"minecraft:rotten_flesh":152,"alexsmobs:emu_egg":1,"minecraft:obsidian":25,"minecraft:blaze_powder":6,"minecraft:cobblestone":3090,"croptopia:cauliflower":1,"minecraft:leather_chestplate":3,"minecraft:lilac":2,"minecraft:cherry_planks":12,"minecraft:chiseled_quartz_block":6,"minecraft:tuff":51,"minecraft:lapis_lazuli":56,"minecraft:dirt":132,"minecraft:glass":1,"minecraft:bone":135,"minecraft:acacia_planks":4,"minecraft:wheat_seeds":14,"minecraft:raw_gold":7,"minecraft:mossy_stone_bricks":13,"minecraft:cyan_concrete":6,"minecraft:oak_planks":33,"croptopia:chile_pepper_seed":2,"minecraft:black_terracotta":12,"irons_spellbooks:frozen_bone":3,"croptopia:blackberry":2,"grimoireofgaia:emerald_shard":2,"minecraft:sand":40,"minecraft:grass_block":1,"minecraft:mossy_cobblestone":17,"grimoireofgaia:shiny_pearl":2,"weaponmaster:taglockkit":3,"travelersbackpack:white_sleeping_bag":1,"minecraft:light_gray_concrete":9,"minecraft:sugar":3,"minecraft:diamond":21,"grimoireofgaia:withered_brain":5,"minecraft:crossbow":1,"minecraft:golden_apple":3,"minecraft:emerald":38,"minecraft:oak_sapling":4,"minecraft:netherrack":4,"minecraft:charcoal":4,"minecraft:ladder":1,"grimoireofgaia:soulfire":9,"minecraft:chicken":1,"minecraft:splash_potion":2,"minecraft:turtle_helmet":1,"minecraft:rabbit_stew":1,"minecraft:brown_mushroom":2,"minecraft:gold_block":8,"minecraft:diamond_horse_armor":1,"minecraft:moss_carpet":16,"minecraft:iron_axe":1,"minecraft:item_frame":1,"minecraft:blue_orchid":3,"minecraft:cyan_carpet":9,"deeperdarker:warden_carapace":5,"croptopia:tomato_seed":1,"minecraft:echo_shard":4,"minecraft:player_head":1,"irons_spellbooks:epic_ink":2,"bossominium:vex_wing":3,"minecraft:sugar_cane":7,"minecraft:phantom_membrane":2,"tombstone:ankh_of_pray":2,"minecraft:raw_iron":58,"minecraft:stripped_mangrove_wood":1,"grimoireofgaia:meat":5,"evilcraft:origins_of_darkness":1,"croptopia:strawberry":1,"minecraft:iron_horse_armor":1,"minecraft:dark_oak_planks":16,"croptopia:grape":1,"weaponmaster:wm_broadswordlarge":1,"minecraft:arrow":195,"minecraft:pumpkin_pie":1,"minecraft:stripped_dark_oak_wood":20,"minecraft:saddle":2,"croptopia:salt":72,"minecraft:skeleton_skull":3,"minecraft:leather":48,"minecraft:birch_planks":8,"minecraft:chainmail_chestplate":1,"minecraft:yellow_bed":2,"minecraft:gunpowder":21,"minecraft:cobblestone_stairs":2,"grimoireofgaia:weapon_book_nightmare":1,"irons_spellbooks:rare_ink":2,"minecraft:red_carpet":2,"grimoireofgaia:quill":1,"minecraft:gray_carpet":8,"minecraft:rabbit_hide":1,"minecraft:iron_ingot":14,"croptopia:raspberry":1,"croptopia:turnip_seed":4,"minecraft:acacia_sapling":2,"minecraft:book":51,"minecraft:sculk_catalyst":2,"minecraft:oak_slab":2,"croptopia:cauliflower_seed":2,"minecraft:emerald_block":1,"minecraft:pumpkin":1,"croptopia:starfruit":4,"minecraft:stone_brick_slab":3,"minecraft:quartz":67,"minecraft:dripstone_block":48,"minecraft:blast_furnace":13,"minecraft:spider_eye":5,"evilcraft:dark_gem":45,"tombstone:magic_scroll":5,"minecraft:damaged_anvil":1,"minecraft:magenta_concrete":1,"minecraft:coal":102,"minecraft:sunflower":1},"minecraft:mined":{"minecraft:dark_oak_planks":13,"minecraft:black_terracotta":12,"croptopia:grape_crop":1,"minecraft:cherry_log":18,"minecraft:jungle_leaves":6,"minecraft:obsidian":4,"minecraft:granite":8,"minecraft:spawner":83,"minecraft:cobbled_deepslate":16,"minecraft:fire":33,"minecraft:pumpkin":1,"minecraft:stripped_dark_oak_wood":22,"minecraft:sculk_shrieker":1,"minecraft:cave_vines":10,"minecraft:oak_stairs":1,"minecraft:light_gray_concrete":8,"weaponmaster:workstation":7,"minecraft:stripped_mangrove_wood":3,"minecraft:tripwire":13,"croptopia:starfruit_crop":5,"minecraft:smoker":1,"minecraft:powder_snow":3,"croptopia:turnip_crop":1,"minecraft:torch":2,"minecraft:blast_furnace":13,"minecraft:dead_bush":1,"minecraft:bricks":7,"minecraft:sugar_cane":2,"minecraft:damaged_anvil":1,"croptopia:cauliflower_crop":1,"minecraft:lilac":2,"minecraft:grass":52,"minecraft:smooth_quartz":10,"minecraft:sandstone_wall":1,"minecraft:deepslate":212,"evilcraft:hardened_blood":4,"minecraft:mossy_cobblestone":5,"minecraft:dark_oak_log":131,"minecraft:dark_oak_fence":1,"minecraft:redstone_wire":2,"minecraft:moss_block":13,"minecraft:redstone_ore":2,"minecraft:packed_mud":5,"minecraft:acacia_wood":22,"croptopia:rhubarb_crop":1,"minecraft:cyan_concrete":6,"minecraft:cobblestone_slab":1,"croptopia:elderberry_crop":1,"minecraft:white_wool":12,"minecraft:ender_chest":1,"minecraft:birch_stairs":1,"minecraft:oak_slab":2,"minecraft:glass_pane":3,"minecraft:cherry_planks":13,"minecraft:stone_brick_slab":3,"minecraft:warped_roots":2,"minecraft:tall_grass":16,"minecraft:copper_ore":2,"croptopia:blackbean_crop":1,"minecraft:deepslate_gold_ore":8,"minecraft:diorite":4,"minecraft:warped_wart_block":3,"minecraft:black_stained_glass":3,"minecraft:birch_leaves":5,"additional_lights:fire_for_fire_pit_s":1,"croptopia:celery_crop":2,"minecraft:sunflower":1,"croptopia:blackberry_crop":1,"minecraft:gravel":46,"minecraft:dripstone_block":52,"minecraft:brown_terracotta":1,"minecraft:stone_bricks":8,"minecraft:fern":4,"additional_lights:al_torch_cobblestone":2,"croptopia:strawberry_crop":1,"minecraft:sculk_vein":1,"minecraft:orange_stained_glass":2,"minecraft:brewing_stand":2,"minecraft:cave_vines_plant":3,"minecraft:grass_block":12,"minecraft:mud_bricks":7,"minecraft:frosted_ice":3,"minecraft:iron_ore":39,"minecraft:dark_oak_stairs":2,"minecraft:pointed_dripstone":4,"minecraft:azalea":1,"minecraft:chiseled_quartz_block":6,"minecraft:clay":2,"minecraft:calcite":5,"minecraft:cobblestone":38,"minecraft:oak_planks":5,"minecraft:iron_door":2,"minecraft:wall_torch":4,"evilcraft:dark_ore_deepslate":8,"minecraft:birch_log":2,"minecraft:oak_log":107,"croptopia:salt_ore":21,"minecraft:sand":37,"minecraft:dirt":103,"minecraft:crimson_planks":6,"minecraft:netherrack":4,"minecraft:oak_leaves":10,"minecraft:emerald_block":2,"minecraft:crying_obsidian":1,"minecraft:tuff":39,"minecraft:dark_oak_leaves":2,"minecraft:deepslate_diamond_ore":1,"travelersbackpack:white_sleeping_bag":1,"minecraft:mangrove_trapdoor":2,"minecraft:hay_block":22,"minecraft:furnace":2,"evilcraft:dark_ore":2,"minecraft:gold_block":8,"minecraft:polished_deepslate":1,"minecraft:bookshelf":1,"minecraft:deepslate_iron_ore":20,"minecraft:stone":426,"minecraft:acacia_leaves":3,"travelersbackpack:standard":3,"minecraft:oak_fence":4,"minecraft:crafting_table":6,"minecraft:rose_bush":1,"minecraft:andesite_slab":1,"minecraft:sculk_sensor":3,"minecraft:lily_pad":1,"minecraft:sculk":57,"minecraft:blue_bed":1,"minecraft:sweet_berry_bush":1,"minecraft:mangrove_planks":1,"minecraft:yellow_bed":1,"croptopia:tomato_crop":1,"minecraft:mangrove_slab":2,"minecraft:coal_ore":56,"evilcraft:blood_stain":1,"minecraft:cherry_leaves":1,"minecraft:cyan_carpet":2,"minecraft:cracked_stone_bricks":8,"minecraft:mossy_stone_bricks":2},"minecraft:crafted":{"irons_spellbooks:holy_rune":1,"travelersbackpack:crafting_upgrade":1,"minecraft:chain":6,"evilcraft:hardened_blood_shard":18,"minecraft:birch_slab":6,"minecraft:diamond_shovel":1,"minecraft:bookshelf":1,"weaponmaster:workstation":1,"minecraft:glass":32,"evilcraft:blood_extractor":1,"evilcraft:potentia_sphere":1,"weaponmaster:weaponkit":2,"tombstone:book_of_magic_impregnation":1,"minecraft:cooked_porkchop":5,"minecraft:diamond_axe":1,"travelersbackpack:standard":2,"irons_spellbooks:priest_chestplate":1,"minecraft:smithing_table":1,"minecraft:lectern":1,"minecraft:iron_pickaxe":1,"minecraft:iron_block":3,"grimoireofgaia:quill":1,"minecraft:iron_nugget":18,"travelersbackpack:blank_upgrade":4,"travelersbackpack:gold_tier_upgrade":1,"travelersbackpack:white_sleeping_bag":2,"minecraft:stone_pickaxe":1,"minecraft:dark_oak_planks":172,"minecraft:wheat":72,"minecraft:wooden_axe":1,"evilcraft:inverted_potentia":1,"irons_spellbooks:inscription_table":1,"minecraft:oak_planks":428,"cataclysm:sticky_gloves":1,"irons_spellbooks:iron_spell_book":2,"minecraft:stone":55,"irons_spellbooks:divine_pearl":5,"irons_spellbooks:artificer_cane":2,"minecraft:iron_boots":1,"justhammers:diamond_hammer":2,"minecraft:chest":65,"minecraft:oak_slab":6,"travelersbackpack:iron_tier_upgrade":1,"minecraft:crafting_table":6,"minecraft:wooden_pickaxe":1,"minecraft:birch_planks":44,"rechiseled:chisel":1,"minecraft:iron_chestplate":1,"minecraft:paper":6,"minecraft:diamond_pickaxe":3,"evilcraft:spikey_claws":1,"minecraft:shield":4,"minecraft:birch_fence":3,"minecraft:stick":140,"minecraft:iron_ingot":13,"travelersbackpack:cow":1,"irons_spellbooks:magic_cloth":11,"minecraft:shears":1,"evilcraft:dark_spike":16,"minecraft:cherry_planks":72,"irons_spellbooks:scroll_forge":1,"minecraft:polished_deepslate":16,"minecraft:iron_axe":1,"travelersbackpack:diamond_tier_upgrade":1,"minecraft:cooked_beef":55,"travelersbackpack:backpack_tank":4,"tombstone:ankh_of_pray":1,"minecraft:bucket":2,"minecraft:stone_axe":1,"minecraft:bread":24,"minecraft:air":0,"tombstone:decorative_grave_cross":1,"tombstone:dark_marble":4,"minecraft:anvil":1,"minecraft:acacia_planks":80,"minecraft:torch":352},"minecraft:used":{"irons_spellbooks:inscription_table":1,"minecraft:moss_block":3,"minecraft:beetroot":3,"grimoireofgaia:fireshard":9,"minecraft:chest":63,"minecraft:stripped_dark_oak_wood":1,"evilcraft:bucket_blood":2,"minecraft:rabbit_stew":1,"minecraft:bow":2,"additional_lights:al_torch_cobblestone":2,"minecraft:diorite":1,"croptopia:tomato":1,"minecraft:wooden_pickaxe":10,"irons_spellbooks:tarnished_helmet":1,"minecraft:golden_apple":16,"minecraft:glow_berries":8,"minecraft:chiseled_quartz_block":6,"minecraft:diamond_sword":181,"minecraft:smithing_table":1,"croptopia:starfruit":4,"minecraft:torch":415,"minecraft:brewing_stand":2,"minecraft:anvil":1,"croptopia:raspberry":1,"tombstone:ankh_of_pray":10,"minecraft:iron_axe":95,"minecraft:diamond_chestplate":2,"tombstone:gift":8,"minecraft:acacia_wood":1,"minecraft:cobbled_deepslate":466,"minecraft:calcite":3,"croptopia:grape":1,"minecraft:water_bucket":85,"croptopia:celery":2,"minecraft:cherry_planks":40,"croptopia:rhubarb":1,"minecraft:cracked_stone_bricks":4,"minecraft:mossy_cobblestone":2,"minecraft:crafting_table":11,"justhammers:diamond_hammer":383,"minecraft:cake":1,"minecraft:diamond_pickaxe":1027,"minecraft:diamond_shovel":91,"minecraft:iron_pickaxe":99,"travelersbackpack:white_sleeping_bag":2,"croptopia:cauliflower":1,"minecraft:cobblestone":376,"minecraft:potion":1,"travelersbackpack:standard":13,"minecraft:porkchop":2,"minecraft:polished_deepslate":12,"minecraft:shield":162,"minecraft:iron_sword":237,"grimoireofgaia:soulfire":27,"minecraft:player_head":1,"travelersbackpack:pig":1,"minecraft:carrot":4,"minecraft:tuff":50,"minecraft:obsidian":12,"minecraft:bricks":7,"alexsmobs:lobster_tail":1,"minecraft:hay_block":1,"minecraft:skeleton_skull":2,"grimoireofgaia:meat":1,"travelersbackpack:cow":2,"minecraft:stone_pickaxe":115,"minecraft:oak_planks":12,"minecraft:ender_pearl":1,"tombstone:decorative_grave_cross":1,"minecraft:blue_bed":1,"minecraft:diamond_axe":330,"weaponmaster:wm_broadswordlarge":88,"minecraft:dripstone_block":2,"minecraft:black_terracotta":12,"minecraft:dark_oak_log":10,"grimoireofgaia:weapon_book_nightmare":1,"minecraft:bread":225,"minecraft:iron_door":1,"minecraft:gravel":4,"croptopia:blackberry":1,"grimoireofgaia:withered_brain":1,"minecraft:azalea":1,"minecraft:oak_fence":1,"croptopia:blackbean":1,"weaponmaster:workstation":9,"minecraft:dirt":5,"croptopia:elderberry":1,"minecraft:granite":10,"minecraft:wooden_axe":18,"minecraft:dark_oak_planks":98,"croptopia:strawberry":1,"minecraft:cooked_beef":45,"minecraft:apple":51,"evilcraft:spikey_claws":2,"irons_spellbooks:scroll_forge":1,"minecraft:stone_axe":84,"minecraft:bucket":98,"minecraft:yellow_bed":1,"minecraft:pumpkin_pie":1},"minecraft:killed_by":{"minecraft:player":1},"minecraft:broken":{"minecraft:diamond_helmet":1,"minecraft:shield":2,"minecraft:diamond_boots":1,"minecraft:stone_axe":1},"minecraft:custom":{"minecraft:interact_with_crafting_table":88,"minecraft:open_barrel":100,"minecraft:leave_game":8,"minecraft:time_since_death":170659,"minecraft:damage_blocked_by_shield":6672,"minecraft:play_time":812430,"minecraft:deaths":2,"minecraft:jump":9842,"minecraft:enchant_item":2,"minecraft:interact_with_furnace":40,"minecraft:sleep_in_bed":13,"minecraft:damage_dealt":36948,"tombstone:undead_killed":169,"minecraft:use_cauldron":2,"minecraft:interact_with_smithing_table":10,"minecraft:interact_with_anvil":10,"minecraft:sneak_time":64024,"minecraft:interact_with_lectern":3,"minecraft:interact_with_blast_furnace":3,"minecraft:total_world_time":812430,"tombstone:raider_killed":42,"minecraft:tune_noteblock":4,"tombstone:pray_on_grave":1,"minecraft:time_since_rest":163510,"tombstone:cast_on_ally":1,"minecraft:swim_one_cm":104751,"minecraft:fly_one_cm":2527937,"minecraft:open_chest":976,"minecraft:fall_one_cm":283201,"minecraft:sprint_one_cm":2194172,"minecraft:drop":317,"minecraft:talked_to_villager":2,"minecraft:walk_on_water_one_cm":104488,"minecraft:interact_with_loom":1,"minecraft:crouch_one_cm":254074,"minecraft:mob_kills":382,"minecraft:fill_cauldron":1,"minecraft:damage_dealt_resisted":1808,"minecraft:climb_one_cm":54720,"minecraft:walk_one_cm":2325407,"minecraft:walk_under_water_one_cm":51710,"minecraft:damage_taken":17771,"minecraft:damage_absorbed":445,"minecraft:trigger_trapped_chest":9},"minecraft:dropped":{"minecraft:iron_sword":1,"minecraft:acacia_wood":33,"minecraft:lapis_lazuli":28,"minecraft:cooked_beef":1,"minecraft:glass_bottle":6,"minecraft:diamond":28,"irons_spellbooks:fireward_ring":1,"minecraft:cracked_stone_bricks":4,"minecraft:saddle":1,"weaponmaster:wm_broadsword":1,"minecraft:red_carpet":2,"minecraft:item_frame":1,"minecraft:emerald":14,"minecraft:dirt":5,"minecraft:packed_mud":2,"minecraft:dark_oak_fence":2,"minecraft:gold_nugget":12,"minecraft:sugar":3,"minecraft:iron_pickaxe":1,"minecraft:dark_oak_planks":3,"minecraft:mangrove_slab":3,"minecraft:cyan_carpet":8,"minecraft:bone":41,"minecraft:note_block":2,"minecraft:waxed_cut_copper_stairs":2,"minecraft:compass":1,"minecraft:lever":1,"minecraft:iron_nugget":33,"minecraft:cobbled_deepslate":21,"alexsmobs:animal_dictionary":1,"minecraft:birch_sapling":2,"minecraft:wheat":24,"minecraft:obsidian":5,"minecraft:rotten_flesh":64,"minecraft:oak_planks":4,"weaponmaster:taglockkit":2,"weaponmaster:weaponkit":1,"minecraft:azalea_leaves":2,"minecraft:acacia_sapling":2,"minecraft:leather_leggings":1,"minecraft:glass":8,"grimoireofgaia:meat":4,"minecraft:iron_ingot":7,"minecraft:wheat_seeds":3,"minecraft:mangrove_trapdoor":2,"minecraft:dripstone_block":7,"minecraft:feather":14,"minecraft:oak_fence":2,"minecraft:iron_helmet":2,"minecraft:cobblestone":122,"minecraft:book":4,"minecraft:granite":10,"minecraft:coal":14,"minecraft:golden_apple":6,"grimoireofgaia:rotten_heart":4,"minecraft:diamond_horse_armor":1,"minecraft:wooden_axe":1,"minecraft:rose_bush":2,"grimoireofgaia:taproot":1,"minecraft:cherry_planks":10,"minecraft:diamond_helmet":1,"minecraft:potion":2,"minecraft:oak_stairs":5,"minecraft:pumpkin":1,"minecraft:string":2,"minecraft:acacia_planks":4,"minecraft:gray_carpet":8,"minecraft:beetroot_soup":2,"minecraft:furnace":2,"minecraft:stone_sword":1,"minecraft:bowl":1,"minecraft:chicken":1,"croptopia:raspberry_seed":1,"additional_lights:fire_for_fire_pit_s":3,"minecraft:iron_boots":1,"grimoireofgaia:quill":1,"minecraft:blast_furnace":13,"minecraft:cobblestone_slab":1,"minecraft:diamond_pickaxe":1,"minecraft:light_blue_carpet":6,"minecraft:spider_eye":2,"minecraft:stone_bricks":5,"croptopia:tomatillo_seed":1,"irons_spellbooks:iron_spell_book":1,"minecraft:blue_orchid":3,"minecraft:brown_mushroom":1,"irons_spellbooks:artificer_cane":1,"grimoireofgaia:withered_brain":3,"minecraft:lantern":1,"minecraft:leather":4,"minecraft:iron_horse_armor":1,"minecraft:mangrove_planks":2,"croptopia:chile_pepper_seed":2,"croptopia:salt":8,"minecraft:flint":4,"croptopia:tomato_seed":1,"minecraft:mutton":1,"minecraft:seagrass":2,"minecraft:gold_ingot":1,"minecraft:gravel":5,"minecraft:pointed_dripstone":36,"minecraft:beetroot":2,"minecraft:carrot":3,"patchouli:guide_book":1,"minecraft:chainmail_chestplate":1,"minecraft:sandstone_wall":1,"minecraft:poppy":1,"minecraft:leather_chestplate":3,"minecraft:turtle_helmet":2,"minecraft:gunpowder":5,"minecraft:birch_door":2,"rechiseled:chisel":1,"minecraft:arrow":8,"minecraft:splash_potion":2,"minecraft:netherrack":2,"minecraft:bread":3,"justhammers:diamond_hammer":1,"minecraft:oak_slab":2,"grimoireofgaia:emerald_shard":2,"croptopia:turnip_seed":4,"minecraft:lilac":1,"minecraft:mossy_cobblestone":15,"weaponmaster:tutorialbook":1,"minecraft:diamond_leggings":1,"bossominium:the_bossdexium":1,"tombstone:ankh_of_pray":2,"minecraft:stick":4,"irons_spellbooks:scroll":1,"minecraft:smooth_quartz":9,"minecraft:iron_door":1,"minecraft:iron_leggings":1,"minecraft:iron_axe":1,"minecraft:bucket":4,"minecraft:redstone":37,"minecraft:sweet_berries":3,"weaponmaster:wm_broadswordlarge":1,"minecraft:filled_map":2,"minecraft:shield":1,"alexsmobs:lobster_tail":2,"minecraft:diamond_chestplate":1,"minecraft:iron_chestplate":1,"minecraft:mossy_stone_bricks":13,"minecraft:oak_sapling":1,"minecraft:slime_ball":4,"minecraft:stone_pickaxe":1,"minecraft:wooden_pickaxe":1,"minecraft:raw_gold":7,"minecraft:calcite":2}},"DataVersion":3465}