{"stats":{"minecraft:killed_by":{"minecraft:player":4},"minecraft:crafted":{"minecraft:smooth_stone":3,"minecraft:oak_planks":28,"epicsamurai:silver_ingot":17,"irons_spellbooks:iron_spell_book":1,"minecraft:birch_slab":6,"travelersbackpack:bat":2,"minecraft:cooked_mutton":15,"epicsamurai:red_samurai_chestplate":1,"minecraft:glass":13,"evilcraft:blood_extractor":1,"justhammers:diamond_hammer":1,"minecraft:chest":54,"minecraft:emerald":9,"minecraft:cooked_porkchop":9,"minecraft:crafting_table":7,"minecraft:wooden_pickaxe":1,"minecraft:smithing_table":1,"epicsamurai:kitsune_mask":1,"additional_lights:fire_for_standing_torch_s":40,"minecraft:birch_planks":544,"minecraft:book":1,"minecraft:shield":4,"minecraft:birch_fence":3,"minecraft:stick":84,"minecraft:iron_ingot":118,"minecraft:iron_pickaxe":2,"minecraft:iron_block":1,"minecraft:gold_ingot":33,"epicsamurai:iron_ninja_chestplate":1,"epicsamurai:ninja_leggings":1,"epicsamurai:red_samurai_leggings_master":1,"evilcraft:dark_spike":16,"minecraft:oak_door":3,"epicsamurai:katana":1,"minecraft:raw_iron":9,"minecraft:iron_nugget":9,"minecraftdungeonsv1:reinforced_iron_pickaxe":2,"epicsamurai:iron_samurai_chestplate":1,"minecraft:furnace":10,"minecraft:blast_furnace":1,"minecraftdungeonsv1:mace":1,"travelersbackpack:blank_upgrade":4,"epicsamurai:iron_samurai_leggings":1,"minecraftdungeonsv1:cutlass":1,"minecraft:iron_hoe":1,"minecraft:stone_pickaxe":1,"minecraft:dark_oak_planks":4,"epicsamurai:red_samurai_boots_master":1,"minecraft:wheat":27,"minecraft:cooked_beef":32,"epicsamurai:katana_handle":1,"travelersbackpack:backpack_tank":2,"minecraft:iron_sword":1,"epicsamurai:iron_ninja_boots":1,"epicsamurai:cloth":12,"minecraft:stone_axe":1,"minecraft:air":0,"epicsamurai:red_samurai_helmet_light":1,"minecraft:gold_nugget":9,"minecraftdungeonsv1:reinforced_iron_sword":1,"minecraft:wooden_axe":1,"minecraft:iron_shovel":1,"minecraft:white_bed":1,"irons_spellbooks:inscription_table":1,"epicsamurai:steel_ingot":19,"minecraft:torch":164,"epicsamurai:iron_samurai_boots":1},"minecraft:killed":{"minecraft:cave_spider":1,"minecraft:witch":5,"minecraft:spider":3,"minecraft:skeleton":29,"grimoireofgaia:mimic":1,"minecraft:chicken":1,"minecraft:silverfish":2,"irons_spellbooks:archevoker":1,"grimoireofgaia:flesh_lich":4,"epicsamurai:enenra":1,"grimoireofgaia:spriggan":1,"minecraft:pig":7,"grimoireofgaia:bone_knight":1,"epicsamurai:kitsune":1,"epicsamurai:jorogumo":2,"irons_spellbooks:necromancer":1,"minecraft:creeper":1,"minecraft:sheep":10,"minecraft:pillager":16,"minecraft:zombie":15,"grimoireofgaia:deathword":1,"grimoireofgaia:harpy":1,"minecraft:cow":26,"minecraft:vex":2,"minecraft:vindicator":5,"epicsamurai:onibi":4,"minecraft:phantom":10,"alexsmobs:rocky_roller":1,"grimoireofgaia:dullahan":1,"grimoireofgaia:arachne":1,"grimoireofgaia:werecat":4},"minecraft:picked_up":{"minecraft:wooden_axe":1,"irons_spellbooks:scroll":3,"epicsamurai:iron_ninja_boots":1,"minecraft:wheat":2,"travelersbackpack:bat":1,"epicsamurai:steel_ingot":1,"croptopia:tomatillo_seed":2,"minecraft:brown_bed":1,"minecraft:enchanted_book":1,"minecraft:amethyst_block":9,"minecraft:string":22,"minecraft:raw_copper":11,"minecraft:beetroot":1,"irons_spellbooks:arcane_essence":13,"minecraft:gold_nugget":7,"minecraft:cobbled_deepslate":254,"minecraft:spruce_planks":2,"minecraft:calcite":2,"irons_spellbooks:inscription_table":2,"minecraft:furnace":8,"minecraft:iron_boots":1,"minecraft:stick":10,"minecraft:oak_fence":11,"minecraft:torch":38,"croptopia:blackberry_seed":6,"travelersbackpack:iron_tier_upgrade":2,"epicsamurai:iron_samurai_boots_light":1,"minecraft:porkchop":17,"tombstone:grave_dust":9,"minecraft:diorite":17,"minecraft:rotten_flesh":19,"epicsamurai:iron_samurai_chestplate_light":1,"croptopia:raspberry_seed":1,"croptopia:elderberry":2,"minecraft:iron_bars":4,"minecraft:cobblestone":3142,"croptopia:cauliflower":1,"minecraft:birch_log":136,"minecraft:cooked_beef":4,"minecraft:feather":4,"minecraft:lilac":1,"croptopia:nectarine":6,"minecraft:andesite":147,"minecraft:brown_wool":1,"minecraft:potato":4,"minecraft:flint":10,"additional_lights:fire_for_standing_torch_s":1,"minecraft:tuff":23,"evilcraft:flesh_humanoid":3,"alexsmobs:cooked_kangaroo_meat":1,"alexsmobs:rocky_shell":1,"croptopia:celery":1,"minecraft:lapis_lazuli":29,"minecraft:dirt":96,"minecraft:bone":40,"minecraft:bow":1,"minecraft:wheat_seeds":11,"minecraft:raw_gold":34,"croptopia:bellpepper":2,"minecraft:mossy_stone_bricks":3,"epicsamurai:raw_silver":17,"minecraft:oak_planks":18,"grimoireofgaia:box_overworld":1,"croptopia:blackberry":3,"croptopia:celery_seed":2,"minecraft:sand":1,"epicsamurai:tanuki_statue":1,"minecraft:bundle":4,"minecraft:polished_andesite":26,"minecraft:sugar":3,"minecraft:diamond":34,"minecraft:granite":16,"epicsamurai:iron_samurai_leggings_light":1,"minecraft:crossbow":1,"epicsamurai:jorogumo_eye":3,"epicsamurai:komainu_statue":1,"minecraft:emerald":29,"alexsmobs:maggot":1,"epicsamurai:ruby":14,"minecraft:oak_sapling":4,"minecraft:netherrack":1,"minecraft:dark_oak_fence":10,"minecraft:bricks":5,"minecraft:andesite_slab":1,"minecraft:crafting_table":13,"minecraft:chicken":1,"minecraft:ladder":3,"minecraft:wooden_pickaxe":1,"minecraft:stone_brick_wall":1,"minecraft:chain":3,"epicsamurai:jade":15,"croptopia:bellpepper_seed":2,"minecraft:birch_fence":1,"croptopia:tomatillo":1,"minecraft:beef":41,"minecraft:iron_nugget":12,"minecraft:poppy":3,"bossominium:vex_wing":2,"minecraft:sugar_cane":20,"minecraft:chest":6,"minecraft:birch_sapling":7,"minecraft:phantom_membrane":6,"minecraft:raw_iron":168,"minecraft:stone":3,"grimoireofgaia:meat":1,"minecraft:carrot":1,"minecraft:redstone":4,"croptopia:strawberry":1,"travelersbackpack:sponge":1,"irons_spellbooks:evocation_rune":1,"minecraft:arrow":77,"epicsamurai:ninja_leggings":1,"croptopia:strawberry_seed":1,"minecraft:beetroot_seeds":4,"minecraft:hay_block":3,"minecraft:saddle":1,"epicsamurai:spirit_stone_base":2,"minecraft:mutton":15,"minecraft:skeleton_skull":1,"minecraft:white_wool":6,"epicsamurai:kitsune_tail":1,"epicsamurai:kitsune_hide":2,"minecraft:stripped_oak_log":1,"minecraft:glow_ink_sac":9,"minecraft:leather":32,"croptopia:glowing_calamari":4,"minecraft:birch_planks":1,"croptopia:tea_leaves":1,"minecraft:oak_log":34,"minecraft:cobblestone_wall":3,"minecraft:gunpowder":5,"epicsamurai:iron_ninja_chestplate":1,"minecraft:paper":2,"minecraft:white_banner":5,"minecraft:stone_bricks":2,"minecraft:iron_ingot":9,"croptopia:raspberry":1,"tombstone:bag_of_seeds":1,"minecraft:glass_bottle":2,"croptopia:elderberry_seed":3,"epicsamurai:aquamarine":10,"minecraft:book":1,"croptopia:cauliflower_seed":5,"minecraft:smooth_basalt":1,"epicsamurai:katana":1,"minecraft:dark_oak_slab":1,"minecraft:emerald_block":1,"minecraft:chiseled_stone_bricks":8,"minecraft:stone_brick_slab":1,"minecraft:raw_iron_block":1,"minecraft:dripstone_block":8,"minecraft:gravel":96,"minecraft:amethyst_shard":16,"minecraft:spruce_sapling":6,"minecraft:blast_furnace":1,"croptopia:tea_seed":2,"minecraft:white_bed":1,"minecraft:spruce_door":1,"minecraft:spider_eye":2,"minecraft:iron_helmet":1,"evilcraft:dark_gem":99,"minecraft:gray_wool":2,"minecraft:terracotta":52,"minecraft:stripped_dark_oak_log":1,"minecraft:coal":386},"minecraft:custom":{"minecraft:interact_with_crafting_table":100,"minecraft:open_barrel":35,"minecraft:leave_game":5,"minecraft:time_since_death":81447,"minecraft:sprint_one_cm":806343,"minecraft:damage_blocked_by_shield":10622,"minecraft:drop":127,"minecraft:play_time":453106,"minecraft:deaths":26,"minecraft:jump":4717,"minecraft:walk_on_water_one_cm":39503,"minecraft:interact_with_furnace":202,"minecraft:interact_with_loom":4,"minecraft:sleep_in_bed":4,"tombstone:sneak_grave":5,"minecraft:damage_dealt":40542,"minecraft:player_kills":5,"minecraft:crouch_one_cm":103838,"tombstone:undead_killed":60,"minecraft:horse_one_cm":35870,"minecraft:interact_with_smithing_table":3,"minecraft:mob_kills":166,"minecraft:damage_dealt_resisted":317,"minecraft:climb_one_cm":24808,"minecraft:walk_one_cm":1416450,"minecraft:sneak_time":29889,"minecraft:walk_under_water_one_cm":8896,"minecraft:interact_with_lectern":1,"minecraft:interact_with_blast_furnace":36,"minecraft:total_world_time":453106,"tombstone:raider_killed":36,"minecraft:raid_trigger":1,"minecraft:time_since_rest":80972,"minecraft:damage_taken":17605,"minecraft:damage_absorbed":116,"tombstone:cast_on_ally":1,"minecraft:swim_one_cm":3526,"minecraft:fly_one_cm":636820,"minecraft:open_chest":133,"minecraft:fall_one_cm":140509},"minecraft:dropped":{"minecraft:birch_planks":15,"minecraft:porkchop":8,"minecraft:lapis_lazuli":1,"minecraft:cooked_beef":4,"epicsamurai:iron_samurai_chestplate_light":1,"croptopia:elderberry_seed":3,"minecraft:leather":3,"travelersbackpack:iron_tier_upgrade":1,"minecraftdungeonsv1:reinforced_iron_sword":1,"minecraft:birch_slab":3,"minecraft:flint":5,"minecraft:dirt":12,"tombstone:bag_of_seeds":1,"minecraft:birch_fence":1,"epicsamurai:iron_samurai_boots":1,"minecraft:oak_door":2,"minecraft:gravel":3,"minecraft:stone_axe":1,"minecraft:iron_nugget":11,"alexsmobs:animal_dictionary":1,"minecraft:cobbled_deepslate":3,"epicsamurai:iron_samurai_boots_light":1,"minecraft:andesite_slab":1,"minecraft:birch_sapling":1,"epicsamurai:katana":1,"croptopia:bellpepper":1,"croptopia:strawberry_seed":1,"travelersbackpack:bat":1,"travelersbackpack:sponge":1,"evilcraft:flesh_humanoid":2,"patchouli:guide_book":1,"minecraft:ladder":4,"minecraft:iron_bars":4,"minecraft:arrow":8,"croptopia:tea_seed":2,"epicsamurai:iron_samurai_chestplate":1,"justhammers:diamond_hammer":1,"minecraft:iron_ingot":37,"minecraft:bread":10,"minecraft:wheat_seeds":5,"minecraft:oak_fence":4,"minecraft:cobblestone":8,"minecraft:granite":7,"minecraft:spruce_door":1,"bossominium:the_bossdexium":1,"croptopia:celery_seed":2,"minecraft:torch":72,"minecraft:wooden_axe":2,"travelersbackpack:blank_upgrade":4,"croptopia:cauliflower_seed":4,"minecraft:spruce_sapling":6,"minecraft:stone_brick_slab":1,"alexsmobs:maggot":1,"minecraft:tuff":6,"croptopia:blackberry_seed":4,"epicsamurai:ninja_leggings":2,"croptopia:raspberry_seed":1,"minecraft:iron_boots":1,"epicsamurai:iron_ninja_chestplate":2,"epicsamurai:iron_ninja_boots":2,"alexsmobs:cooked_kangaroo_meat":1,"minecraft:copper_ore":1,"minecraftdungeonsv1:cutlass":1,"minecraft:spruce_planks":1,"epicsamurai:iron_samurai_leggings":1,"minecraft:brown_bed":1,"croptopia:tea_leaves":1,"minecraft:stone_bricks":1,"croptopia:tomatillo_seed":2,"minecraft:bow":1,"minecraft:wooden_pickaxe":2,"epicsamurai:iron_samurai_leggings_light":1,"minecraft:terracotta":3},"minecraft:broken":{"minecraftdungeonsv1:reinforced_iron_pickaxe":1,"minecraft:shield":3,"minecraft:iron_pickaxe":1,"minecraft:iron_helmet":1},"minecraft:used":{"minecraft:iron_shovel":97,"minecraft:chest":53,"minecraft:shield":145,"minecraftdungeonsv1:mace":142,"minecraft:rotten_flesh":24,"minecraft:carrot":2,"minecraft:tuff":17,"minecraft:bricks":3,"minecraft:birch_sapling":2,"minecraft:dark_oak_slab":1,"minecraft:furnace":15,"grimoireofgaia:meat":1,"minecraft:diorite":17,"minecraft:oak_planks":3,"minecraft:stone_pickaxe":78,"minecraft:wooden_pickaxe":30,"tombstone:scroll_of_true_sight":2,"minecraft:golden_apple":3,"alexscaves:cave_book":1,"minecraft:blast_furnace":2,"minecraft:crossbow":23,"minecraft:stone_brick_wall":1,"minecraft:dripstone_block":8,"minecraft:birch_fence":1,"croptopia:nectarine":6,"minecraft:bread":81,"croptopia:tomatillo":1,"minecraft:gravel":2,"croptopia:blackberry":3,"minecraft:dark_oak_fence":10,"minecraft:smithing_table":1,"minecraft:andesite":32,"minecraftdungeonsv1:cutlass":4,"croptopia:glowing_calamari":4,"travelersbackpack:bat":8,"epicsamurai:komainu_statue":1,"minecraft:oak_door":1,"minecraft:torch":177,"minecraft:dirt":33,"croptopia:elderberry":2,"minecraft:cobblestone_wall":3,"alexsmobs:cooked_kangaroo_meat":9,"croptopia:raspberry":1,"minecraft:granite":6,"minecraftdungeonsv1:reinforced_iron_pickaxe":855,"minecraft:iron_hoe":86,"minecraft:dark_oak_planks":4,"minecraft:wooden_axe":30,"minecraft:iron_axe":158,"evilcraft:flesh_humanoid":1,"minecraft:smooth_basalt":1,"minecraft:beef":5,"minecraftdungeonsv1:reinforced_iron_sword":14,"tombstone:gift":14,"croptopia:strawberry":1,"minecraft:cooked_beef":32,"minecraft:cobbled_deepslate":217,"minecraft:cooked_mutton":15,"croptopia:celery":1,"minecraft:birch_planks":10,"minecraft:polished_andesite":26,"minecraft:terracotta":49,"justhammers:diamond_hammer":436,"minecraft:crafting_table":18,"minecraft:white_bed":2,"epicsamurai:tanuki_statue":1,"minecraft:oak_log":28,"minecraft:apple":1,"minecraft:iron_pickaxe":311,"minecraft:stone_axe":31,"croptopia:cauliflower":1,"epicsamurai:katana":542,"additional_lights:fire_for_standing_torch_s":41,"minecraft:cobblestone":186,"minecraft:cooked_porkchop":2,"alexsmobs:animal_dictionary":1,"tombstone:scroll_of_unstable_intangibility":1,"irons_spellbooks:inscription_table":3},"minecraft:mined":{"minecraft:white_bed":1,"croptopia:strawberry_crop":1,"minecraft:sculk_vein":2,"minecraft:granite":13,"minecraft:stone_brick_wall":1,"epicsamurai:silver_ore":1,"minecraft:grass_block":32,"minecraft:spawner":3,"epicsamurai:deepslate_jade_ore":8,"minecraft:raw_iron_block":1,"minecraft:sculk_catalyst":2,"minecraft:iron_ore":116,"croptopia:tea_crop":1,"minecraft:cobbled_deepslate":39,"minecraft:fire":49,"minecraft:brown_bed":1,"minecraft:sculk_shrieker":1,"epicsamurai:deepslate_silver_ore":17,"minecraft:iron_bars":2,"epicsamurai:spirit_stone_base":3,"minecraft:amethyst_cluster":8,"minecraft:torch":32,"minecraft:calcite":1,"minecraft:poppy":1,"minecraft:chest":6,"croptopia:raspberry_crop":1,"epicsamurai:komainu_statue":1,"minecraft:cobblestone":36,"minecraft:oak_planks":18,"minecraft:sugar_cane":6,"minecraft:bricks":5,"minecraft:wall_torch":1,"minecraft:amethyst_block":3,"minecraft:skeleton_skull":1,"minecraft:chain":3,"croptopia:nectarine_crop":6,"minecraft:dark_oak_slab":1,"croptopia:cauliflower_crop":1,"evilcraft:dark_ore_deepslate":17,"minecraft:birch_log":130,"minecraft:wheat":2,"croptopia:tomatillo_crop":1,"minecraft:grass":7,"minecraft:oak_log":32,"minecraft:beetroots":1,"minecraft:sand":1,"minecraft:dirt":48,"minecraft:smooth_basalt":1,"minecraft:deepslate":219,"minecraft:netherrack":1,"minecraft:oak_leaves":50,"minecraft:emerald_block":1,"minecraft:diamond_ore":16,"minecraft:tuff":21,"minecraft:deepslate_diamond_ore":18,"minecraft:dark_oak_fence":10,"epicsamurai:deepslate_ruby_ore":12,"minecraft:spruce_leaves":7,"minecraft:hay_block":4,"travelersbackpack:bat":1,"minecraft:furnace":8,"minecraft:andesite":44,"minecraft:deepslate_iron_ore":27,"minecraft:vine":1,"croptopia:elderberry_crop":2,"irons_spellbooks:inscription_table":2,"minecraft:stone":273,"epicsamurai:jade_ore":7,"minecraft:stripped_dark_oak_log":1,"minecraft:stone_brick_slab":1,"epicsamurai:deepslate_aquamarine_ore":10,"minecraft:oak_fence":6,"minecraft:crafting_table":10,"minecraft:emerald_ore":10,"minecraft:rose_bush":1,"minecraft:andesite_slab":1,"minecraft:sculk_sensor":16,"minecraft:copper_ore":1,"minecraft:deepslate_gold_ore":13,"minecraft:sculk":26,"minecraft:diorite":19,"minecraft:cobblestone_wall":4,"additional_lights:fire_for_standing_torch_s":1,"minecraft:birch_leaves":62,"minecraft:coal_ore":146,"croptopia:celery_crop":1,"evilcraft:blood_stain":1,"croptopia:blackberry_crop":3,"minecraft:gravel":51,"minecraft:dripstone_block":1,"minecraft:cobweb":4,"minecraft:terracotta":47,"minecraft:polished_andesite":28,"minecraft:stone_bricks":1,"minecraft:mossy_stone_bricks":2,"minecraft:gold_ore":14}},"DataVersion":3465}