{"stats":{"minecraft:killed_by":{"minecraft:drowned":1},"minecraft:picked_up":{"irons_spellbooks:scroll":1,"minecraft:crafting_table":8,"minecraft:coarse_dirt":1,"alexscaves:waste_drum":4,"minecraft:wheat":5,"minecraft:enchanted_book":1,"minecraft:stone_brick_stairs":1,"minecraft:shield":1,"alexsmobs:gazelle_horn":1,"croptopia:saguaro_seed":1,"minecraft:moss_carpet":1,"minecraft:raw_copper":52,"minecraft:iron_axe":2,"alexscaves:acidic_radrock":1,"minecraft:cracked_stone_bricks":1,"irons_spellbooks:arcane_essence":19,"minecraft:red_sand":1,"minecraft:iron_nugget":5,"dynamictrees:oak_seed":5,"irons_spellbooks:blank_rune":1,"minecraft:melon_slice":69,"minecraft:coal_block":7,"minecraft:chest":1,"irons_spellbooks:inscription_table":2,"minecraft:stick":147,"minecraft:raw_iron":27,"grimoireofgaia:meat":2,"minecraft:raw_gold_block":9,"minecraft:torch":3,"minecraft:cherry_log":35,"tombstone:grave_dust":3,"irons_spellbooks:fire_rune":1,"minecraft:dark_oak_planks":23,"minecraft:arrow":21,"minecraft:cactus":4,"minecraft:rotten_flesh":5,"upgrade_aquatic:driftwood_log":1,"minecraft:hay_block":16,"minecraft:mutton":2,"minecraft:cobblestone":1694,"paraglider:paraglider":4,"minecraft:birch_log":22,"minecraft:pink_petals":21,"minecraft:andesite":80,"alexscaves:rusty_rebar":1,"minecraft:oak_log":17,"evilcraft:flesh_humanoid":3,"minecraft:gunpowder":4,"minecraft:dirt":158,"irons_spellbooks:rare_ink":2,"minecraft:orange_terracotta":10,"minecraft:bone":12,"irons_spellbooks:iron_spell_book":1,"minecraft:stone_bricks":1,"minecraft:wheat_seeds":10,"alexscaves:radrock":123,"dynamictrees:birch_seed":7,"minecraft:stone_pickaxe":1,"minecraft:gray_bed":1,"minecraft:oxidized_cut_copper":1,"minecraft:oak_planks":35,"minecraft:book":63,"irons_spellbooks:legendary_ink":1,"alexscaves:uranium":44,"minecraft:gravel":1,"minecraft:amethyst_shard":4,"minecraft:stripped_spruce_log":2,"minecraft:spruce_log":3,"alexscaves:metal_rebar":1,"minecraft:light_gray_terracotta":1,"waystones:waystone":1,"evilcraft:dark_gem":13,"alexsmobs:tarantula_hawk_wing_fragment":1,"minecraft:crossbow":1,"minecraft:granite":20,"dynamictrees:cherry_seed":23,"minecraft:emerald":6,"minecraft:terracotta":18,"minecraft:dark_oak_fence":2,"minecraft:coal":39,"atlantis:aquamarine_gem":62,"minecraft:ender_pearl":2},"minecraft:killed":{"minecraft:witch":1,"alexsmobs:tarantula_hawk":2,"irons_spellbooks:pyromancer":1,"minecraft:vindicator":1,"endermanoverhaul:scarab":3,"minecraft:skeleton":1,"endermanoverhaul:desert_enderman":1,"minecraft:drowned":1,"grimoireofgaia:gravemite":1,"endermanoverhaul:badlands_enderman":1,"minecraft:husk":2,"grimoireofgaia:mummy":1,"minecraft:pillager":10,"minecraft:zombie":10,"alexsmobs:gazelle":1,"grimoireofgaia:harpy":1,"grimoireofgaia:werecat":2},"minecraft:used":{"minecraft:chest":17,"minecraft:shield":33,"minecraft:rotten_flesh":5,"minecraft:oxidized_cut_copper":1,"minecraft:torch":77,"atlantis:aquamarine_helmet":1,"minecraft:dirt":4,"minecraft:granite":19,"alexscaves:waste_drum":2,"minecraft:dark_oak_planks":21,"alexscaves:acidic_radrock":1,"minecraft:iron_axe":105,"tombstone:gift":4,"atlantis:shovel_aquamarine":176,"minecraft:cherry_log":19,"minecraft:orange_terracotta":8,"minecraft:cooked_mutton":14,"minecraft:stone_pickaxe":119,"minecraft:oak_planks":11,"minecraft:wooden_pickaxe":11,"atlantis:sword_aquamarine":173,"minecraft:terracotta":17,"tombstone:scroll_of_feather_fall":1,"minecraft:crafting_table":15,"minecraft:crossbow":13,"minecraft:cod":3,"justhammers:iron_hammer":204,"minecraft:apple":3,"alexscaves:slam":3,"minecraft:bread":11,"minecraft:melon_slice":73,"minecraft:iron_pickaxe":485,"minecraft:gravel":1,"minecraft:cobblestone":84,"minecraft:cooked_rabbit":4,"alexsmobs:animal_dictionary":2,"alexscaves:radrock":59,"irons_spellbooks:inscription_table":1},"minecraft:mined":{"minecraft:dark_oak_planks":20,"alexscaves:acidic_radrock":1,"alexscaves:radrock":123,"minecraft:cherry_log":5,"alexscaves:metal_rebar":1,"minecraft:granite":20,"minecraft:red_sand":1,"minecraft:grass_block":46,"minecraft:decorated_pot":1,"minecraft:coal_block":7,"minecraft:spruce_leaves":1,"minecraft:moss_block":2,"alexscaves:rusty_rebar":1,"minecraft:hay_block":16,"alexscaves:radrock_uranium_ore":22,"minecraft:oxidized_cut_copper":2,"minecraft:raw_gold_block":9,"minecraft:iron_ore":27,"minecraft:chiseled_sandstone":2,"dynamictrees:cherry_leaves":2,"minecraft:stripped_spruce_log":2,"evilcraft:dark_ore":3,"minecraft:dark_oak_stairs":1,"minecraft:bookshelf":21,"alexscaves:underweed":1,"minecraft:smooth_sandstone_stairs":2,"irons_spellbooks:inscription_table":2,"minecraft:stone":230,"minecraft:acacia_leaves":3,"minecraft:orange_terracotta":13,"minecraft:amethyst_cluster":1,"minecraft:smooth_sandstone":2,"minecraft:crafting_table":8,"minecraft:torch":1,"minecraft:light_gray_terracotta":1,"minecraft:oxidized_copper":1,"minecraft:melon":15,"minecraft:chest":1,"minecraft:dead_bush":7,"minecraft:tall_grass":3,"minecraft:cobblestone":32,"alexscaves:rusty_scaffolding":1,"minecraft:lapis_ore":1,"minecraft:wall_torch":2,"minecraft:pink_petals":1,"minecraft:cactus":3,"minecraft:coarse_dirt":1,"minecraft:mud":3,"minecraft:wheat":5,"minecraft:spruce_log":3,"minecraft:gray_bed":1,"alexscaves:waste_drum":2,"atlantis:aquamarine_ore":55,"minecraft:stone_brick_stairs":2,"minecraft:grass":3,"minecraft:coal_ore":5,"minecraft:gravel":1,"minecraft:dirt":126,"minecraft:sand":1,"minecraft:cracked_stone_bricks":6,"minecraft:terracotta":23,"upgrade_aquatic:driftwood_log":1,"minecraft:polished_andesite":1,"minecraft:stone_bricks":5,"minecraft:oak_leaves":3},"minecraft:broken":{"minecraft:iron_pickaxe":1},"minecraft:dropped":{"minecraft:enchanted_book":1,"minecraft:stripped_spruce_log":2,"minecraft:crossbow":1,"alexscaves:rusty_rebar":1,"minecraft:stick":2,"minecraft:dark_oak_fence":2,"minecraft:mutton":2,"minecraft:gray_bed":1,"tombstone:grave_dust":2,"irons_spellbooks:arcane_essence":16,"minecraft:iron_axe":2,"dynamictrees:cherry_seed":3,"paraglider:paraglider":4,"minecraft:dark_oak_planks":10,"minecraft:bone":18,"upgrade_aquatic:driftwood_log":1,"minecraft:iron_nugget":3,"alexscaves:waste_drum":2,"irons_spellbooks:blank_rune":1,"alexscaves:uranium":22,"alexsmobs:gazelle_horn":1,"dynamictrees:oak_seed":2,"minecraft:coarse_dirt":1,"minecraft:light_gray_terracotta":1,"alexscaves:radrock":16,"minecraft:raw_iron":5,"minecraft:oak_planks":42,"croptopia:saguaro_seed":1,"justhammers:iron_hammer":2,"evilcraft:flesh_humanoid":3,"alexscaves:metal_rebar":1,"minecraft:shield":1,"minecraft:orange_terracotta":2,"alexscaves:spelunkie":1,"minecraft:spruce_log":3,"minecraft:arrow":10,"minecraft:red_sand":1,"minecraft:raw_gold":4,"minecraft:stone_pickaxe":1,"minecraft:wooden_pickaxe":1,"minecraft:terracotta":1},"minecraft:custom":{"minecraft:mob_kills":40,"minecraft:interact_with_crafting_table":29,"minecraft:open_barrel":51,"minecraft:leave_game":7,"minecraft:time_since_death":18894,"minecraft:climb_one_cm":20583,"minecraft:sprint_one_cm":404936,"minecraft:walk_one_cm":547777,"minecraft:damage_blocked_by_shield":1592,"minecraft:drop":60,"minecraft:play_time":211018,"minecraft:sneak_time":8527,"minecraft:deaths":9,"minecraft:walk_under_water_one_cm":63941,"minecraft:interact_with_lectern":1,"minecraft:jump":2843,"minecraft:interact_with_blast_furnace":2,"minecraft:walk_on_water_one_cm":128284,"minecraft:total_world_time":211018,"minecraft:interact_with_furnace":1,"tombstone:raider_killed":12,"minecraft:sleep_in_bed":4,"minecraft:time_since_rest":6333,"minecraft:waystone_activated":2,"minecraft:damage_taken":4971,"minecraft:damage_dealt":9644,"tombstone:cast_on_ally":0,"minecraft:swim_one_cm":148468,"minecraft:fly_one_cm":716117,"minecraft:open_chest":74,"minecraft:crouch_one_cm":12903,"tombstone:undead_killed":14,"minecraft:fall_one_cm":52214,"minecraft:horse_one_cm":356986},"minecraft:crafted":{"minecraft:cherry_planks":64,"minecraft:oak_planks":28,"minecraft:iron_nugget":9,"irons_spellbooks:iron_spell_book":1,"minecraft:chain":3,"minecraft:dark_oak_fence":3,"minecraft:iron_axe":1,"minecraft:stone_pickaxe":1,"minecraft:chest":16,"atlantis:aquamarine_chestplate":1,"minecraft:dark_oak_planks":40,"minecraft:raw_iron_block":17,"minecraft:wheat":144,"paraglider:paraglider":1,"atlantis:aquamarine_leggings":1,"atlantis:aquamarine_helmet":1,"minecraft:crafting_table":7,"minecraft:wooden_pickaxe":1,"minecraft:raw_gold_block":23,"minecraft:birch_planks":88,"minecraft:bread":53,"justhammers:iron_hammer":3,"atlantis:shovel_aquamarine":1,"minecraft:dark_oak_slab":6,"minecraft:book":1,"minecraft:shield":1,"minecraft:stick":12,"minecraft:iron_pickaxe":2,"atlantis:sword_aquamarine":1,"irons_spellbooks:inscription_table":1,"atlantis:aquamarine_boots":1,"minecraft:torch":12}},"DataVersion":3465}