{"stats":{"minecraft:killed_by":{"irons_spellbooks:summoned_zombie":1,"minecraft:drowned":1,"irons_spellbooks:summoned_vex":1},"minecraft:picked_up":{"irons_spellbooks:scroll":5,"alexscaves:waste_drum":4,"minecraft:wheat":9,"minecraft:anvil":1,"minecraft:prismarine_shard":26,"minecraft:smithing_table":1,"minecraft:lead":1,"minecraft:oak_stairs":2,"minecraft:enchanted_book":2,"minecraft:stone_brick_stairs":1,"minecraft:brewing_stand":2,"minecraft:amethyst_block":14,"alexsmobs:gazelle_horn":1,"minecraft:string":33,"minecraft:raw_copper":96,"minecraft:cooked_salmon":1,"alexscaves:acidic_radrock":1,"irons_spellbooks:arcane_essence":36,"minecraft:red_sand":1,"minecraft:gold_nugget":5,"minecraft:cobbled_deepslate":23,"minecraft:redstone_torch":4,"minecraft:cobblestone_slab":3,"minecraft:calcite":7,"minecraft:azalea":1,"dynamictrees:oak_seed":38,"minecraft:iron_pickaxe":1,"irons_spellbooks:blank_rune":2,"minecraft:melon_slice":69,"minecraft:coal_block":7,"irons_spellbooks:inscription_table":2,"minecraft:stick":259,"minecraft:sheaf_pottery_sherd":1,"minecraft:deepslate_brick_wall":1,"minecraft:torch":26,"minecraft:porkchop":4,"minecraft:cherry_log":41,"tombstone:grave_dust":16,"minecraft:diorite":16,"irons_spellbooks:fire_rune":1,"minecraft:cactus":4,"minecraft:rotten_flesh":47,"irons_spellbooks:magic_cloth":1,"minecraft:cobblestone":2731,"paraglider:paraglider":4,"minecraft:birch_log":22,"minecraft:pink_petals":21,"minecraft:feather":9,"minecraft:cooked_beef":1,"upgrade_aquatic:elder_prismarine_coral_block":1,"minecraft:andesite":80,"atlantis:sword_aquamarine":1,"butchersdelight:deadpig":1,"paraglider:spirit_orb":12,"minecraft:flint":10,"evilcraft:flesh_humanoid":3,"minecraft:lapis_lazuli":35,"minecraft:dirt":171,"irons_spellbooks:iron_spell_book":1,"minecraft:bone":53,"evilcraft:bloody_cobblestone":1,"minecraft:wheat_seeds":22,"minecraft:bamboo":11,"minecraft:mossy_stone_bricks":1,"minecraft:moss_block":3,"minecraft:oak_planks":41,"irons_spellbooks:legendary_ink":2,"alexscaves:uranium":44,"minecraft:sand":10,"minecraft:jungle_planks":3,"minecraft:stripped_spruce_log":2,"minecraft:ink_sac":2,"grimoireofgaia:shiny_pearl":7,"alexscaves:metal_rebar":1,"minecraft:barrel":39,"minecraft:mossy_cobblestone":13,"minecraft:bundle":2,"minecraft:light_gray_terracotta":1,"minecraft:diamond":21,"minecraft:deepslate":113,"minecraft:angler_pottery_sherd":1,"waystones:waystone":6,"alexsmobs:rattlesnake_rattle":1,"minecraft:crossbow":1,"minecraft:granite":20,"alexsmobs:tarantula_hawk_wing_fragment":1,"minecraft:golden_apple":6,"minecraft:emerald":24,"butchersdelight:hook":1,"minecraft:chorus_fruit":1,"minecraft:dark_oak_fence":2,"atlantis:aquamarine_gem":81,"minecraft:coarse_dirt":2,"minecraft:shelter_pottery_sherd":1,"minecraft:crafting_table":9,"minecraft:clay_ball":11,"minecraft:gold_block":8,"minecraft:shield":1,"alexscaves:cave_codex":2,"croptopia:saguaro_seed":1,"minecraft:moss_carpet":8,"minecraft:iron_axe":3,"minecraft:white_carpet":1,"minecraft:blackstone":56,"minecraft:cracked_stone_bricks":1,"minecraft:iron_nugget":19,"minecraft:light_gray_wool":1,"bossominium:vex_wing":3,"minecraft:chest":11,"minecraft:egg":4,"minecraft:sandstone":7,"minecraft:raw_iron":31,"minecraft:stone":74,"grimoireofgaia:meat":3,"minecraft:raw_gold_block":9,"minecraft:bowl":16,"minecraft:redstone":20,"minecraft:prismarine_crystals":3,"minecraft:dark_oak_planks":23,"irons_spellbooks:evocation_rune":1,"minecraft:arrow":44,"butchersdelight:deadsheep":18,"upgrade_aquatic:driftwood_log":1,"minecraft:hay_block":51,"alexscaves:spelunkery_table":1,"paraglider:horned_statue":2,"minecraft:glow_berries":1,"minecraft:mutton":11,"minecraft:white_wool":10,"minecraft:wet_sponge":1,"minecraft:stripped_oak_log":8,"minecraft:basalt":1,"minecraftdungeonsv1:cutlass":1,"minecraft:jungle_fence":13,"croptopia:glowing_calamari":3,"alexscaves:rusty_rebar":1,"minecraft:filled_map":1,"grimoireofgaia:bone_shield":1,"minecraft:oak_log":96,"minecraft:yellow_bed":1,"minecraft:gunpowder":7,"minecraft:wooden_hoe":1,"minecraft:paper":86,"irons_spellbooks:rare_ink":2,"minecraft:orange_terracotta":10,"butchersdelight:deadchiken":10,"minecraft:smooth_sandstone":1,"travelersbackpack:cow":1,"minecraft:stone_bricks":2,"minecraft:spore_blossom":1,"minecraft:iron_ingot":19,"alexscaves:radrock":123,"dynamictrees:birch_seed":7,"minecraft:stone_pickaxe":1,"minecraft:cobweb":5,"tombstone:bag_of_seeds":2,"minecraft:gray_bed":1,"minecraft:iron_sword":1,"minecraft:oxidized_cut_copper":1,"minecraft:book":97,"minecraft:sculk_catalyst":1,"minecraft:oak_slab":3,"minecraft:smooth_basalt":10,"minecraft:dark_oak_slab":1,"minecraft:emerald_block":1,"minecraft:sculk":3,"minecraft:gravel":6,"minecraft:amethyst_shard":16,"minecraft:blast_furnace":1,"minecraft:spruce_log":3,"minecraft:spider_eye":5,"minecraft:stripped_jungle_log":3,"butchersdelight:sheephide":2,"minecraft:sculk_sensor":2,"minecraft:slime_ball":2,"minecraft:snort_pottery_sherd":1,"evilcraft:dark_gem":46,"dynamictrees:cherry_seed":23,"alexscaves:cave_map":2,"minecraft:terracotta":18,"minecraft:acacia_slab":1,"minecraft:damaged_anvil":1,"minecraft:coal":65,"minecraft:ender_pearl":3},"minecraft:killed":{"minecraft:cave_spider":4,"cataclysm:the_prowler":1,"minecraft:witch":1,"irons_spellbooks:pyromancer":1,"minecraft:spider":11,"minecraft:skeleton":20,"grimoireofgaia:mimic":2,"endermanoverhaul:desert_enderman":1,"minecraft:silverfish":25,"grimoireofgaia:gravemite":1,"endermanoverhaul:badlands_enderman":1,"grimoireofgaia:bone_knight":6,"minecraft:creeper":1,"minecraft:sheep":11,"minecraft:pillager":13,"minecraft:zombie":36,"grimoireofgaia:harpy":1,"minecraft:vex":2,"alexsmobs:tarantula_hawk":2,"minecraft:vindicator":2,"alexsmobs:rattlesnake":1,"endermanoverhaul:scarab":3,"grimoireofgaia:creep":1,"minecraft:drowned":1,"minecraft:husk":2,"cataclysm:the_watcher":5,"grimoireofgaia:cecaelia":7,"grimoireofgaia:mummy":1,"alexsmobs:gazelle":1,"endermanoverhaul:coral_enderman":1,"grimoireofgaia:werecat":2,"minecraft:enderman":1},"minecraft:used":{"minecraft:polished_deepslate":2,"minecraft:chest":27,"minecraft:shield":41,"minecraft:stone":1,"butchersdelight:hook":6,"minecraft:rotten_flesh":5,"minecraft:oxidized_cut_copper":1,"minecraft:jungle_planks":5,"alexscaves:acidic_radrock":1,"minecraft:wet_sponge":1,"minecraft:hay_block":1,"minecraft:furnace":8,"grimoireofgaia:meat":1,"atlantis:shovel_aquamarine":176,"minecraft:mossy_stone_bricks":1,"travelersbackpack:cow":1,"minecraft:damaged_anvil":1,"minecraft:blackstone":6,"minecraft:jungle_fence":3,"minecraft:oak_planks":15,"minecraft:stone_pickaxe":119,"minecraft:ender_pearl":1,"minecraft:wooden_pickaxe":11,"evilcraft:bloody_cobblestone":1,"minecraft:golden_apple":2,"minecraft:glow_berries":80,"minecraft:sand":7,"minecraft:blast_furnace":1,"minecraft:crossbow":14,"waystones:waystone":3,"minecraft:melon_slice":73,"minecraft:bread":84,"tombstone:grave_key":3,"minecraft:gravel":3,"minecraft:cooked_rabbit":4,"minecraft:coarse_dirt":1,"newshieldvariants:iron_shield":101,"croptopia:glowing_calamari":3,"minecraft:cooked_salmon":1,"minecraft:cooked_chicken":3,"minecraft:torch":319,"atlantis:aquamarine_helmet":1,"minecraft:dirt":16,"minecraft:granite":19,"alexscaves:waste_drum":2,"paraglider:horned_statue":2,"minecraft:dark_oak_planks":21,"tombstone:ankh_of_pray":3,"minecraft:iron_axe":275,"minecraft:barrel":13,"minecraft:smooth_basalt":1,"minecraft:light_gray_wool":1,"tombstone:gift":9,"minecraft:cobbled_deepslate":53,"minecraft:cherry_log":19,"minecraft:orange_terracotta":8,"minecraft:calcite":4,"minecraft:cooked_mutton":14,"minecraft:water_bucket":23,"atlantis:sword_aquamarine":624,"minecraft:mossy_cobblestone":10,"minecraft:terracotta":17,"minecraft:oak_slab":2,"tombstone:scroll_of_feather_fall":1,"minecraft:crafting_table":19,"minecraft:cod":3,"justhammers:iron_hammer":303,"minecraft:oak_log":53,"minecraft:apple":3,"alexscaves:slam":3,"minecraft:iron_pickaxe":1221,"minecraft:cobblestone":465,"travelersbackpack:standard":4,"minecraft:cooked_porkchop":3,"minecraft:bucket":23,"minecraft:pumpkin_pie":8,"minecraft:yellow_bed":1,"alexsmobs:animal_dictionary":2,"alexscaves:radrock":59,"irons_spellbooks:arcane_anvil":1,"irons_spellbooks:inscription_table":1},"minecraft:mined":{"minecraft:dark_oak_planks":20,"minecraft:large_amethyst_bud":3,"upgrade_aquatic:prismarine_coral_block":3,"minecraft:cobblestone_stairs":1,"minecraft:sculk_vein":1,"minecraft:cherry_log":11,"minecraft:jungle_leaves":1,"minecraft:cave_vines_plant":1,"minecraft:brewing_stand":2,"minecraft:granite":20,"minecraft:red_sand":1,"minecraft:grass_block":52,"minecraft:infested_cobblestone":2,"minecraft:coal_block":7,"alexscaves:rusty_rebar":1,"minecraft:spawner":6,"minecraft:sculk_catalyst":3,"minecraft:iron_ore":30,"minecraft:cobbled_deepslate":10,"minecraft:fire":2,"minecraft:barrel":39,"minecraft:moss_carpet":1,"minecraft:anvil":1,"minecraft:deepslate_lapis_ore":3,"minecraft:dark_oak_stairs":1,"minecraft:sculk_shrieker":2,"minecraft:oak_stairs":2,"alexscaves:underweed":1,"minecraft:smooth_sandstone_stairs":2,"minecraft:azalea":1,"minecraft:cut_sandstone":1,"minecraft:blackstone":54,"minecraft:medium_amethyst_bud":1,"minecraft:deepslate_brick_wall":1,"minecraft:amethyst_cluster":4,"minecraft:orange_terracotta":13,"minecraft:powder_snow":12,"upgrade_aquatic:elder_prismarine_coral_block":1,"upgrade_aquatic:prismarine_coral":3,"minecraft:clay":1,"minecraft:torch":3,"minecraft:light_gray_terracotta":1,"minecraft:blast_furnace":1,"minecraft:calcite":7,"minecraft:oxidized_copper":1,"minecraft:melon":15,"minecraft:chest":11,"upgrade_aquatic:prismarine_coral_fan":1,"minecraft:dead_bush":7,"minecraft:cobblestone":89,"alexscaves:rusty_scaffolding":1,"minecraft:oak_planks":6,"minecraft:damaged_anvil":1,"minecraft:wall_torch":6,"minecraft:amethyst_block":14,"minecraft:deepslate_copper_ore":3,"minecraft:pink_petals":1,"minecraft:dark_oak_slab":1,"minecraft:mud":3,"evilcraft:dark_ore_deepslate":8,"paraglider:horned_statue":1,"minecraft:wheat":5,"atlantis:aquamarine_ore":58,"upgrade_aquatic:prismarine_coral_shower":1,"minecraft:stone_brick_stairs":2,"minecraft:grass":23,"butchersdelight:hook":1,"minecraft:oak_log":16,"minecraft:sand":12,"minecraft:dirt":132,"structure_gel:dynamic_spawner":6,"minecraft:smooth_basalt":3,"minecraft:raw_copper_block":2,"minecraft:oak_leaves":14,"minecraft:deepslate":131,"minecraft:emerald_block":1,"alexscaves:spelunkery_table":1,"alexscaves:acidic_radrock":1,"minecraft:mossy_cobblestone":12,"minecraft:deepslate_diamond_ore":21,"alexscaves:radrock":123,"alexscaves:metal_rebar":1,"minecraft:sea_lantern":1,"butchersdelight:deadsheepblock":5,"minecraft:decorated_pot":2,"minecraft:jungle_planks":4,"minecraft:spruce_leaves":1,"minecraft:acacia_slab":1,"minecraft:moss_block":6,"minecraft:sandstone":7,"minecraft:hay_block":51,"alexscaves:radrock_uranium_ore":22,"minecraft:spore_blossom":1,"minecraft:oxidized_cut_copper":2,"dynamictrees:oak_undergrowth_leaves":2,"minecraft:raw_gold_block":9,"minecraft:chiseled_sandstone":2,"dynamictrees:cherry_leaves":3,"minecraft:stripped_spruce_log":2,"evilcraft:dark_ore":3,"minecraft:gold_block":8,"minecraft:bookshelf":32,"minecraft:deepslate_iron_ore":1,"minecraft:cobblestone_slab":3,"minecraft:vine":1,"minecraft:stripped_jungle_log":3,"minecraft:stripped_oak_log":4,"minecraft:wet_sponge":1,"minecraft:bamboo":1,"irons_spellbooks:inscription_table":2,"minecraft:stone":497,"minecraft:smithing_table":1,"minecraft:oak_slab":3,"minecraft:acacia_leaves":3,"minecraft:hanging_roots":1,"atlantis:aquamarine_deepslate_ore":4,"minecraft:basalt":1,"minecraft:smooth_sandstone":3,"minecraft:crafting_table":9,"minecraft:emerald_ore":3,"minecraft:sculk_sensor":5,"minecraft:copper_ore":3,"minecraft:tall_grass":6,"minecraft:lapis_ore":5,"minecraft:sculk":10,"minecraft:diorite":16,"minecraft:cactus":3,"minecraft:coarse_dirt":2,"minecraft:redstone_torch":3,"minecraft:gray_bed":1,"minecraft:spruce_log":3,"minecraft:jungle_fence":16,"alexscaves:waste_drum":2,"minecraft:yellow_bed":1,"minecraft:coal_ore":10,"minecraft:gravel":7,"evilcraft:bloody_cobblestone":1,"minecraft:cobweb":20,"minecraft:acacia_planks":1,"minecraft:cracked_stone_bricks":7,"minecraft:terracotta":23,"upgrade_aquatic:driftwood_log":1,"minecraft:stone_bricks":6,"minecraft:polished_andesite":1,"minecraft:infested_stone":1,"minecraft:fern":1},"minecraft:broken":{"atlantis:sword_aquamarine":2,"atlantis:aquamarine_helmet":1,"minecraft:shield":1,"minecraft:iron_pickaxe":3},"minecraft:dropped":{"minecraft:iron_sword":1,"minecraft:lapis_lazuli":1,"minecraft:jungle_fence":10,"atlantis:aquamarine_chestplate":1,"minecraft:crossbow":2,"minecraft:sheaf_pottery_sherd":1,"minecraft:flint":3,"minecraft:dirt":1,"tombstone:bag_of_seeds":1,"minecraft:dark_oak_fence":2,"minecraft:mutton":2,"irons_spellbooks:arcane_essence":16,"alexscaves:cave_map":3,"minecraft:sand":1,"minecraft:iron_pickaxe":2,"paraglider:paraglider":4,"minecraft:dark_oak_planks":10,"minecraft:bone":18,"upgrade_aquatic:driftwood_log":1,"dynamictrees:oak_seed":2,"alexsmobs:gazelle_horn":1,"irons_spellbooks:blank_rune":1,"alexscaves:waste_drum":2,"minecraft:iron_nugget":13,"minecraft:cobbled_deepslate":2,"alexscaves:radrock":16,"butchersdelight:deadsheep":4,"minecraft:rotten_flesh":6,"minecraft:oak_planks":42,"croptopia:saguaro_seed":1,"justhammers:iron_hammer":3,"evilcraft:flesh_humanoid":3,"alexscaves:metal_rebar":1,"minecraft:gunpowder":3,"minecraft:azalea":1,"minecraft:snort_pottery_sherd":1,"minecraft:arrow":10,"minecraft:enchanted_book":1,"minecraft:stripped_spruce_log":2,"minecraft:wheat_seeds":12,"minecraft:shelter_pottery_sherd":1,"minecraft:mossy_cobblestone":1,"alexsmobs:rattlesnake_rattle":1,"alexscaves:rusty_rebar":1,"minecraft:stick":4,"minecraft:cobweb":2,"minecraft:ink_sac":2,"minecraft:wooden_hoe":1,"minecraft:gray_bed":1,"tombstone:grave_dust":2,"minecraft:iron_axe":3,"dynamictrees:cherry_seed":3,"minecraft:angler_pottery_sherd":1,"minecraft:string":2,"minecraft:smooth_basalt":4,"butchersdelight:deadchiken":3,"minecraft:moss_carpet":6,"alexscaves:uranium":22,"minecraft:coarse_dirt":1,"minecraft:bowl":9,"minecraft:light_gray_terracotta":1,"atlantis:aquamarine_leggings":1,"minecraft:raw_iron":5,"minecraft:white_carpet":1,"minecraft:clay_ball":11,"minecraft:stripped_oak_log":4,"minecraft:filled_map":2,"minecraft:shield":1,"minecraftdungeonsv1:cutlass":1,"minecraft:orange_terracotta":2,"atlantis:sword_aquamarine":1,"alexscaves:spelunkie":1,"minecraft:stone_bricks":1,"minecraft:spruce_log":3,"minecraft:red_sand":1,"minecraft:stone_pickaxe":1,"minecraft:wooden_pickaxe":1,"minecraft:raw_gold":4,"waystones:waystone":2,"atlantis:aquamarine_boots":1,"minecraft:terracotta":1},"minecraft:custom":{"minecraft:interact_with_crafting_table":57,"minecraft:open_barrel":146,"minecraft:leave_game":12,"minecraft:time_since_death":18675,"minecraft:sprint_one_cm":1145164,"minecraft:damage_blocked_by_shield":8227,"minecraft:drop":129,"minecraft:play_time":499528,"minecraft:deaths":27,"minecraft:jump":7087,"minecraft:walk_on_water_one_cm":252109,"minecraft:interact_with_furnace":61,"minecraft:interact_with_loom":8,"minecraft:sleep_in_bed":4,"minecraft:waystone_activated":5,"minecraft:damage_dealt":34125,"minecraft:crouch_one_cm":104746,"tombstone:undead_killed":65,"minecraft:interact_with_smoker":1,"minecraft:horse_one_cm":356986,"minecraft:interact_with_anvil":3,"minecraft:mob_kills":174,"minecraft:damage_dealt_resisted":826,"minecraft:climb_one_cm":58138,"minecraft:walk_one_cm":1270094,"minecraft:sneak_time":37973,"minecraft:walk_under_water_one_cm":174180,"minecraft:interact_with_lectern":1,"minecraft:interact_with_blast_furnace":7,"minecraft:total_world_time":499528,"tombstone:raider_killed":16,"minecraft:interact_with_stonecutter":1,"minecraft:time_since_rest":18378,"minecraft:damage_taken":15353,"minecraft:damage_absorbed":80,"tombstone:cast_on_ally":0,"minecraft:swim_one_cm":398463,"minecraft:fly_one_cm":1543414,"minecraft:open_chest":369,"minecraft:fall_one_cm":173866},"minecraft:crafted":{"minecraft:oak_planks":56,"irons_spellbooks:iron_spell_book":1,"minecraft:cooked_chicken":3,"minecraft:chain":3,"minecraft:stone":132,"newshieldvariants:iron_shield":1,"tombstone:grave_key":2,"minecraft:chest":17,"atlantis:aquamarine_chestplate":2,"minecraft:raw_iron_block":17,"tombstone:green_marble":4,"minecraft:cooked_porkchop":4,"atlantis:aquamarine_helmet":2,"minecraft:crafting_table":11,"minecraft:wooden_pickaxe":1,"minecraft:raw_gold_block":23,"butchersdelight:cleaver":1,"minecraft:birch_planks":88,"irons_spellbooks:arcane_anvil":1,"atlantis:shovel_aquamarine":1,"minecraft:dark_oak_slab":6,"minecraft:book":1,"minecraft:shield":1,"minecraft:stick":48,"minecraft:iron_ingot":16,"minecraft:iron_pickaxe":5,"atlantis:sword_aquamarine":3,"atlantis:aquamarine_boots":2,"minecraft:cherry_planks":88,"minecraft:coal":63,"minecraft:iron_nugget":36,"minecraft:furnace":8,"alexscaves:cave_map":3,"minecraft:dark_oak_fence":3,"minecraft:polished_deepslate":4,"minecraft:iron_axe":2,"minecraft:stone_pickaxe":1,"minecraft:dark_oak_planks":40,"minecraft:wheat":216,"paraglider:paraglider":1,"atlantis:aquamarine_leggings":2,"butchersdelight:hook":5,"tombstone:ankh_of_pray":1,"minecraft:bread":95,"minecraft:air":0,"minecraft:jungle_planks":12,"justhammers:iron_hammer":4,"irons_spellbooks:inscription_table":1,"minecraft:torch":176}},"DataVersion":3465}