{"stats":{"minecraft:killed_by":{"minecraft:player":2},"minecraft:broken":{"minecraft:iron_pickaxe":1},"minecraft:killed":{"epicsamurai:onibi":1,"minecraft:skeleton":3,"grimoireofgaia:mimic":1,"alexsmobs:rocky_roller":1,"grimoireofgaia:flesh_lich":1,"epicsamurai:enenra":1,"epicsamurai:jorogumo":2,"minecraft:sheep":6,"minecraft:cow":7},"minecraft:mined":{"minecraft:diamond_ore":1,"minecraft:tuff":15,"minecraft:white_bed":1,"minecraft:deepslate_diamond_ore":1,"minecraft:sculk_vein":2,"minecraft:granite":7,"minecraft:raw_iron_block":1,"minecraft:sculk_catalyst":2,"minecraft:furnace":2,"minecraft:iron_ore":107,"minecraft:cobbled_deepslate":11,"minecraft:andesite":17,"minecraft:sculk_shrieker":1,"minecraft:deepslate_iron_ore":8,"minecraft:stone":144,"minecraft:amethyst_cluster":8,"minecraft:oak_fence":6,"minecraft:crafting_table":5,"minecraft:torch":1,"minecraft:calcite":1,"minecraft:sculk_sensor":16,"minecraft:copper_ore":1,"minecraft:cobblestone":2,"minecraft:deepslate_gold_ore":4,"minecraft:oak_planks":18,"minecraft:sculk":24,"minecraft:diorite":11,"minecraft:wall_torch":1,"minecraft:amethyst_block":3,"minecraft:chain":3,"additional_lights:fire_for_standing_torch_s":1,"minecraft:birch_log":16,"minecraft:grass":2,"minecraft:coal_ore":146,"minecraft:gravel":1,"minecraft:dripstone_block":1,"minecraft:cobweb":4,"minecraft:smooth_basalt":1,"minecraft:gold_ore":14,"minecraft:deepslate":127},"minecraft:crafted":{"minecraft:oak_door":3,"epicsamurai:katana":1,"minecraft:raw_iron":9,"minecraft:iron_nugget":9,"minecraftdungeonsv1:reinforced_iron_pickaxe":1,"epicsamurai:iron_samurai_chestplate":1,"minecraft:furnace":6,"minecraftdungeonsv1:mace":1,"epicsamurai:iron_samurai_leggings":1,"minecraft:cooked_mutton":8,"minecraftdungeonsv1:cutlass":1,"minecraft:stone_pickaxe":1,"minecraft:cooked_beef":11,"epicsamurai:katana_handle":1,"minecraft:crafting_table":2,"minecraft:wooden_pickaxe":1,"minecraft:iron_sword":1,"additional_lights:fire_for_standing_torch_s":40,"epicsamurai:iron_ninja_boots":1,"minecraft:birch_planks":64,"epicsamurai:cloth":12,"minecraft:stone_axe":1,"minecraft:air":0,"minecraft:gold_nugget":9,"minecraft:shield":1,"minecraftdungeonsv1:reinforced_iron_sword":1,"minecraft:stick":48,"minecraft:iron_pickaxe":1,"minecraft:iron_ingot":77,"minecraft:wooden_axe":1,"minecraft:iron_block":1,"minecraft:gold_ingot":13,"epicsamurai:iron_ninja_chestplate":1,"minecraft:white_bed":1,"epicsamurai:steel_ingot":7,"epicsamurai:ninja_leggings":1,"minecraft:torch":128,"epicsamurai:iron_samurai_boots":1},"minecraft:dropped":{"minecraft:iron_ingot":2,"minecraft:lapis_lazuli":1,"minecraft:wooden_axe":1,"minecraft:oak_door":2,"minecraft:iron_nugget":6,"minecraft:tuff":2,"epicsamurai:ninja_leggings":1,"epicsamurai:katana":1,"minecraft:iron_boots":1,"epicsamurai:iron_ninja_chestplate":1,"epicsamurai:iron_ninja_boots":2,"minecraft:copper_ore":1,"minecraftdungeonsv1:cutlass":1,"minecraft:wooden_pickaxe":1},"minecraft:picked_up":{"minecraft:wooden_axe":1,"irons_spellbooks:scroll":1,"epicsamurai:iron_ninja_boots":1,"minecraft:crafting_table":5,"minecraft:wooden_pickaxe":1,"minecraft:chain":3,"minecraft:amethyst_block":9,"minecraft:string":4,"minecraft:raw_copper":5,"minecraft:gold_nugget":1,"minecraft:cobbled_deepslate":128,"minecraft:beef":16,"minecraft:calcite":2,"minecraft:iron_nugget":1,"minecraft:birch_sapling":5,"minecraft:iron_boots":1,"minecraft:furnace":2,"minecraft:stick":1,"minecraft:raw_iron":115,"minecraft:oak_fence":7,"minecraft:torch":5,"travelersbackpack:iron_tier_upgrade":2,"tombstone:grave_dust":2,"minecraft:diorite":9,"minecraft:carrot":1,"minecraft:arrow":4,"minecraft:rotten_flesh":1,"epicsamurai:ninja_leggings":1,"minecraft:mutton":8,"epicsamurai:kitsune_tail":1,"minecraft:white_wool":4,"minecraft:cobblestone":144,"epicsamurai:kitsune_hide":1,"minecraft:birch_log":16,"minecraft:glow_ink_sac":1,"minecraft:andesite":12,"minecraft:brown_wool":1,"minecraft:leather":4,"croptopia:glowing_calamari":1,"minecraft:birch_planks":1,"additional_lights:fire_for_standing_torch_s":1,"minecraft:tuff":16,"evilcraft:flesh_humanoid":1,"minecraft:gunpowder":2,"minecraft:lapis_lazuli":1,"alexsmobs:rocky_shell":1,"epicsamurai:iron_ninja_chestplate":1,"minecraft:bone":5,"minecraft:raw_gold":25,"minecraft:oak_planks":15,"epicsamurai:katana":1,"minecraft:smooth_basalt":1,"grimoireofgaia:box_overworld":1,"minecraft:raw_iron_block":1,"minecraft:dripstone_block":8,"minecraft:gravel":1,"minecraft:amethyst_shard":16,"minecraft:white_bed":1,"minecraft:bundle":1,"minecraft:diamond":2,"minecraft:iron_helmet":1,"minecraft:granite":7,"minecraft:gray_wool":1,"minecraft:coal":159},"minecraft:custom":{"minecraft:mob_kills":23,"minecraft:interact_with_crafting_table":34,"minecraft:leave_game":1,"minecraft:time_since_death":2845,"minecraft:sprint_one_cm":141851,"minecraft:walk_one_cm":350768,"minecraft:damage_blocked_by_shield":750,"minecraft:drop":17,"minecraft:play_time":125273,"minecraft:deaths":2,"minecraft:sneak_time":16479,"minecraft:walk_under_water_one_cm":4944,"minecraft:jump":811,"minecraft:interact_with_blast_furnace":11,"minecraft:walk_on_water_one_cm":17583,"minecraft:total_world_time":125273,"minecraft:interact_with_furnace":57,"minecraft:sleep_in_bed":1,"minecraft:time_since_rest":2572,"minecraft:damage_taken":2558,"minecraft:damage_dealt":4416,"minecraft:swim_one_cm":1122,"minecraft:fly_one_cm":61129,"minecraft:player_kills":1,"minecraft:crouch_one_cm":62108,"tombstone:undead_killed":4,"minecraft:fall_one_cm":27354},"minecraft:used":{"minecraftdungeonsv1:cutlass":4,"croptopia:glowing_calamari":1,"minecraft:shield":7,"minecraftdungeonsv1:mace":8,"minecraft:rotten_flesh":1,"travelersbackpack:bat":1,"minecraft:oak_door":1,"minecraft:torch":113,"minecraft:carrot":2,"minecraft:tuff":13,"minecraftdungeonsv1:reinforced_iron_pickaxe":264,"minecraft:wooden_axe":30,"minecraft:birch_sapling":2,"minecraft:smooth_basalt":1,"minecraft:beef":5,"minecraft:furnace":8,"minecraftdungeonsv1:reinforced_iron_sword":14,"tombstone:gift":4,"minecraft:cooked_beef":11,"minecraft:cobbled_deepslate":94,"minecraft:cooked_mutton":8,"minecraft:stone_pickaxe":78,"minecraft:wooden_pickaxe":30,"minecraft:crafting_table":6,"minecraft:white_bed":2,"minecraft:dripstone_block":4,"minecraft:iron_pickaxe":311,"minecraft:gravel":1,"minecraft:stone_axe":31,"epicsamurai:katana":34,"minecraft:cobblestone":55,"additional_lights:fire_for_standing_torch_s":41,"alexsmobs:animal_dictionary":1}},"DataVersion":3465}