{"stats":{"minecraft:killed":{"minecraft:husk":2,"minecraft:witch":1,"minecraft:vindicator":1,"endermanoverhaul:scarab":3,"grimoireofgaia:mummy":1,"endermanoverhaul:desert_enderman":1,"minecraft:pillager":9,"grimoireofgaia:harpy":1,"minecraft:drowned":1,"grimoireofgaia:gravemite":1},"minecraft:mined":{"minecraft:dark_oak_planks":20,"minecraft:orange_terracotta":7,"minecraft:smooth_sandstone":2,"minecraft:crafting_table":6,"minecraft:light_gray_terracotta":1,"minecraft:granite":20,"minecraft:decorated_pot":1,"minecraft:dead_bush":7,"minecraft:coal_block":7,"minecraft:cobblestone":16,"minecraft:wall_torch":1,"minecraft:cactus":3,"minecraft:raw_gold_block":9,"minecraft:iron_ore":27,"minecraft:chiseled_sandstone":2,"minecraft:gray_bed":1,"atlantis:aquamarine_ore":55,"evilcraft:dark_ore":3,"minecraft:dark_oak_stairs":1,"minecraft:coal_ore":3,"minecraft:dirt":1,"minecraft:smooth_sandstone_stairs":2,"minecraft:terracotta":17,"upgrade_aquatic:driftwood_log":1,"minecraft:stone":13},"minecraft:picked_up":{"minecraft:crafting_table":6,"minecraft:enchanted_book":1,"minecraft:gunpowder":4,"croptopia:saguaro_seed":1,"minecraft:dirt":1,"minecraft:iron_axe":1,"minecraft:orange_terracotta":7,"minecraft:bone":12,"minecraft:stone_pickaxe":1,"minecraft:gray_bed":1,"minecraft:coal_block":7,"minecraft:stick":11,"minecraft:raw_iron":27,"minecraft:raw_gold_block":9,"minecraft:torch":1,"minecraft:dark_oak_planks":18,"minecraft:light_gray_terracotta":1,"minecraft:cactus":4,"minecraft:arrow":11,"upgrade_aquatic:driftwood_log":1,"waystones:waystone":1,"minecraft:crossbow":1,"evilcraft:dark_gem":13,"minecraft:granite":20,"minecraft:emerald":6,"minecraft:terracotta":17,"minecraft:coal":3,"minecraft:cobblestone":29,"atlantis:aquamarine_gem":55,"minecraft:ender_pearl":1},"minecraft:used":{"minecraft:cooked_mutton":13,"minecraft:stone_pickaxe":119,"minecraft:wooden_pickaxe":11,"minecraft:shield":3,"atlantis:sword_aquamarine":80,"minecraft:torch":20,"atlantis:aquamarine_helmet":1,"minecraft:terracotta":15,"tombstone:scroll_of_feather_fall":1,"minecraft:crafting_table":8,"minecraft:crossbow":13,"minecraft:cod":3,"minecraft:granite":19,"minecraft:dark_oak_planks":21,"minecraft:apple":3,"minecraft:iron_axe":38,"minecraft:bread":4,"minecraft:iron_pickaxe":60,"minecraft:cobblestone":26,"tombstone:gift":3,"alexsmobs:animal_dictionary":2,"minecraft:orange_terracotta":7},"minecraft:dropped":{"minecraft:enchanted_book":1,"upgrade_aquatic:driftwood_log":1,"minecraft:light_gray_terracotta":1,"croptopia:saguaro_seed":1,"minecraft:gray_bed":1,"minecraft:iron_axe":1,"minecraft:wooden_pickaxe":1,"minecraft:stone_pickaxe":1,"minecraft:bone":18},"minecraft:crafted":{"atlantis:aquamarine_leggings":1,"atlantis:aquamarine_helmet":1,"minecraft:crafting_table":3,"minecraft:wooden_pickaxe":1,"minecraft:raw_gold_block":19,"minecraft:bread":4,"minecraft:shield":1,"minecraft:iron_axe":1,"minecraft:stick":4,"minecraft:iron_pickaxe":1,"minecraft:stone_pickaxe":1,"atlantis:sword_aquamarine":1,"atlantis:aquamarine_chestplate":1,"atlantis:aquamarine_boots":1,"minecraft:dark_oak_planks":40,"minecraft:torch":12,"minecraft:raw_iron_block":14},"minecraft:custom":{"minecraft:interact_with_furnace":1,"minecraft:mob_kills":21,"tombstone:raider_killed":11,"minecraft:interact_with_crafting_table":12,"minecraft:open_barrel":40,"minecraft:time_since_death":30567,"minecraft:sleep_in_bed":1,"minecraft:climb_one_cm":5108,"minecraft:time_since_rest":25615,"minecraft:sprint_one_cm":168226,"minecraft:damage_taken":2620,"minecraft:walk_one_cm":138553,"minecraft:damage_blocked_by_shield":180,"minecraft:drop":11,"minecraft:damage_dealt":4694,"tombstone:cast_on_ally":0,"minecraft:swim_one_cm":96019,"minecraft:fly_one_cm":215852,"minecraft:open_chest":42,"minecraft:crouch_one_cm":6347,"minecraft:play_time":70015,"tombstone:undead_killed":3,"minecraft:deaths":4,"minecraft:sneak_time":2442,"minecraft:walk_under_water_one_cm":21209,"minecraft:jump":1013,"minecraft:walk_on_water_one_cm":62453,"minecraft:total_world_time":70015,"minecraft:fall_one_cm":15124}},"DataVersion":3465}