{"stats":{"minecraft:mined":{"minecraft:dark_oak_planks":11,"additional_lights:al_torch_cobblestone":1,"minecraft:black_terracotta":12,"croptopia:grape_crop":1,"croptopia:strawberry_crop":1,"minecraft:cherry_log":18,"minecraft:orange_stained_glass":2,"minecraft:grass_block":10,"travelersbackpack:white_sleeping_bag":1,"minecraft:frosted_ice":2,"minecraft:mud_bricks":7,"minecraft:spawner":44,"minecraft:hay_block":22,"minecraft:furnace":2,"minecraft:packed_mud":5,"minecraft:iron_ore":11,"minecraft:fire":23,"minecraft:acacia_wood":22,"minecraft:pointed_dripstone":1,"minecraft:stripped_dark_oak_wood":22,"minecraft:dark_oak_stairs":2,"minecraft:polished_deepslate":1,"minecraft:bookshelf":1,"croptopia:elderberry_crop":1,"minecraft:stone":387,"minecraft:stripped_mangrove_wood":2,"croptopia:starfruit_crop":5,"minecraft:acacia_leaves":3,"minecraft:cherry_planks":13,"minecraft:crafting_table":4,"minecraft:blast_furnace":13,"minecraft:calcite":5,"minecraft:copper_ore":2,"minecraft:cobblestone":13,"croptopia:blackbean_crop":1,"minecraft:sugar_cane":2,"minecraft:lily_pad":1,"minecraft:wall_torch":2,"minecraft:diorite":1,"minecraft:blue_bed":1,"minecraft:black_stained_glass":3,"croptopia:cauliflower_crop":1,"minecraft:birch_log":2,"minecraft:sweet_berry_bush":1,"minecraft:birch_leaves":2,"minecraft:mangrove_planks":1,"additional_lights:fire_for_fire_pit_s":1,"minecraft:grass":9,"minecraft:coal_ore":46,"croptopia:celery_crop":2,"minecraft:dripstone_block":46,"minecraft:dirt":97,"minecraft:cherry_leaves":1,"croptopia:blackberry_crop":1,"minecraft:gravel":35,"minecraft:oak_leaves":5},"minecraft:custom":{"minecraft:interact_with_anvil":1,"minecraft:mob_kills":91,"minecraft:interact_with_crafting_table":40,"minecraft:open_barrel":21,"minecraft:fill_cauldron":1,"minecraft:leave_game":2,"minecraft:time_since_death":130541,"minecraft:climb_one_cm":3352,"minecraft:sprint_one_cm":667855,"minecraft:walk_one_cm":861612,"minecraft:damage_blocked_by_shield":4293,"minecraft:drop":108,"minecraft:play_time":231124,"minecraft:deaths":1,"minecraft:sneak_time":9554,"minecraft:walk_under_water_one_cm":7652,"minecraft:interact_with_lectern":3,"minecraft:jump":2681,"minecraft:interact_with_blast_furnace":3,"minecraft:walk_on_water_one_cm":39203,"minecraft:total_world_time":231124,"minecraft:interact_with_furnace":14,"minecraft:tune_noteblock":4,"minecraft:interact_with_loom":1,"minecraft:sleep_in_bed":8,"minecraft:time_since_rest":65465,"minecraft:damage_taken":5383,"minecraft:damage_dealt":20113,"tombstone:cast_on_ally":1,"minecraft:swim_one_cm":9898,"minecraft:fly_one_cm":562118,"minecraft:open_chest":132,"minecraft:crouch_one_cm":33871,"tombstone:undead_killed":54,"minecraft:use_cauldron":2,"minecraft:fall_one_cm":61127},"minecraft:picked_up":{"minecraft:crafting_table":4,"minecraft:birch_door":2,"minecraft:black_carpet":11,"croptopia:tomatillo_seed":1,"grimoireofgaia:soulfire":6,"croptopia:grape_seed":2,"minecraft:turtle_helmet":1,"minecraft:rabbit_stew":1,"minecraft:leather_leggings":1,"minecraft:potion":1,"minecraft:enchanted_book":2,"minecraft:string":2,"minecraft:raw_copper":22,"minecraft:beetroot_soup":2,"minecraft:item_frame":1,"minecraft:blue_orchid":3,"irons_spellbooks:arcane_essence":4,"minecraft:gold_nugget":4,"minecraft:beef":30,"minecraft:calcite":5,"minecraft:iron_pickaxe":1,"minecraft:iron_nugget":10,"minecraft:azalea_leaves":2,"minecraft:sugar_cane":7,"minecraft:birch_sapling":2,"minecraft:furnace":4,"grimoireofgaia:taproot":2,"minecraft:stick":1,"minecraft:raw_iron":11,"croptopia:blackbean":1,"minecraft:oak_fence":1,"minecraft:torch":35,"croptopia:blackberry_seed":1,"croptopia:blackbean_seed":1,"minecraft:porkchop":6,"minecraft:cherry_log":18,"minecraft:pointed_dripstone":2,"tombstone:grave_dust":12,"minecraft:diorite":1,"minecraft:carrot":4,"weaponmaster:wm_broadswordlarge":1,"croptopia:strawberry":1,"minecraft:dark_oak_planks":12,"minecraft:waxed_cut_copper_stairs":2,"croptopia:grape":1,"minecraft:arrow":26,"minecraft:diamond_chestplate":1,"minecraft:rotten_flesh":65,"croptopia:strawberry_seed":2,"minecraft:pumpkin_pie":1,"weaponmaster:wm_broadsword":1,"minecraft:hay_block":22,"minecraft:stripped_dark_oak_wood":20,"tombstone:essence_of_undeath":1,"minecraft:gold_ingot":14,"croptopia:elderberry":1,"minecraft:mutton":16,"minecraft:blaze_powder":4,"minecraft:white_wool":8,"minecraft:cobblestone":2918,"croptopia:cauliflower":1,"minecraft:birch_log":10,"minecraft:leather_chestplate":1,"minecraft:feather":4,"minecraft:cherry_planks":12,"minecraft:leather":13,"minecraft:acacia_wood":54,"minecraft:birch_planks":4,"minecraft:filled_map":1,"minecraft:packed_mud":2,"minecraft:flint":4,"minecraft:oak_log":5,"minecraft:chainmail_chestplate":1,"additional_lights:al_torch_cobblestone":1,"minecraft:cobblestone_stairs":2,"croptopia:celery":2,"minecraft:dirt":121,"minecraft:blue_bed":1,"tombstone:gift":1,"minecraft:bone":23,"minecraft:acacia_planks":4,"minecraft:apple":12,"minecraft:gray_carpet":8,"minecraft:wheat_seeds":1,"minecraft:iron_ingot":1,"minecraft:acacia_sapling":2,"minecraft:glass_bottle":2,"croptopia:elderberry_seed":1,"minecraft:mangrove_planks":2,"minecraft:iron_sword":1,"additional_lights:fire_for_fire_pit_s":2,"minecraft:book":3,"minecraft:black_terracotta":12,"croptopia:cauliflower_seed":2,"minecraft:emerald_block":1,"minecraft:sweet_berries":3,"croptopia:starfruit":4,"minecraft:dripstone_block":39,"croptopia:blackberry":1,"minecraft:gravel":31,"croptopia:celery_seed":2,"minecraft:blast_furnace":13,"grimoireofgaia:box_iron":2,"minecraft:spider_eye":1,"travelersbackpack:white_sleeping_bag":1,"minecraft:slime_ball":6,"minecraft:diamond":16,"minecraft:golden_apple":1,"minecraft:bread":23,"tombstone:magic_scroll":2,"minecraft:oak_sapling":1,"minecraft:coal":89},"minecraft:crafted":{"minecraft:cherry_planks":72,"minecraft:iron_nugget":9,"irons_spellbooks:iron_spell_book":1,"minecraft:chain":3,"minecraft:birch_slab":6,"minecraft:diamond_shovel":1,"travelersbackpack:white_sleeping_bag":2,"minecraft:iron_boots":1,"minecraft:iron_axe":1,"justhammers:diamond_hammer":1,"minecraft:stone_pickaxe":1,"minecraft:chest":9,"weaponmaster:weaponkit":2,"minecraft:dark_oak_planks":76,"minecraft:wheat":72,"minecraft:cooked_porkchop":5,"minecraft:diamond_axe":1,"minecraft:crafting_table":4,"minecraft:wooden_pickaxe":1,"minecraft:bucket":1,"minecraft:birch_planks":40,"minecraft:stone_axe":1,"minecraft:bread":24,"minecraft:air":0,"rechiseled:chisel":1,"minecraft:iron_chestplate":1,"minecraft:paper":3,"minecraft:diamond_pickaxe":1,"minecraft:shield":3,"minecraft:birch_fence":3,"minecraft:stick":72,"minecraft:iron_ingot":13,"minecraft:iron_pickaxe":1,"minecraft:wooden_axe":1,"irons_spellbooks:inscription_table":1,"minecraft:acacia_planks":80,"minecraft:torch":144},"minecraft:dropped":{"minecraft:bread":3,"minecraft:iron_sword":1,"minecraft:acacia_wood":33,"minecraft:wheat_seeds":1,"minecraft:glass_bottle":2,"minecraft:diamond":28,"weaponmaster:tutorialbook":1,"minecraft:cobblestone":109,"minecraft:iron_helmet":1,"minecraft:feather":3,"minecraft:book":3,"minecraft:mangrove_planks":2,"weaponmaster:wm_broadsword":1,"minecraft:coal":8,"bossominium:the_bossdexium":1,"minecraft:item_frame":1,"minecraft:stick":4,"minecraft:packed_mud":2,"minecraft:dirt":1,"minecraft:wooden_axe":1,"minecraft:cherry_planks":10,"minecraft:iron_leggings":1,"minecraft:potion":2,"minecraft:gold_nugget":2,"minecraft:iron_pickaxe":1,"minecraft:string":2,"minecraft:dark_oak_planks":3,"minecraft:gray_carpet":8,"minecraft:acacia_planks":4,"minecraft:beetroot_soup":2,"minecraft:bone":9,"minecraft:gravel":2,"minecraft:furnace":2,"minecraft:waxed_cut_copper_stairs":2,"minecraft:sweet_berries":3,"minecraft:iron_nugget":9,"alexsmobs:animal_dictionary":1,"minecraft:bowl":1,"minecraft:pointed_dripstone":1,"minecraft:birch_sapling":2,"minecraft:beetroot":2,"minecraft:rotten_flesh":6,"additional_lights:fire_for_fire_pit_s":1,"minecraft:iron_boots":1,"weaponmaster:wm_broadswordlarge":1,"minecraft:carrot":2,"patchouli:guide_book":1,"minecraft:chainmail_chestplate":1,"minecraft:blast_furnace":13,"minecraft:leather_chestplate":1,"minecraft:turtle_helmet":2,"minecraft:shield":1,"minecraft:diamond_chestplate":1,"minecraft:azalea_leaves":2,"minecraft:iron_chestplate":1,"minecraft:acacia_sapling":2,"minecraft:birch_door":2,"minecraft:leather_leggings":1,"minecraft:spider_eye":1,"rechiseled:chisel":1,"minecraft:arrow":8,"minecraft:blue_orchid":3,"minecraft:stone_pickaxe":1,"minecraft:wooden_pickaxe":1,"minecraft:calcite":2},"minecraft:broken":{"minecraft:shield":2,"minecraft:stone_axe":1},"minecraft:killed":{"irons_spellbooks:summoned_zombie":1,"minecraft:spider":3,"alexsmobs:tasmanian_devil":1,"minecraft:skeleton":15,"grimoireofgaia:sludge_girl":7,"minecraft:husk":34,"minecraft:pig":1,"grimoireofgaia:banshee":1,"minecraft:sheep":9,"minecraft:zombie":4,"alexsmobs:crow":1,"minecraft:cow":12},"minecraft:used":{"irons_spellbooks:inscription_table":1,"minecraft:beetroot":3,"minecraft:oak_fence":1,"croptopia:starfruit":4,"minecraft:chest":9,"minecraft:shield":94,"minecraft:iron_sword":237,"croptopia:blackbean":1,"grimoireofgaia:soulfire":22,"minecraft:torch":171,"croptopia:elderberry":1,"minecraft:carrot":4,"minecraft:dark_oak_planks":52,"minecraft:wooden_axe":18,"minecraft:stripped_dark_oak_wood":1,"minecraft:iron_axe":95,"minecraft:diamond_chestplate":2,"minecraft:rabbit_stew":1,"minecraft:hay_block":1,"additional_lights:al_torch_cobblestone":1,"minecraft:acacia_wood":1,"tombstone:gift":6,"croptopia:strawberry":1,"croptopia:grape":1,"minecraft:calcite":3,"minecraft:water_bucket":36,"minecraft:diorite":1,"croptopia:celery":2,"minecraft:stone_pickaxe":115,"minecraft:wooden_pickaxe":10,"minecraft:cherry_planks":40,"minecraft:diamond_axe":5,"minecraft:blue_bed":1,"minecraft:golden_apple":1,"justhammers:diamond_hammer":316,"minecraft:crafting_table":8,"minecraft:cake":1,"minecraft:black_terracotta":12,"minecraft:diamond_shovel":34,"minecraft:diamond_pickaxe":379,"minecraft:apple":29,"minecraft:bread":87,"minecraft:iron_pickaxe":99,"travelersbackpack:white_sleeping_bag":2,"minecraft:stone_axe":84,"croptopia:cauliflower":1,"minecraft:diamond_sword":47,"minecraft:cobblestone":344,"croptopia:blackberry":1,"minecraft:bucket":37,"minecraft:pumpkin_pie":1}},"DataVersion":3465}