{"stats":{"minecraft:killed":{"irons_spellbooks:summoned_zombie":1,"minecraft:spider":1,"alexsmobs:tasmanian_devil":1,"minecraft:skeleton":6,"grimoireofgaia:sludge_girl":2,"minecraft:husk":34,"minecraft:pig":1,"minecraft:sheep":9,"minecraft:cow":12},"minecraft:crafted":{"minecraft:cherry_planks":72,"minecraft:iron_axe":1,"minecraft:stone_pickaxe":1,"minecraft:dark_oak_planks":76,"minecraft:wheat":72,"minecraft:cooked_porkchop":5,"minecraft:crafting_table":2,"minecraft:wooden_pickaxe":1,"minecraft:bucket":1,"minecraft:stone_axe":1,"minecraft:air":0,"minecraft:bread":24,"minecraft:iron_chestplate":1,"minecraft:shield":2,"minecraft:stick":32,"minecraft:iron_ingot":13,"minecraft:iron_pickaxe":1,"minecraft:wooden_axe":1,"minecraft:torch":64},"minecraft:custom":{"minecraft:mob_kills":67,"minecraft:interact_with_crafting_table":13,"minecraft:open_barrel":21,"minecraft:leave_game":1,"minecraft:time_since_death":3997,"minecraft:climb_one_cm":3352,"minecraft:sprint_one_cm":251799,"minecraft:walk_one_cm":351530,"minecraft:damage_blocked_by_shield":1298,"minecraft:drop":58,"minecraft:play_time":104580,"minecraft:deaths":1,"minecraft:sneak_time":5846,"minecraft:walk_under_water_one_cm":5298,"minecraft:interact_with_lectern":3,"minecraft:jump":1289,"minecraft:interact_with_blast_furnace":2,"minecraft:walk_on_water_one_cm":27730,"minecraft:total_world_time":104580,"minecraft:interact_with_furnace":14,"minecraft:tune_noteblock":4,"minecraft:interact_with_loom":1,"minecraft:sleep_in_bed":5,"minecraft:time_since_rest":1647,"minecraft:damage_taken":3532,"minecraft:damage_dealt":14052,"tombstone:cast_on_ally":1,"minecraft:swim_one_cm":8540,"minecraft:fly_one_cm":200620,"minecraft:open_chest":16,"minecraft:crouch_one_cm":17204,"tombstone:undead_killed":41,"minecraft:fall_one_cm":34839},"minecraft:mined":{"minecraft:dark_oak_planks":9,"minecraft:black_terracotta":12,"croptopia:strawberry_crop":1,"croptopia:grape_crop":1,"minecraft:cherry_log":18,"minecraft:grass_block":2,"minecraft:mud_bricks":7,"minecraft:spawner":11,"minecraft:hay_block":22,"minecraft:packed_mud":5,"minecraft:iron_ore":11,"minecraft:fire":9,"minecraft:stripped_dark_oak_wood":22,"minecraft:dark_oak_stairs":2,"minecraft:polished_deepslate":1,"minecraft:bookshelf":1,"croptopia:elderberry_crop":1,"minecraft:stone":26,"minecraft:stripped_mangrove_wood":2,"croptopia:starfruit_crop":5,"minecraft:cherry_planks":13,"minecraft:crafting_table":3,"minecraft:blast_furnace":3,"minecraft:calcite":5,"croptopia:blackbean_crop":1,"minecraft:blue_bed":1,"minecraft:diorite":1,"minecraft:black_stained_glass":2,"croptopia:cauliflower_crop":1,"minecraft:sweet_berry_bush":1,"minecraft:birch_leaves":2,"minecraft:mangrove_planks":1,"minecraft:grass":4,"minecraft:coal_ore":46,"croptopia:celery_crop":2,"minecraft:cherry_leaves":1,"croptopia:blackberry_crop":1,"minecraft:gravel":2,"minecraft:oak_leaves":4},"minecraft:dropped":{"minecraft:wheat_seeds":1,"minecraft:glass_bottle":2,"weaponmaster:tutorialbook":1,"minecraft:feather":3,"minecraft:book":3,"minecraft:mangrove_planks":2,"bossominium:the_bossdexium":1,"minecraft:item_frame":1,"minecraft:stick":4,"minecraft:packed_mud":2,"minecraft:dirt":1,"minecraft:wooden_axe":1,"minecraft:cherry_planks":10,"minecraft:potion":1,"minecraft:gold_nugget":2,"minecraft:dark_oak_planks":2,"minecraft:gray_carpet":8,"minecraft:beetroot_soup":2,"minecraft:bone":9,"minecraft:gravel":2,"minecraft:waxed_cut_copper_stairs":2,"minecraft:sweet_berries":3,"minecraft:iron_nugget":6,"alexsmobs:animal_dictionary":1,"minecraft:bowl":1,"minecraft:birch_sapling":2,"minecraft:rotten_flesh":1,"minecraft:carrot":1,"patchouli:guide_book":1,"minecraft:chainmail_chestplate":1,"minecraft:blast_furnace":3,"minecraft:leather_chestplate":1,"minecraft:turtle_helmet":2,"minecraft:shield":1,"minecraft:azalea_leaves":2,"minecraft:birch_door":2,"minecraft:leather_leggings":1,"minecraft:arrow":8,"minecraft:blue_orchid":3,"minecraft:stone_pickaxe":1,"minecraft:wooden_pickaxe":1,"minecraft:calcite":2},"minecraft:broken":{"minecraft:stone_axe":1},"minecraft:used":{"minecraft:oak_fence":1,"croptopia:starfruit":4,"minecraft:shield":37,"minecraft:iron_sword":215,"croptopia:blackbean":1,"grimoireofgaia:soulfire":8,"minecraft:torch":55,"croptopia:elderberry":1,"minecraft:carrot":4,"minecraft:dark_oak_planks":47,"minecraft:wooden_axe":18,"minecraft:iron_axe":33,"minecraft:rabbit_stew":1,"minecraft:hay_block":1,"tombstone:gift":5,"croptopia:strawberry":1,"croptopia:grape":1,"minecraft:calcite":3,"minecraft:water_bucket":33,"minecraft:diorite":1,"croptopia:celery":2,"minecraft:stone_pickaxe":115,"minecraft:wooden_pickaxe":10,"minecraft:cherry_planks":40,"minecraft:blue_bed":1,"minecraft:golden_apple":1,"minecraft:crafting_table":5,"minecraft:cake":1,"minecraft:black_terracotta":12,"minecraft:apple":1,"minecraft:bread":58,"minecraft:iron_pickaxe":10,"minecraft:stone_axe":84,"croptopia:cauliflower":1,"minecraft:cobblestone":19,"croptopia:blackberry":1,"minecraft:bucket":34,"minecraft:pumpkin_pie":1},"minecraft:picked_up":{"minecraft:crafting_table":3,"minecraft:birch_door":2,"minecraft:black_carpet":11,"grimoireofgaia:soulfire":6,"croptopia:grape_seed":2,"minecraft:turtle_helmet":1,"minecraft:rabbit_stew":1,"minecraft:leather_leggings":1,"minecraft:potion":1,"minecraft:enchanted_book":2,"minecraft:beetroot_soup":2,"minecraft:item_frame":1,"minecraft:blue_orchid":3,"irons_spellbooks:arcane_essence":4,"minecraft:gold_nugget":3,"minecraft:beef":30,"minecraft:calcite":5,"minecraft:iron_nugget":6,"minecraft:azalea_leaves":2,"minecraft:birch_sapling":2,"minecraft:raw_iron":11,"croptopia:blackbean":1,"minecraft:oak_fence":1,"minecraft:torch":9,"croptopia:blackbean_seed":1,"croptopia:blackberry_seed":1,"minecraft:porkchop":6,"minecraft:cherry_log":18,"tombstone:grave_dust":9,"minecraft:diorite":1,"minecraft:carrot":3,"croptopia:strawberry":1,"minecraft:dark_oak_planks":10,"minecraft:waxed_cut_copper_stairs":2,"croptopia:grape":1,"minecraft:arrow":19,"minecraft:rotten_flesh":60,"croptopia:strawberry_seed":2,"minecraft:pumpkin_pie":1,"minecraft:hay_block":22,"minecraft:stripped_dark_oak_wood":19,"minecraft:gold_ingot":12,"tombstone:essence_of_undeath":1,"croptopia:elderberry":1,"minecraft:mutton":16,"minecraft:blaze_powder":4,"minecraft:white_wool":8,"minecraft:cobblestone":25,"croptopia:cauliflower":1,"minecraft:leather_chestplate":1,"minecraft:feather":3,"minecraft:cherry_planks":12,"minecraft:leather":13,"minecraft:filled_map":1,"minecraft:packed_mud":2,"minecraft:chainmail_chestplate":1,"croptopia:celery":2,"minecraft:dirt":1,"minecraft:blue_bed":1,"tombstone:gift":1,"minecraft:bone":14,"minecraft:gray_carpet":8,"minecraft:wheat_seeds":1,"minecraft:iron_ingot":1,"minecraft:mangrove_planks":2,"minecraft:glass_bottle":2,"croptopia:elderberry_seed":1,"minecraft:iron_sword":1,"minecraft:book":3,"minecraft:black_terracotta":12,"croptopia:cauliflower_seed":2,"minecraft:sweet_berries":3,"croptopia:starfruit":4,"croptopia:blackberry":1,"minecraft:gravel":2,"croptopia:celery_seed":2,"minecraft:blast_furnace":3,"grimoireofgaia:box_iron":1,"minecraft:slime_ball":1,"minecraft:diamond":2,"minecraft:golden_apple":1,"minecraft:bread":23,"tombstone:magic_scroll":1,"minecraft:coal":46}},"DataVersion":3465}