{"stats":{"minecraft:killed_by":{"minecraft:drowned":1,"irons_spellbooks:summoned_vex":1},"minecraft:picked_up":{"irons_spellbooks:scroll":4,"minecraft:shelter_pottery_sherd":1,"minecraft:crafting_table":9,"minecraft:coarse_dirt":1,"alexscaves:waste_drum":4,"minecraft:wheat":5,"minecraft:oak_stairs":2,"minecraft:gold_block":8,"minecraft:enchanted_book":1,"minecraft:stone_brick_stairs":1,"minecraft:shield":1,"minecraft:string":10,"alexsmobs:gazelle_horn":1,"croptopia:saguaro_seed":1,"minecraft:moss_carpet":1,"minecraft:raw_copper":87,"minecraft:iron_axe":2,"minecraft:white_carpet":1,"alexscaves:acidic_radrock":1,"minecraft:cracked_stone_bricks":1,"irons_spellbooks:arcane_essence":19,"minecraft:red_sand":1,"minecraft:redstone_torch":4,"minecraft:cobblestone_slab":3,"bossominium:vex_wing":3,"minecraft:iron_pickaxe":1,"minecraft:iron_nugget":7,"dynamictrees:oak_seed":38,"irons_spellbooks:blank_rune":2,"minecraft:melon_slice":69,"minecraft:coal_block":7,"minecraft:chest":7,"irons_spellbooks:inscription_table":2,"minecraft:sheaf_pottery_sherd":1,"minecraft:stick":251,"minecraft:raw_iron":27,"grimoireofgaia:meat":2,"minecraft:raw_gold_block":9,"minecraft:torch":4,"minecraft:cherry_log":41,"tombstone:grave_dust":4,"irons_spellbooks:fire_rune":1,"minecraft:dark_oak_planks":23,"irons_spellbooks:evocation_rune":1,"minecraft:arrow":26,"minecraft:cactus":4,"minecraft:rotten_flesh":25,"upgrade_aquatic:driftwood_log":1,"minecraft:hay_block":16,"irons_spellbooks:magic_cloth":1,"minecraft:mutton":2,"minecraft:cobblestone":2462,"paraglider:paraglider":4,"minecraft:birch_log":22,"minecraft:pink_petals":21,"minecraft:feather":9,"minecraft:andesite":80,"alexscaves:rusty_rebar":1,"minecraft:flint":7,"paraglider:spirit_orb":2,"minecraft:oak_log":80,"evilcraft:flesh_humanoid":3,"minecraft:yellow_bed":1,"minecraft:gunpowder":5,"minecraft:dirt":164,"minecraft:paper":1,"irons_spellbooks:rare_ink":2,"minecraft:orange_terracotta":10,"minecraft:bone":30,"irons_spellbooks:iron_spell_book":1,"minecraft:stone_bricks":2,"minecraft:wheat_seeds":20,"alexscaves:radrock":123,"dynamictrees:birch_seed":7,"minecraft:stone_pickaxe":1,"minecraft:cobweb":5,"minecraft:gray_bed":1,"minecraft:oxidized_cut_copper":1,"minecraft:oak_planks":35,"minecraft:book":97,"minecraft:emerald_block":1,"minecraft:dark_oak_slab":1,"irons_spellbooks:legendary_ink":2,"alexscaves:uranium":44,"minecraft:gravel":1,"minecraft:amethyst_shard":4,"minecraft:stripped_spruce_log":2,"minecraft:spider_eye":2,"minecraft:spruce_log":3,"alexscaves:metal_rebar":1,"minecraft:barrel":26,"minecraft:bundle":1,"minecraft:light_gray_terracotta":1,"minecraft:angler_pottery_sherd":1,"minecraft:snort_pottery_sherd":1,"waystones:waystone":3,"evilcraft:dark_gem":13,"minecraft:crossbow":1,"minecraft:granite":20,"dynamictrees:cherry_seed":23,"alexsmobs:tarantula_hawk_wing_fragment":1,"minecraft:emerald":8,"minecraft:terracotta":18,"minecraft:dark_oak_fence":2,"minecraft:coal":55,"atlantis:aquamarine_gem":74,"minecraft:ender_pearl":2},"minecraft:killed":{"minecraft:vex":2,"minecraft:witch":1,"alexsmobs:tarantula_hawk":2,"irons_spellbooks:pyromancer":1,"minecraft:spider":6,"minecraft:vindicator":2,"endermanoverhaul:scarab":3,"minecraft:skeleton":9,"endermanoverhaul:desert_enderman":1,"minecraft:silverfish":24,"minecraft:drowned":1,"grimoireofgaia:gravemite":1,"endermanoverhaul:badlands_enderman":1,"minecraft:husk":2,"grimoireofgaia:mummy":1,"minecraft:pillager":10,"minecraft:zombie":23,"alexsmobs:gazelle":1,"grimoireofgaia:harpy":1,"grimoireofgaia:werecat":2},"minecraft:used":{"minecraft:chest":18,"minecraft:shield":41,"minecraft:rotten_flesh":5,"minecraft:oxidized_cut_copper":1,"minecraft:torch":103,"atlantis:aquamarine_helmet":1,"minecraft:dirt":10,"minecraft:granite":19,"alexscaves:waste_drum":2,"tombstone:ankh_of_pray":3,"minecraft:dark_oak_planks":21,"alexscaves:acidic_radrock":1,"minecraft:iron_axe":192,"tombstone:gift":6,"atlantis:shovel_aquamarine":176,"minecraft:orange_terracotta":8,"minecraft:cherry_log":19,"minecraft:cooked_mutton":14,"minecraft:stone_pickaxe":119,"minecraft:oak_planks":11,"minecraft:wooden_pickaxe":11,"atlantis:sword_aquamarine":280,"minecraft:terracotta":17,"tombstone:scroll_of_feather_fall":1,"minecraft:crafting_table":16,"minecraft:crossbow":13,"minecraft:cod":3,"justhammers:iron_hammer":303,"minecraft:oak_log":51,"waystones:waystone":1,"minecraft:apple":3,"alexscaves:slam":3,"minecraft:bread":30,"minecraft:melon_slice":73,"minecraft:iron_pickaxe":541,"tombstone:grave_key":3,"minecraft:gravel":1,"minecraft:cobblestone":103,"minecraft:cooked_rabbit":4,"minecraft:yellow_bed":1,"alexsmobs:animal_dictionary":2,"alexscaves:radrock":59,"newshieldvariants:iron_shield":31,"irons_spellbooks:inscription_table":1},"minecraft:mined":{"minecraft:dark_oak_planks":20,"alexscaves:acidic_radrock":1,"minecraft:mossy_cobblestone":3,"alexscaves:radrock":123,"minecraft:cobblestone_stairs":1,"minecraft:cherry_log":11,"alexscaves:metal_rebar":1,"minecraft:granite":20,"minecraft:red_sand":1,"minecraft:grass_block":51,"minecraft:infested_cobblestone":2,"minecraft:decorated_pot":2,"minecraft:coal_block":7,"minecraft:spruce_leaves":1,"minecraft:moss_block":2,"alexscaves:rusty_rebar":1,"minecraft:spawner":1,"minecraft:hay_block":16,"alexscaves:radrock_uranium_ore":22,"minecraft:oxidized_cut_copper":2,"minecraft:raw_gold_block":9,"minecraft:iron_ore":27,"minecraft:barrel":26,"minecraft:chiseled_sandstone":2,"dynamictrees:cherry_leaves":2,"minecraft:stripped_spruce_log":2,"evilcraft:dark_ore":3,"minecraft:gold_block":8,"minecraft:dark_oak_stairs":1,"minecraft:bookshelf":32,"minecraft:cobblestone_slab":3,"minecraft:oak_stairs":2,"alexscaves:underweed":1,"minecraft:smooth_sandstone_stairs":2,"irons_spellbooks:inscription_table":2,"minecraft:stone":236,"minecraft:acacia_leaves":3,"minecraft:orange_terracotta":13,"minecraft:amethyst_cluster":1,"minecraft:smooth_sandstone":2,"minecraft:crafting_table":9,"minecraft:torch":2,"minecraft:light_gray_terracotta":1,"minecraft:emerald_ore":2,"minecraft:oxidized_copper":1,"minecraft:melon":15,"minecraft:chest":7,"minecraft:dead_bush":7,"minecraft:tall_grass":3,"minecraft:cobblestone":41,"alexscaves:rusty_scaffolding":1,"minecraft:lapis_ore":1,"minecraft:wall_torch":2,"minecraft:deepslate_copper_ore":3,"minecraft:pink_petals":1,"minecraft:cactus":3,"minecraft:coarse_dirt":1,"minecraft:dark_oak_slab":1,"minecraft:mud":3,"minecraft:redstone_torch":3,"minecraft:wheat":5,"minecraft:spruce_log":3,"minecraft:gray_bed":1,"minecraft:yellow_bed":1,"alexscaves:waste_drum":2,"atlantis:aquamarine_ore":55,"minecraft:stone_brick_stairs":2,"minecraft:grass":10,"structure_gel:dynamic_spawner":6,"minecraft:oak_log":1,"minecraft:coal_ore":5,"minecraft:gravel":1,"minecraft:dirt":128,"minecraft:sand":1,"minecraft:cobweb":7,"minecraft:cracked_stone_bricks":7,"minecraft:raw_copper_block":2,"minecraft:terracotta":23,"upgrade_aquatic:driftwood_log":1,"minecraft:stone_bricks":6,"minecraft:polished_andesite":1,"minecraft:emerald_block":1,"minecraft:oak_leaves":3},"minecraft:broken":{"atlantis:sword_aquamarine":1,"minecraft:shield":1,"atlantis:aquamarine_helmet":1,"minecraft:iron_pickaxe":1},"minecraft:dropped":{"minecraft:enchanted_book":1,"minecraft:stripped_spruce_log":2,"minecraft:shelter_pottery_sherd":1,"minecraft:wheat_seeds":10,"minecraft:crossbow":2,"minecraft:sheaf_pottery_sherd":1,"alexscaves:rusty_rebar":1,"minecraft:stick":2,"minecraft:cobweb":2,"minecraft:dark_oak_fence":2,"minecraft:mutton":2,"minecraft:gray_bed":1,"tombstone:grave_dust":2,"irons_spellbooks:arcane_essence":16,"minecraft:iron_axe":2,"dynamictrees:cherry_seed":3,"minecraft:iron_pickaxe":2,"minecraft:angler_pottery_sherd":1,"paraglider:paraglider":4,"minecraft:dark_oak_planks":10,"minecraft:bone":18,"upgrade_aquatic:driftwood_log":1,"minecraft:iron_nugget":3,"alexscaves:waste_drum":2,"irons_spellbooks:blank_rune":1,"alexscaves:uranium":22,"alexsmobs:gazelle_horn":1,"dynamictrees:oak_seed":2,"minecraft:coarse_dirt":1,"minecraft:light_gray_terracotta":1,"alexscaves:radrock":16,"minecraft:raw_iron":5,"minecraft:white_carpet":1,"minecraft:rotten_flesh":2,"minecraft:oak_planks":42,"croptopia:saguaro_seed":1,"justhammers:iron_hammer":3,"evilcraft:flesh_humanoid":3,"alexscaves:metal_rebar":1,"minecraft:shield":1,"minecraft:gunpowder":1,"minecraft:orange_terracotta":2,"alexscaves:spelunkie":1,"minecraft:stone_bricks":1,"minecraft:snort_pottery_sherd":1,"minecraft:spruce_log":3,"minecraft:arrow":10,"minecraft:red_sand":1,"minecraft:raw_gold":4,"minecraft:stone_pickaxe":1,"minecraft:wooden_pickaxe":1,"minecraft:terracotta":1},"minecraft:custom":{"minecraft:mob_kills":96,"minecraft:interact_with_crafting_table":33,"minecraft:open_barrel":95,"minecraft:leave_game":9,"minecraft:time_since_death":3970,"minecraft:climb_one_cm":22671,"minecraft:sprint_one_cm":567903,"minecraft:walk_one_cm":769256,"minecraft:damage_blocked_by_shield":3673,"minecraft:drop":76,"minecraft:play_time":270467,"minecraft:sneak_time":9632,"minecraft:deaths":16,"minecraft:walk_under_water_one_cm":64034,"minecraft:interact_with_lectern":1,"minecraft:jump":3872,"minecraft:interact_with_blast_furnace":2,"minecraft:walk_on_water_one_cm":129704,"minecraft:total_world_time":270467,"minecraft:interact_with_furnace":4,"tombstone:raider_killed":13,"minecraft:interact_with_loom":1,"minecraft:sleep_in_bed":4,"minecraft:time_since_rest":3528,"minecraft:waystone_activated":3,"minecraft:damage_taken":7863,"minecraft:damage_dealt":15817,"tombstone:cast_on_ally":0,"minecraft:swim_one_cm":149790,"minecraft:fly_one_cm":924937,"minecraft:open_chest":162,"minecraft:crouch_one_cm":14490,"tombstone:undead_killed":35,"minecraft:fall_one_cm":77205,"minecraft:horse_one_cm":356986},"minecraft:crafted":{"minecraft:cherry_planks":88,"minecraft:oak_planks":28,"minecraft:iron_nugget":9,"irons_spellbooks:iron_spell_book":1,"minecraft:chain":3,"newshieldvariants:iron_shield":1,"minecraft:dark_oak_fence":3,"tombstone:grave_key":1,"minecraft:iron_axe":1,"minecraft:stone_pickaxe":1,"minecraft:chest":17,"atlantis:aquamarine_chestplate":1,"minecraft:dark_oak_planks":40,"minecraft:raw_iron_block":17,"minecraft:wheat":144,"paraglider:paraglider":1,"atlantis:aquamarine_leggings":1,"atlantis:aquamarine_helmet":1,"minecraft:crafting_table":8,"minecraft:wooden_pickaxe":1,"minecraft:raw_gold_block":23,"tombstone:ankh_of_pray":1,"minecraft:birch_planks":88,"minecraft:bread":53,"justhammers:iron_hammer":4,"atlantis:shovel_aquamarine":1,"minecraft:dark_oak_slab":6,"minecraft:book":1,"minecraft:shield":1,"minecraft:stick":12,"minecraft:iron_pickaxe":3,"atlantis:sword_aquamarine":1,"irons_spellbooks:inscription_table":1,"atlantis:aquamarine_boots":1,"minecraft:torch":64}},"DataVersion":3465}