{"stats":{"minecraft:killed":{"minecraft:witch":1,"irons_spellbooks:pyromancer":1,"minecraft:spider":6,"minecraft:skeleton":9,"endermanoverhaul:desert_enderman":1,"minecraft:silverfish":24,"grimoireofgaia:gravemite":1,"endermanoverhaul:badlands_enderman":1,"minecraft:pillager":10,"minecraft:zombie":23,"grimoireofgaia:harpy":1,"minecraft:vex":2,"alexsmobs:tarantula_hawk":2,"minecraft:vindicator":2,"endermanoverhaul:scarab":3,"minecraft:drowned":1,"minecraft:husk":2,"grimoireofgaia:mummy":1,"alexsmobs:gazelle":1,"grimoireofgaia:werecat":2},"minecraft:broken":{"atlantis:sword_aquamarine":1,"atlantis:aquamarine_helmet":1,"minecraft:shield":1,"minecraft:iron_pickaxe":1},"minecraft:dropped":{"atlantis:aquamarine_chestplate":1,"minecraft:crossbow":2,"minecraft:sheaf_pottery_sherd":1,"minecraft:dark_oak_fence":2,"minecraft:mutton":2,"irons_spellbooks:arcane_essence":16,"minecraft:iron_pickaxe":2,"paraglider:paraglider":4,"minecraft:dark_oak_planks":10,"minecraft:bone":18,"upgrade_aquatic:driftwood_log":1,"dynamictrees:oak_seed":2,"irons_spellbooks:blank_rune":1,"alexsmobs:gazelle_horn":1,"alexscaves:waste_drum":2,"minecraft:iron_nugget":3,"alexscaves:radrock":16,"minecraft:rotten_flesh":2,"minecraft:oak_planks":42,"croptopia:saguaro_seed":1,"justhammers:iron_hammer":3,"evilcraft:flesh_humanoid":3,"alexscaves:metal_rebar":1,"minecraft:gunpowder":1,"minecraft:snort_pottery_sherd":1,"minecraft:arrow":10,"minecraft:enchanted_book":1,"minecraft:stripped_spruce_log":2,"minecraft:wheat_seeds":10,"minecraft:shelter_pottery_sherd":1,"alexscaves:rusty_rebar":1,"minecraft:stick":2,"minecraft:cobweb":2,"minecraft:gray_bed":1,"tombstone:grave_dust":2,"minecraft:iron_axe":3,"dynamictrees:cherry_seed":3,"minecraft:angler_pottery_sherd":1,"alexscaves:uranium":22,"minecraft:coarse_dirt":1,"minecraft:light_gray_terracotta":1,"atlantis:aquamarine_leggings":1,"minecraft:raw_iron":5,"minecraft:white_carpet":1,"minecraft:filled_map":1,"minecraft:shield":1,"minecraft:orange_terracotta":2,"alexscaves:spelunkie":1,"minecraft:stone_bricks":1,"minecraft:spruce_log":3,"minecraft:red_sand":1,"minecraft:stone_pickaxe":1,"minecraft:wooden_pickaxe":1,"minecraft:raw_gold":4,"waystones:waystone":2,"atlantis:aquamarine_boots":1,"minecraft:terracotta":1},"minecraft:custom":{"minecraft:interact_with_crafting_table":35,"minecraft:open_barrel":105,"minecraft:leave_game":9,"minecraft:time_since_death":18225,"minecraft:sprint_one_cm":585782,"minecraft:damage_blocked_by_shield":3673,"minecraft:drop":83,"minecraft:play_time":284722,"minecraft:deaths":16,"minecraft:jump":3989,"minecraft:walk_on_water_one_cm":129704,"minecraft:interact_with_furnace":24,"minecraft:interact_with_loom":1,"minecraft:sleep_in_bed":4,"minecraft:waystone_activated":3,"minecraft:damage_dealt":15817,"minecraft:crouch_one_cm":14694,"tombstone:undead_killed":35,"minecraft:horse_one_cm":356986,"minecraft:interact_with_anvil":1,"minecraft:mob_kills":96,"minecraft:climb_one_cm":22671,"minecraft:walk_one_cm":820237,"minecraft:sneak_time":9757,"minecraft:walk_under_water_one_cm":64034,"minecraft:interact_with_lectern":1,"minecraft:interact_with_blast_furnace":2,"minecraft:total_world_time":284722,"tombstone:raider_killed":13,"minecraft:time_since_rest":17783,"minecraft:damage_taken":8008,"tombstone:cast_on_ally":0,"minecraft:swim_one_cm":149790,"minecraft:fly_one_cm":946505,"minecraft:open_chest":214,"minecraft:fall_one_cm":79991},"minecraft:crafted":{"minecraft:oak_planks":28,"irons_spellbooks:iron_spell_book":1,"minecraft:chain":3,"minecraft:stone":2,"newshieldvariants:iron_shield":1,"tombstone:grave_key":1,"minecraft:chest":17,"atlantis:aquamarine_chestplate":2,"minecraft:raw_iron_block":17,"atlantis:aquamarine_helmet":2,"minecraft:crafting_table":8,"minecraft:wooden_pickaxe":1,"minecraft:raw_gold_block":23,"minecraft:birch_planks":88,"atlantis:shovel_aquamarine":1,"minecraft:dark_oak_slab":6,"minecraft:book":1,"minecraft:shield":1,"minecraft:stick":12,"minecraft:iron_pickaxe":3,"atlantis:sword_aquamarine":2,"atlantis:aquamarine_boots":2,"minecraft:cherry_planks":88,"minecraft:coal":63,"minecraft:iron_nugget":9,"minecraft:furnace":8,"minecraft:dark_oak_fence":3,"minecraft:iron_axe":2,"minecraft:stone_pickaxe":1,"minecraft:dark_oak_planks":40,"minecraft:wheat":144,"paraglider:paraglider":1,"atlantis:aquamarine_leggings":2,"tombstone:ankh_of_pray":1,"minecraft:bread":53,"minecraft:air":0,"justhammers:iron_hammer":4,"irons_spellbooks:inscription_table":1,"minecraft:torch":64},"minecraft:used":{"minecraft:chest":27,"minecraft:shield":41,"minecraft:stone":1,"minecraft:rotten_flesh":5,"minecraft:oxidized_cut_copper":1,"alexscaves:acidic_radrock":1,"minecraft:furnace":8,"atlantis:shovel_aquamarine":176,"minecraft:mossy_stone_bricks":1,"travelersbackpack:cow":1,"minecraft:stone_pickaxe":119,"minecraft:oak_planks":11,"minecraft:wooden_pickaxe":11,"minecraft:crossbow":13,"waystones:waystone":1,"minecraft:melon_slice":73,"minecraft:bread":32,"tombstone:grave_key":3,"minecraft:gravel":1,"minecraft:cooked_rabbit":4,"newshieldvariants:iron_shield":31,"minecraft:torch":103,"atlantis:aquamarine_helmet":1,"minecraft:dirt":10,"minecraft:granite":19,"alexscaves:waste_drum":2,"paraglider:horned_statue":2,"minecraft:dark_oak_planks":21,"tombstone:ankh_of_pray":3,"minecraft:iron_axe":210,"minecraft:barrel":13,"tombstone:gift":6,"minecraft:cherry_log":19,"minecraft:orange_terracotta":8,"minecraft:cooked_mutton":14,"atlantis:sword_aquamarine":280,"minecraft:terracotta":17,"tombstone:scroll_of_feather_fall":1,"minecraft:crafting_table":16,"minecraft:cod":3,"justhammers:iron_hammer":303,"minecraft:oak_log":53,"alexscaves:slam":3,"minecraft:apple":3,"minecraft:iron_pickaxe":543,"minecraft:cobblestone":103,"minecraft:yellow_bed":1,"alexsmobs:animal_dictionary":2,"alexscaves:radrock":59,"irons_spellbooks:inscription_table":1},"minecraft:picked_up":{"irons_spellbooks:scroll":4,"alexscaves:waste_drum":4,"minecraft:wheat":5,"minecraft:lead":1,"minecraft:oak_stairs":2,"minecraft:enchanted_book":1,"minecraft:stone_brick_stairs":1,"alexsmobs:gazelle_horn":1,"minecraft:string":10,"minecraft:raw_copper":87,"alexscaves:acidic_radrock":1,"irons_spellbooks:arcane_essence":19,"minecraft:red_sand":1,"minecraft:redstone_torch":4,"minecraft:cobblestone_slab":3,"dynamictrees:oak_seed":38,"minecraft:iron_pickaxe":1,"irons_spellbooks:blank_rune":2,"minecraft:melon_slice":69,"minecraft:coal_block":7,"irons_spellbooks:inscription_table":2,"minecraft:stick":251,"minecraft:sheaf_pottery_sherd":1,"minecraft:torch":4,"minecraft:cherry_log":41,"tombstone:grave_dust":4,"irons_spellbooks:fire_rune":1,"minecraft:cactus":4,"minecraft:rotten_flesh":25,"irons_spellbooks:magic_cloth":1,"minecraft:cobblestone":2463,"paraglider:paraglider":4,"minecraft:birch_log":22,"minecraft:pink_petals":21,"minecraft:feather":9,"minecraft:andesite":80,"paraglider:spirit_orb":2,"minecraft:flint":7,"evilcraft:flesh_humanoid":3,"minecraft:dirt":164,"minecraft:bone":30,"irons_spellbooks:iron_spell_book":1,"minecraft:wheat_seeds":20,"minecraft:mossy_stone_bricks":1,"minecraft:oak_planks":35,"irons_spellbooks:legendary_ink":2,"alexscaves:uranium":44,"minecraft:stripped_spruce_log":2,"alexscaves:metal_rebar":1,"minecraft:barrel":29,"minecraft:bundle":1,"minecraft:light_gray_terracotta":1,"minecraft:angler_pottery_sherd":1,"waystones:waystone":5,"minecraft:crossbow":1,"minecraft:granite":20,"alexsmobs:tarantula_hawk_wing_fragment":1,"minecraft:emerald":8,"minecraft:dark_oak_fence":2,"atlantis:aquamarine_gem":74,"minecraft:crafting_table":9,"minecraft:shelter_pottery_sherd":1,"minecraft:coarse_dirt":1,"minecraft:gold_block":8,"minecraft:shield":1,"croptopia:saguaro_seed":1,"minecraft:moss_carpet":1,"minecraft:iron_axe":3,"minecraft:white_carpet":1,"minecraft:cracked_stone_bricks":1,"minecraft:iron_nugget":7,"bossominium:vex_wing":3,"minecraft:chest":10,"minecraft:raw_iron":27,"grimoireofgaia:meat":2,"minecraft:raw_gold_block":9,"minecraft:dark_oak_planks":23,"irons_spellbooks:evocation_rune":1,"minecraft:arrow":26,"upgrade_aquatic:driftwood_log":1,"minecraft:hay_block":16,"paraglider:horned_statue":2,"minecraft:mutton":2,"alexscaves:rusty_rebar":1,"minecraft:oak_log":93,"minecraft:yellow_bed":1,"minecraft:gunpowder":5,"minecraft:paper":1,"irons_spellbooks:rare_ink":2,"minecraft:orange_terracotta":10,"travelersbackpack:cow":1,"minecraft:stone_bricks":2,"dynamictrees:birch_seed":7,"alexscaves:radrock":123,"minecraft:stone_pickaxe":1,"minecraft:cobweb":5,"minecraft:gray_bed":1,"minecraft:oxidized_cut_copper":1,"minecraft:book":97,"minecraft:emerald_block":1,"minecraft:dark_oak_slab":1,"minecraft:gravel":1,"minecraft:amethyst_shard":4,"minecraft:spruce_log":3,"minecraft:spider_eye":2,"minecraft:snort_pottery_sherd":1,"evilcraft:dark_gem":13,"dynamictrees:cherry_seed":23,"minecraft:terracotta":18,"minecraft:coal":55,"minecraft:ender_pearl":2},"minecraft:killed_by":{"minecraft:drowned":1,"irons_spellbooks:summoned_vex":1},"minecraft:mined":{"minecraft:dark_oak_planks":20,"minecraft:cherry_log":11,"minecraft:cobblestone_stairs":1,"minecraft:granite":20,"minecraft:red_sand":1,"minecraft:grass_block":51,"minecraft:infested_cobblestone":2,"minecraft:coal_block":7,"alexscaves:rusty_rebar":1,"minecraft:spawner":1,"minecraft:iron_ore":27,"minecraft:barrel":29,"minecraft:dark_oak_stairs":1,"minecraft:oak_stairs":2,"alexscaves:underweed":1,"minecraft:smooth_sandstone_stairs":2,"minecraft:amethyst_cluster":1,"minecraft:orange_terracotta":13,"minecraft:torch":2,"minecraft:light_gray_terracotta":1,"minecraft:oxidized_copper":1,"minecraft:melon":15,"minecraft:chest":10,"minecraft:dead_bush":7,"minecraft:cobblestone":41,"alexscaves:rusty_scaffolding":1,"minecraft:wall_torch":2,"minecraft:deepslate_copper_ore":3,"minecraft:pink_petals":1,"minecraft:dark_oak_slab":1,"minecraft:mud":3,"paraglider:horned_statue":1,"minecraft:wheat":5,"atlantis:aquamarine_ore":55,"minecraft:stone_brick_stairs":2,"minecraft:grass":12,"minecraft:oak_log":13,"minecraft:sand":1,"minecraft:dirt":128,"structure_gel:dynamic_spawner":6,"minecraft:raw_copper_block":2,"minecraft:oak_leaves":3,"minecraft:emerald_block":1,"alexscaves:acidic_radrock":1,"minecraft:mossy_cobblestone":3,"alexscaves:radrock":123,"alexscaves:metal_rebar":1,"minecraft:decorated_pot":2,"minecraft:spruce_leaves":1,"minecraft:moss_block":2,"minecraft:hay_block":16,"alexscaves:radrock_uranium_ore":22,"minecraft:oxidized_cut_copper":2,"minecraft:raw_gold_block":9,"minecraft:chiseled_sandstone":2,"dynamictrees:cherry_leaves":2,"minecraft:stripped_spruce_log":2,"evilcraft:dark_ore":3,"minecraft:gold_block":8,"minecraft:bookshelf":32,"minecraft:cobblestone_slab":3,"irons_spellbooks:inscription_table":2,"minecraft:stone":237,"minecraft:acacia_leaves":3,"minecraft:smooth_sandstone":2,"minecraft:crafting_table":9,"minecraft:emerald_ore":2,"minecraft:tall_grass":3,"minecraft:lapis_ore":1,"minecraft:cactus":3,"minecraft:coarse_dirt":1,"minecraft:redstone_torch":3,"minecraft:gray_bed":1,"minecraft:spruce_log":3,"alexscaves:waste_drum":2,"minecraft:yellow_bed":1,"minecraft:coal_ore":5,"minecraft:gravel":1,"minecraft:cobweb":7,"minecraft:cracked_stone_bricks":7,"minecraft:terracotta":23,"upgrade_aquatic:driftwood_log":1,"minecraft:polished_andesite":1,"minecraft:stone_bricks":6}},"DataVersion":3465}