{"stats":{"minecraft:killed":{"irons_spellbooks:priest":4,"minecraft:spider":9,"grimoireofgaia:minotaurus":4,"alexsmobs:froststalker":2,"grimoireofgaia:orc":1,"minecraft:skeleton":27,"alexsmobs:leafcutter_ant":2,"minecraft:chicken":1,"irons_spellbooks:summoned_skeleton":1,"grimoireofgaia:flesh_lich":1,"grimoireofgaia:spriggan":1,"minecraft:magma_cube":3,"minecraft:pig":4,"grimoireofgaia:banshee":1,"grimoireofgaia:bone_knight":1,"minecraft:iron_golem":1,"irons_spellbooks:necromancer":2,"minecraft:creeper":4,"alexsmobs:warped_toad":1,"minecraft:sheep":9,"minecraft:zombie":17,"grimoireofgaia:deathword":1,"grimoireofgaia:harpy":3,"alexsmobs:fly":1,"grimoireofgaia:dryad":1,"minecraft:cow":28,"irons_spellbooks:summoned_zombie":1,"grimoireofgaia:succubus":5,"alexsmobs:tasmanian_devil":2,"grimoireofgaia:centaur":1,"grimoireofgaia:valkyrie":1,"minecraft:drowned":1,"grimoireofgaia:dwarf":1,"grimoireofgaia:sludge_girl":7,"minecraft:warden":2,"minecraft:husk":38,"grimoireofgaia:cyan_flower":1,"grimoireofgaia:gryphon":6,"grimoireofgaia:cecaelia":3,"evilcraft:poisonous_libelle":1,"grimoireofgaia:wither_cow":2,"grimoireofgaia:matango":3,"alexsmobs:crow":2,"grimoireofgaia:werecat":2,"minecraft:enderman":1},"minecraft:crafted":{"minecraft:oak_planks":428,"irons_spellbooks:holy_rune":1,"travelersbackpack:crafting_upgrade":1,"cataclysm:sticky_gloves":1,"irons_spellbooks:iron_spell_book":2,"minecraft:chain":6,"minecraft:birch_slab":6,"minecraft:stone":55,"irons_spellbooks:divine_pearl":5,"minecraft:diamond_shovel":1,"irons_spellbooks:artificer_cane":2,"minecraft:bookshelf":1,"weaponmaster:workstation":1,"minecraft:glass":32,"minecraft:iron_boots":1,"evilcraft:blood_extractor":1,"justhammers:diamond_hammer":1,"minecraft:chest":65,"weaponmaster:weaponkit":2,"minecraft:oak_slab":6,"travelersbackpack:iron_tier_upgrade":1,"minecraft:cooked_porkchop":5,"minecraft:diamond_axe":1,"minecraft:crafting_table":6,"travelersbackpack:standard":2,"minecraft:wooden_pickaxe":1,"irons_spellbooks:priest_chestplate":1,"minecraft:smithing_table":1,"minecraft:birch_planks":44,"rechiseled:chisel":1,"minecraft:lectern":1,"minecraft:iron_chestplate":1,"minecraft:paper":6,"minecraft:diamond_pickaxe":1,"evilcraft:spikey_claws":1,"minecraft:shield":4,"minecraft:birch_fence":3,"minecraft:stick":116,"minecraft:iron_ingot":13,"minecraft:iron_pickaxe":1,"minecraft:iron_block":3,"travelersbackpack:cow":1,"irons_spellbooks:magic_cloth":11,"minecraft:shears":1,"minecraft:cherry_planks":72,"evilcraft:dark_spike":16,"minecraft:iron_nugget":18,"travelersbackpack:blank_upgrade":4,"travelersbackpack:gold_tier_upgrade":1,"irons_spellbooks:scroll_forge":1,"travelersbackpack:white_sleeping_bag":2,"minecraft:polished_deepslate":16,"minecraft:iron_axe":1,"minecraft:stone_pickaxe":1,"minecraft:dark_oak_planks":136,"travelersbackpack:diamond_tier_upgrade":1,"minecraft:wheat":72,"minecraft:cooked_beef":55,"travelersbackpack:backpack_tank":4,"minecraft:bucket":2,"minecraft:stone_axe":1,"minecraft:bread":24,"minecraft:air":0,"minecraft:wooden_axe":1,"minecraft:anvil":1,"irons_spellbooks:inscription_table":1,"minecraft:acacia_planks":80,"minecraft:torch":324},"minecraft:custom":{"minecraft:interact_with_crafting_table":76,"minecraft:open_barrel":56,"minecraft:leave_game":7,"minecraft:time_since_death":8204,"minecraft:sprint_one_cm":1655140,"minecraft:damage_blocked_by_shield":5645,"minecraft:drop":232,"minecraft:talked_to_villager":2,"minecraft:play_time":649975,"minecraft:deaths":2,"minecraft:jump":7822,"minecraft:walk_on_water_one_cm":92251,"minecraft:interact_with_furnace":39,"minecraft:interact_with_loom":1,"minecraft:sleep_in_bed":13,"minecraft:damage_dealt":36898,"minecraft:crouch_one_cm":248597,"tombstone:undead_killed":89,"minecraft:use_cauldron":2,"minecraft:interact_with_smithing_table":10,"minecraft:interact_with_anvil":7,"minecraft:mob_kills":215,"minecraft:fill_cauldron":1,"minecraft:damage_dealt_resisted":171,"minecraft:climb_one_cm":43717,"minecraft:walk_one_cm":1797803,"minecraft:sneak_time":61833,"minecraft:walk_under_water_one_cm":44322,"minecraft:interact_with_lectern":3,"minecraft:interact_with_blast_furnace":3,"minecraft:total_world_time":649975,"tombstone:raider_killed":2,"minecraft:tune_noteblock":4,"minecraft:time_since_rest":1055,"minecraft:damage_absorbed":248,"minecraft:damage_taken":13385,"tombstone:cast_on_ally":1,"minecraft:swim_one_cm":81736,"minecraft:fly_one_cm":1571318,"minecraft:open_chest":746,"minecraft:fall_one_cm":230394},"minecraft:picked_up":{"irons_spellbooks:scroll":9,"minecraft:birch_door":2,"minecraft:wheat":1,"minecraft:black_carpet":11,"croptopia:grape_seed":2,"croptopia:tomatillo_seed":1,"minecraft:diamond_sword":1,"minecraft:oak_stairs":2,"irons_spellbooks:holy_rune":3,"minecraft:enchanted_book":4,"minecraft:potion":1,"minecraft:crimson_planks":6,"minecraft:brewing_stand":1,"minecraft:string":17,"minecraft:raw_copper":22,"minecraft:beetroot_soup":2,"irons_spellbooks:arcane_essence":45,"minecraft:gold_nugget":13,"minecraft:cobbled_deepslate":511,"minecraft:bucket":1,"minecraft:iron_pickaxe":1,"minecraft:cobblestone_slab":1,"minecraft:calcite":5,"minecraft:azalea":1,"minecraft:smooth_quartz":9,"minecraft:azalea_leaves":2,"irons_spellbooks:blank_rune":1,"minecraft:melon_slice":5,"minecraft:furnace":4,"grimoireofgaia:taproot":3,"minecraft:stick":1,"croptopia:blackbean":1,"minecraft:oak_fence":5,"minecraft:torch":42,"croptopia:blackberry_seed":1,"deeperdarker:heart_of_the_deep":2,"minecraft:sandstone_wall":1,"minecraft:porkchop":11,"minecraft:cherry_log":18,"tombstone:grave_dust":16,"minecraft:pointed_dripstone":15,"minecraft:diorite":4,"irons_spellbooks:fire_rune":1,"croptopia:coffee_seed":1,"minecraft:waxed_cut_copper_stairs":2,"minecraft:stone_sword":1,"minecraft:rotten_flesh":111,"croptopia:raspberry_seed":2,"alexsmobs:emu_egg":1,"croptopia:elderberry":1,"minecraft:blaze_rod":6,"minecraft:obsidian":14,"minecraft:blaze_powder":6,"minecraft:cobblestone":2978,"croptopia:cauliflower":1,"minecraft:birch_log":10,"minecraft:lilac":2,"minecraft:leather_chestplate":2,"minecraft:feather":22,"minecraft:cherry_planks":12,"minecraft:iron_door":2,"minecraft:brown_wool":2,"minecraft:chiseled_quartz_block":6,"minecraft:flint":8,"minecraft:tuff":51,"croptopia:celery":2,"minecraft:lapis_lazuli":1,"minecraft:mangrove_slab":3,"minecraft:dirt":132,"minecraft:glass":1,"minecraft:bone":51,"minecraft:acacia_planks":4,"minecraft:wheat_seeds":10,"minecraft:raw_gold":7,"minecraft:glowstone_dust":3,"minecraft:moss_block":8,"minecraft:oak_planks":29,"additional_lights:fire_for_fire_pit_s":2,"croptopia:chile_pepper_seed":2,"minecraft:black_terracotta":12,"irons_spellbooks:frozen_bone":3,"irons_spellbooks:legendary_ink":2,"minecraft:warped_wart_block":3,"croptopia:blackberry":2,"grimoireofgaia:emerald_shard":2,"croptopia:celery_seed":2,"minecraft:sand":40,"minecraft:grass_block":1,"minecraft:dark_oak_log":24,"grimoireofgaia:fireshard":13,"grimoireofgaia:shiny_pearl":2,"minecraft:mossy_cobblestone":5,"weaponmaster:taglockkit":3,"travelersbackpack:white_sleeping_bag":1,"minecraft:light_gray_concrete":9,"grimoireofgaia:withered_brain":5,"weaponmaster:workstation":4,"minecraft:diamond":21,"minecraft:lever":1,"minecraft:granite":20,"minecraft:golden_apple":2,"minecraft:emerald":1,"minecraft:bread":23,"alexsmobs:maggot":2,"minecraft:oak_sapling":3,"minecraft:netherrack":2,"minecraft:dark_oak_fence":2,"minecraft:charcoal":2,"minecraft:crafting_table":7,"minecraft:nether_wart":1,"grimoireofgaia:soulfire":6,"minecraft:chicken":1,"minecraft:ladder":1,"minecraft:clay_ball":10,"minecraft:rabbit_stew":1,"minecraft:turtle_helmet":1,"minecraft:leather_leggings":1,"irons_spellbooks:tarnished_helmet":1,"minecraft:brown_mushroom":1,"tombstone:scroll_of_preservation":1,"minecraft:moss_carpet":16,"evilcraft:poison_sac":1,"minecraft:item_frame":1,"travelersbackpack:pig":1,"minecraft:blue_orchid":3,"deeperdarker:warden_carapace":5,"minecraft:cracked_stone_bricks":6,"minecraft:echo_shard":4,"minecraft:beef":60,"minecraft:poppy":1,"irons_spellbooks:epic_ink":2,"minecraft:iron_nugget":45,"minecraft:sugar_cane":7,"minecraft:birch_sapling":2,"minecraft:raw_iron":58,"minecraft:stripped_mangrove_wood":1,"grimoireofgaia:meat":5,"minecraft:oak_door":1,"evilcraft:origins_of_darkness":1,"croptopia:blackbean_seed":1,"minecraft:carrot":4,"minecraft:redstone":19,"croptopia:strawberry":1,"minecraft:mangrove_trapdoor":2,"minecraft:iron_horse_armor":1,"minecraft:dark_oak_planks":12,"croptopia:grape":1,"weaponmaster:wm_broadswordlarge":1,"minecraft:arrow":48,"minecraft:diamond_chestplate":1,"grimoireofgaia:bag_book":1,"croptopia:strawberry_seed":2,"minecraft:pumpkin_pie":1,"weaponmaster:wm_broadsword":1,"minecraft:hay_block":22,"minecraft:stripped_dark_oak_wood":20,"minecraft:gold_ingot":14,"minecraft:saddle":1,"tombstone:essence_of_undeath":1,"croptopia:salt":72,"minecraft:glow_berries":5,"minecraft:mutton":16,"minecraft:skeleton_skull":2,"minecraft:white_wool":22,"minecraft:birch_leaves":2,"minecraft:leather":45,"minecraft:red_mushroom":2,"minecraft:acacia_wood":54,"minecraft:birch_planks":4,"minecraft:filled_map":1,"grimoireofgaia:bone_shield":1,"minecraft:packed_mud":2,"minecraft:oak_log":112,"minecraft:chainmail_chestplate":1,"additional_lights:al_torch_cobblestone":2,"minecraft:yellow_bed":1,"minecraft:gunpowder":19,"minecraft:cobblestone_stairs":2,"grimoireofgaia:weapon_book_nightmare":1,"minecraft:blue_bed":1,"tombstone:gift":1,"irons_spellbooks:rare_ink":2,"minecraft:gray_carpet":8,"deeperdarker:warden_upgrade_smithing_template":1,"minecraft:apple":15,"minecraft:stone_bricks":3,"minecraft:rabbit_hide":1,"minecraft:iron_ingot":10,"croptopia:raspberry":1,"weaponmaster:tutorialbook":1,"tombstone:bag_of_seeds":1,"minecraft:glass_bottle":4,"croptopia:elderberry_seed":1,"minecraft:mangrove_planks":2,"minecraft:iron_sword":1,"minecraft:flowering_azalea":1,"minecraft:acacia_sapling":2,"minecraft:book":3,"minecraft:sculk_catalyst":2,"croptopia:cauliflower_seed":2,"minecraft:emerald_block":1,"minecraft:pumpkin":1,"minecraft:sweet_berries":3,"croptopia:starfruit":4,"minecraft:stone_brick_slab":3,"minecraft:quartz":67,"minecraft:dripstone_block":48,"minecraft:gravel":36,"minecraft:blast_furnace":13,"grimoireofgaia:box_iron":3,"minecraft:crying_obsidian":5,"minecraft:spider_eye":5,"irons_spellbooks:poisonward_ring":1,"travelersbackpack:standard":3,"minecraft:slime_ball":6,"evilcraft:dark_gem":45,"minecraft:gray_wool":2,"minecraft:warped_roots":3,"tombstone:magic_scroll":5,"minecraft:damaged_anvil":1,"minecraft:coal":102,"minecraft:ender_pearl":6},"minecraft:broken":{"minecraft:stone_axe":1,"minecraft:shield":2},"minecraft:used":{"minecraft:beetroot":3,"minecraft:moss_block":3,"minecraft:polished_deepslate":12,"minecraft:chest":63,"grimoireofgaia:fireshard":9,"minecraft:shield":141,"minecraft:iron_sword":237,"grimoireofgaia:soulfire":22,"travelersbackpack:pig":1,"minecraft:tuff":50,"minecraft:carrot":4,"minecraft:obsidian":12,"minecraft:stripped_dark_oak_wood":1,"minecraft:rabbit_stew":1,"minecraft:hay_block":1,"minecraft:skeleton_skull":1,"additional_lights:al_torch_cobblestone":2,"grimoireofgaia:meat":1,"travelersbackpack:cow":2,"minecraft:diorite":1,"minecraft:oak_planks":4,"minecraft:stone_pickaxe":115,"irons_spellbooks:tarnished_helmet":1,"minecraft:blue_bed":1,"minecraft:wooden_pickaxe":10,"minecraft:diamond_axe":216,"minecraft:golden_apple":11,"minecraft:glow_berries":8,"minecraft:chiseled_quartz_block":6,"weaponmaster:wm_broadswordlarge":66,"minecraft:dripstone_block":2,"minecraft:black_terracotta":12,"grimoireofgaia:weapon_book_nightmare":1,"minecraft:dark_oak_log":9,"minecraft:bread":139,"minecraft:gravel":4,"minecraft:iron_door":1,"minecraft:diamond_sword":181,"croptopia:blackberry":1,"minecraft:smithing_table":1,"grimoireofgaia:withered_brain":1,"minecraft:azalea":1,"minecraft:oak_fence":1,"croptopia:starfruit":4,"croptopia:blackbean":1,"weaponmaster:workstation":6,"minecraft:torch":321,"minecraft:dirt":5,"minecraft:anvil":1,"croptopia:elderberry":1,"croptopia:raspberry":1,"minecraft:granite":10,"minecraft:dark_oak_planks":75,"minecraft:wooden_axe":18,"minecraft:iron_axe":95,"minecraft:diamond_chestplate":2,"minecraft:acacia_wood":1,"tombstone:gift":6,"minecraft:cooked_beef":45,"croptopia:strawberry":1,"minecraft:cobbled_deepslate":466,"minecraft:calcite":3,"croptopia:grape":1,"minecraft:water_bucket":80,"croptopia:celery":2,"minecraft:cherry_planks":40,"minecraft:cracked_stone_bricks":4,"justhammers:diamond_hammer":368,"minecraft:crafting_table":11,"minecraft:cake":1,"minecraft:diamond_pickaxe":925,"minecraft:apple":51,"minecraft:diamond_shovel":91,"evilcraft:spikey_claws":2,"minecraft:iron_pickaxe":99,"travelersbackpack:white_sleeping_bag":2,"minecraft:stone_axe":84,"minecraft:potion":1,"croptopia:cauliflower":1,"irons_spellbooks:scroll_forge":1,"travelersbackpack:standard":13,"minecraft:cobblestone":373,"minecraft:porkchop":2,"minecraft:bucket":91,"minecraft:pumpkin_pie":1,"minecraft:yellow_bed":1,"irons_spellbooks:inscription_table":1},"minecraft:dropped":{"minecraft:iron_sword":1,"minecraft:acacia_wood":33,"grimoireofgaia:withered_brain":3,"minecraft:lapis_lazuli":1,"irons_spellbooks:artificer_cane":1,"minecraft:cooked_beef":1,"minecraft:glass_bottle":5,"minecraft:diamond":28,"irons_spellbooks:fireward_ring":1,"minecraft:leather":4,"minecraft:cracked_stone_bricks":2,"minecraft:iron_horse_armor":1,"minecraft:mangrove_planks":2,"croptopia:salt":8,"croptopia:chile_pepper_seed":2,"weaponmaster:wm_broadsword":1,"minecraft:item_frame":1,"minecraft:emerald":4,"minecraft:packed_mud":2,"minecraft:dirt":5,"minecraft:dark_oak_fence":2,"minecraft:gold_nugget":8,"minecraft:iron_pickaxe":1,"minecraft:dark_oak_planks":3,"minecraft:mangrove_slab":3,"minecraft:bone":19,"minecraft:gravel":3,"minecraft:compass":1,"minecraft:note_block":2,"minecraft:waxed_cut_copper_stairs":2,"minecraft:lever":1,"minecraft:iron_nugget":20,"alexsmobs:animal_dictionary":1,"minecraft:cobbled_deepslate":21,"minecraft:obsidian":2,"minecraft:wheat":3,"minecraft:birch_sapling":2,"minecraft:pointed_dripstone":14,"minecraft:beetroot":2,"minecraft:rotten_flesh":31,"weaponmaster:taglockkit":2,"minecraft:carrot":2,"patchouli:guide_book":1,"minecraft:chainmail_chestplate":1,"minecraft:poppy":1,"minecraft:sandstone_wall":1,"weaponmaster:weaponkit":1,"minecraft:leather_chestplate":2,"minecraft:turtle_helmet":2,"minecraft:gunpowder":5,"minecraft:azalea_leaves":2,"minecraft:acacia_sapling":2,"minecraft:birch_door":2,"minecraft:leather_leggings":1,"rechiseled:chisel":1,"minecraft:arrow":8,"minecraft:glass":8,"grimoireofgaia:meat":4,"minecraft:bread":3,"grimoireofgaia:emerald_shard":2,"minecraft:wheat_seeds":3,"minecraft:lilac":1,"minecraft:mangrove_trapdoor":2,"minecraft:mossy_cobblestone":5,"weaponmaster:tutorialbook":1,"minecraft:dripstone_block":7,"minecraft:diamond_leggings":1,"minecraft:oak_fence":2,"minecraft:iron_helmet":1,"minecraft:feather":5,"minecraft:cobblestone":119,"minecraft:book":4,"minecraft:granite":10,"minecraft:coal":11,"minecraft:golden_apple":6,"bossominium:the_bossdexium":1,"minecraft:stick":4,"irons_spellbooks:scroll":1,"minecraft:wooden_axe":1,"grimoireofgaia:taproot":1,"minecraft:smooth_quartz":9,"minecraft:cherry_planks":10,"minecraft:iron_door":1,"minecraft:potion":2,"minecraft:iron_leggings":1,"minecraft:oak_stairs":1,"minecraft:pumpkin":1,"minecraft:string":2,"minecraft:bucket":4,"minecraft:gray_carpet":8,"minecraft:acacia_planks":4,"minecraft:beetroot_soup":2,"minecraft:redstone":31,"minecraft:furnace":2,"minecraft:sweet_berries":3,"minecraft:stone_sword":1,"minecraft:bowl":1,"minecraft:chicken":1,"croptopia:raspberry_seed":1,"additional_lights:fire_for_fire_pit_s":3,"minecraft:iron_boots":1,"weaponmaster:wm_broadswordlarge":1,"minecraft:blast_furnace":13,"minecraft:cobblestone_slab":1,"minecraft:shield":1,"minecraft:diamond_chestplate":1,"minecraft:iron_chestplate":1,"minecraft:spider_eye":2,"croptopia:tomatillo_seed":1,"irons_spellbooks:iron_spell_book":1,"minecraft:blue_orchid":3,"minecraft:stone_pickaxe":1,"minecraft:wooden_pickaxe":1,"minecraft:raw_gold":7,"minecraft:calcite":2},"minecraft:killed_by":{"minecraft:player":1},"minecraft:mined":{"minecraft:dark_oak_planks":11,"additional_lights:al_torch_cobblestone":2,"minecraft:black_terracotta":12,"croptopia:grape_crop":1,"croptopia:strawberry_crop":1,"minecraft:cherry_log":18,"minecraft:sculk_vein":1,"minecraft:jungle_leaves":3,"minecraft:orange_stained_glass":2,"minecraft:brewing_stand":1,"minecraft:obsidian":1,"minecraft:cave_vines_plant":3,"minecraft:granite":8,"minecraft:grass_block":12,"minecraft:mud_bricks":7,"minecraft:frosted_ice":3,"minecraft:spawner":49,"minecraft:iron_ore":39,"minecraft:fire":26,"minecraft:cobbled_deepslate":16,"minecraft:pumpkin":1,"minecraft:stripped_dark_oak_wood":22,"minecraft:dark_oak_stairs":2,"minecraft:sculk_shrieker":1,"minecraft:pointed_dripstone":4,"minecraft:cave_vines":10,"minecraft:oak_stairs":1,"minecraft:light_gray_concrete":8,"weaponmaster:workstation":5,"minecraft:azalea":1,"minecraft:stripped_mangrove_wood":3,"minecraft:tripwire":3,"croptopia:starfruit_crop":5,"minecraft:clay":2,"minecraft:powder_snow":3,"minecraft:chiseled_quartz_block":6,"minecraft:blast_furnace":13,"minecraft:calcite":5,"minecraft:cobblestone":36,"minecraft:damaged_anvil":1,"minecraft:oak_planks":5,"minecraft:sugar_cane":2,"minecraft:iron_door":2,"minecraft:wall_torch":4,"croptopia:cauliflower_crop":1,"minecraft:birch_log":2,"evilcraft:dark_ore_deepslate":8,"minecraft:lilac":2,"minecraft:grass":47,"minecraft:oak_log":107,"croptopia:salt_ore":21,"minecraft:dirt":103,"minecraft:sand":37,"minecraft:smooth_quartz":10,"minecraft:crimson_planks":6,"minecraft:sandstone_wall":1,"minecraft:netherrack":2,"minecraft:oak_leaves":10,"minecraft:deepslate":212,"minecraft:crying_obsidian":1,"minecraft:tuff":39,"minecraft:mossy_cobblestone":2,"minecraft:deepslate_diamond_ore":1,"minecraft:dark_oak_log":25,"minecraft:dark_oak_fence":1,"travelersbackpack:white_sleeping_bag":1,"minecraft:mangrove_trapdoor":2,"minecraft:moss_block":13,"minecraft:hay_block":22,"minecraft:redstone_ore":2,"minecraft:packed_mud":5,"minecraft:furnace":2,"minecraft:acacia_wood":22,"evilcraft:dark_ore":2,"minecraft:polished_deepslate":1,"minecraft:bookshelf":1,"minecraft:cobblestone_slab":1,"minecraft:deepslate_iron_ore":20,"croptopia:elderberry_crop":1,"minecraft:stone":416,"minecraft:acacia_leaves":3,"minecraft:cherry_planks":13,"minecraft:stone_brick_slab":3,"travelersbackpack:standard":3,"minecraft:oak_fence":4,"minecraft:crafting_table":6,"minecraft:warped_roots":2,"minecraft:andesite_slab":1,"minecraft:sculk_sensor":3,"minecraft:copper_ore":2,"minecraft:tall_grass":16,"croptopia:blackbean_crop":1,"minecraft:deepslate_gold_ore":8,"minecraft:lily_pad":1,"minecraft:diorite":4,"minecraft:sculk":57,"minecraft:blue_bed":1,"minecraft:warped_wart_block":3,"minecraft:black_stained_glass":3,"minecraft:sweet_berry_bush":1,"minecraft:birch_leaves":5,"minecraft:mangrove_planks":1,"minecraft:yellow_bed":1,"additional_lights:fire_for_fire_pit_s":1,"minecraft:mangrove_slab":2,"minecraft:coal_ore":56,"croptopia:celery_crop":2,"evilcraft:blood_stain":1,"croptopia:blackberry_crop":1,"minecraft:cherry_leaves":1,"minecraft:gravel":42,"minecraft:dripstone_block":52,"minecraft:cracked_stone_bricks":6,"minecraft:stone_bricks":3,"minecraft:fern":2}},"DataVersion":3465}