{"stats":{"minecraft:custom":{"minecraft:interact_with_crafting_table":100,"minecraft:open_barrel":59,"minecraft:leave_game":5,"minecraft:time_since_death":129180,"minecraft:sprint_one_cm":1200127,"minecraft:damage_blocked_by_shield":7405,"minecraft:drop":249,"minecraft:play_time":593721,"minecraft:deaths":4,"minecraft:jump":7259,"minecraft:walk_on_water_one_cm":79291,"minecraft:interact_with_furnace":130,"minecraft:sleep_in_bed":9,"minecraft:damage_dealt":34860,"minecraft:crouch_one_cm":36168,"tombstone:undead_killed":57,"minecraft:interact_with_smoker":4,"minecraft:interact_with_smithing_table":12,"minecraft:interact_with_anvil":4,"minecraft:mob_kills":234,"tombstone:use_vanishing":3,"minecraft:damage_dealt_resisted":1039,"minecraft:climb_one_cm":7879,"minecraft:walk_one_cm":1788735,"minecraft:sneak_time":10447,"minecraft:walk_under_water_one_cm":83296,"minecraft:boat_one_cm":510126,"minecraft:interact_with_lectern":1,"minecraft:interact_with_blast_furnace":1,"minecraft:total_world_time":593721,"tombstone:raider_killed":24,"minecraft:tune_noteblock":1,"minecraft:time_since_rest":128860,"minecraft:damage_taken":9532,"minecraft:damage_absorbed":39,"tombstone:cast_on_ally":1,"minecraft:swim_one_cm":245982,"minecraft:fly_one_cm":1120190,"minecraft:open_chest":321,"minecraft:fall_one_cm":175602},"minecraft:mined":{"croptopia:bellpepper_crop":1,"croptopia:cantaloupe_crop":1,"minecraft:spruce_planks":1,"alexsmobs:leafcutter_anthill":1,"minecraft:jungle_leaves":2,"minecraft:potted_cactus":1,"minecraft:brewing_stand":1,"minecraft:granite":34,"minecraft:grass_block":8,"minecraft:coal_block":4,"minecraft:spawner":13,"minecraft:raw_iron_block":1,"minecraft:magma_block":1,"minecraft:iron_ore":61,"minecraft:cobbled_deepslate":54,"minecraft:anvil":4,"minecraft:dark_oak_stairs":1,"minecraft:pointed_dripstone":2,"croptopia:apple_crop":20,"minecraft:cave_vines":1,"minecraft:smooth_sandstone_stairs":3,"minecraft:sandstone_slab":3,"minecraft:cut_sandstone":1,"minecraft:jungle_door":2,"minecraft:amethyst_cluster":2,"minecraft:torch":2,"minecraft:poppy":1,"minecraft:chest":10,"minecraft:dead_bush":3,"minecraft:cobblestone":38,"minecraft:cyan_bed":3,"minecraft:sugar_cane":11,"minecraft:oak_planks":2,"minecraft:smooth_sandstone_slab":6,"minecraft:wall_torch":2,"minecraft:chain":9,"croptopia:cauliflower_crop":1,"minecraft:wheat":1,"croptopia:pineapple_crop":1,"evilcraft:dark_ore_deepslate":8,"minecraft:birch_log":67,"minecraft:grass":24,"croptopia:salt_ore":1,"minecraft:beetroots":2,"minecraft:sand":60,"minecraft:dirt":28,"minecraft:sandstone_wall":1,"minecraft:tripwire_hook":1,"minecraft:oak_leaves":11,"minecraft:deepslate":283,"minecraft:emerald_block":15,"minecraft:dark_prismarine":2,"minecraft:tuff":13,"minecraft:mossy_cobblestone":3,"minecraft:dark_oak_leaves":7,"minecraft:deepslate_diamond_ore":2,"minecraft:dark_oak_log":18,"minecraft:glow_lichen":1,"minecraft:cobbled_deepslate_slab":6,"minecraft:jungle_planks":2,"alexsmobs:leafcutter_ant_chamber":3,"travelersbackpack:white_sleeping_bag":1,"minecraft:acacia_slab":1,"minecraft:sandstone":1,"minecraft:furnace":5,"minecraft:raw_gold_block":6,"minecraft:acacia_wood":33,"minecraft:acacia_stairs":1,"minecraft:andesite":60,"evilcraft:dark_ore":5,"minecraft:peony":1,"croptopia:peach_crop":8,"minecraft:gold_block":1,"minecraft:bookshelf":58,"minecraft:deepslate_iron_ore":31,"minecraft:vine":1,"croptopia:cashew_crop":4,"minecraft:bamboo":1,"irons_spellbooks:inscription_table":4,"minecraft:stone":253,"minecraft:smithing_table":2,"minecraft:stripped_dark_oak_log":2,"travelersbackpack:standard":9,"minecraft:oak_fence":6,"minecraft:smooth_sandstone":72,"minecraft:crafting_table":8,"minecraft:rose_bush":1,"minecraft:tall_grass":3,"minecraft:copper_ore":20,"minecraft:smooth_red_sandstone_slab":1,"minecraft:lapis_ore":2,"minecraft:deepslate_gold_ore":21,"minecraft:diorite":34,"minecraft:spruce_stairs":1,"minecraft:lime_bed":1,"minecraft:birch_planks":6,"additional_lights:fire_for_standing_torch_s":2,"minecraft:birch_leaves":4,"minecraft:mangrove_planks":7,"croptopia:dragonfruit_crop":1,"croptopia:tomato_crop":1,"travelersbackpack:cow":1,"evilcraft:blood_stain":1,"minecraft:coal_ore":126,"croptopia:saguaro_crop":6,"croptopia:blackberry_crop":1,"minecraft:gravel":4,"minecraft:dripstone_block":1,"minecraft:cobweb":3,"minecraft:acacia_planks":3,"minecraft:stripped_acacia_wood":1,"minecraft:gold_ore":6,"minecraft:dark_oak_planks":7},"minecraft:broken":{"minecraft:stone_pickaxe":1,"grimoireofgaia:bone_shield":1,"minecraft:shield":3,"minecraft:iron_axe":1,"minecraft:iron_pickaxe":3,"minecraft:iron_helmet":1},"minecraft:crafted":{"travelersbackpack:crafting_upgrade":1,"irons_spellbooks:iron_spell_book":1,"minecraft:birch_boat":2,"minecraft:cooked_chicken":7,"minecraft:birch_slab":6,"minecraft:cooked_mutton":14,"minecraft:glass":25,"minecraft:bow":1,"minecraft:iron_boots":1,"minecraft:chest":11,"travelersbackpack:iron_tier_upgrade":1,"minecraft:cooked_porkchop":12,"minecraft:crafting_table":7,"travelersbackpack:standard":1,"minecraft:wooden_pickaxe":1,"minecraft:iron_helmet":2,"minecraft:smithing_table":1,"minecraft:copper_ingot":16,"additional_lights:fire_for_standing_torch_s":13,"minecraft:birch_planks":180,"minecraft:book":1,"minecraft:iron_chestplate":2,"minecraft:paper":6,"minecraft:diamond_pickaxe":1,"minecraft:shield":4,"minecraft:stick":92,"minecraft:iron_ingot":66,"minecraft:iron_pickaxe":6,"minecraft:gold_ingot":30,"irons_spellbooks:mana_ring":1,"irons_spellbooks:amethyst_resonance_charm":1,"travelersbackpack:cow":4,"irons_spellbooks:arcane_ingot":4,"minecraft:cobbled_deepslate_slab":60,"minecraft:raw_iron":9,"minecraft:coal":36,"minecraft:furnace":8,"travelersbackpack:blank_upgrade":4,"travelersbackpack:white_sleeping_bag":2,"minecraft:leather":1,"minecraft:iron_axe":2,"minecraft:stone_pickaxe":2,"evilcraft:darkened_apple":1,"minecraft:dark_oak_planks":72,"travelersbackpack:diamond_tier_upgrade":1,"minecraft:cooked_beef":31,"minecraft:diamond_sword":1,"travelersbackpack:backpack_tank":4,"minecraft:iron_sword":2,"minecraft:bucket":1,"minecraft:stone_axe":1,"minecraft:bread":1,"minecraft:air":0,"minecraft:raw_gold":63,"minecraft:wooden_axe":1,"minecraft:iron_leggings":1,"irons_spellbooks:inscription_table":1,"minecraft:acacia_planks":136,"minecraft:torch":264},"minecraft:killed":{"grimoireofgaia:toad":3,"minecraft:cave_spider":15,"minecraft:witch":2,"minecraft:spider":4,"grimoireofgaia:cobble_golem":2,"grimoireofgaia:orc":1,"grimoireofgaia:goblin":2,"minecraft:skeleton":43,"grimoireofgaia:mimic":1,"grimoireofgaia:anubis":1,"alexsmobs:leafcutter_ant":4,"minecraft:chicken":7,"minecraft:silverfish":1,"grimoireofgaia:gravemite":8,"alexsmobs:kangaroo":6,"grimoireofgaia:spriggan":1,"minecraft:pig":3,"minecraft:zombie_villager":1,"minecraft:salmon":4,"grimoireofgaia:bone_knight":1,"minecraft:creeper":1,"grimoireofgaia:hunter":1,"minecraft:sheep":9,"minecraft:pillager":13,"minecraft:zombie":8,"alexsmobs:terrapin":5,"grimoireofgaia:deathword":1,"grimoireofgaia:harpy":1,"alexsmobs:rain_frog":2,"alexsmobs:roadrunner":13,"minecraft:cow":26,"minecraft:vex":2,"alexsmobs:tarantula_hawk":1,"minecraft:vindicator":9,"grimoireofgaia:ender_eye":2,"alexsmobs:blue_jay":1,"grimoireofgaia:creep":1,"grimoireofgaia:ant":3,"cataclysm:deepling_angler":1,"minecraft:husk":4,"alexsmobs:guster":1,"grimoireofgaia:cyan_flower":3,"grimoireofgaia:gryphon":2,"grimoireofgaia:cecaelia":1,"alexsmobs:emu":4,"grimoireofgaia:mummy":1,"evilcraft:poisonous_libelle":1,"alexsmobs:gazelle":1,"grimoireofgaia:arachne":1,"minecraft:enderman":1},"minecraft:used":{"minecraft:beetroot":2,"grimoireofgaia:bone_shield":3,"minecraft:poppy":2,"minecraft:chest":13,"minecraft:shield":190,"minecraft:iron_sword":259,"minecraft:smooth_sandstone_stairs":2,"minecraft:rotten_flesh":2,"minecraft:mutton":1,"croptopia:cashew":3,"minecraft:tuff":7,"grimoireofgaia:honeydew":1,"croptopia:peach":7,"minecraft:bow":50,"minecraft:furnace":13,"croptopia:roe":4,"grimoireofgaia:meat":2,"travelersbackpack:cow":6,"croptopia:tomato":1,"minecraft:stone_pickaxe":184,"minecraft:wooden_pickaxe":29,"minecraft:golden_apple":1,"minecraft:white_wool":1,"minecraft:glow_berries":11,"minecraft:sand":3,"tombstone:dust_of_vanishing":2,"minecraft:crossbow":4,"minecraft:cyan_bed":3,"minecraft:bread":25,"grimoireofgaia:taproot":2,"minecraft:diamond_sword":1,"minecraft:smithing_table":2,"croptopia:blackberry":1,"minecraft:cooked_rabbit":7,"minecraft:andesite":22,"minecraft:birch_log":2,"minecraft:oak_fence":1,"minecraft:cooked_chicken":8,"minecraft:torch":538,"minecraft:dirt":4,"minecraft:anvil":4,"minecraft:granite":7,"minecraft:dark_oak_planks":18,"minecraft:wooden_axe":22,"minecraft:iron_axe":583,"minecraft:smooth_sandstone":2,"minecraft:smooth_basalt":3,"minecraft:beef":18,"minecraft:goat_horn":2,"tombstone:gift":12,"minecraft:acacia_planks":24,"minecraft:cooked_beef":31,"minecraft:cobbled_deepslate":337,"minecraft:iron_leggings":1,"minecraft:cooked_mutton":14,"minecraft:water_bucket":31,"tombstone:scroll_of_knowledge":2,"croptopia:saguaro":6,"minecraft:birch_planks":44,"minecraft:birch_boat":3,"minecraft:salmon":4,"minecraft:mossy_cobblestone":2,"minecraft:lime_bed":1,"minecraft:crafting_table":15,"croptopia:dragonfruit":1,"minecraft:dark_prismarine":2,"minecraft:diamond_pickaxe":1,"minecraft:apple":34,"minecraft:iron_pickaxe":1036,"alexsmobs:kangaroo_meat":5,"travelersbackpack:white_sleeping_bag":1,"minecraft:cobbled_deepslate_slab":65,"minecraft:stone_axe":23,"croptopia:cauliflower":1,"additional_lights:fire_for_standing_torch_s":2,"travelersbackpack:standard":22,"minecraft:cobblestone":115,"minecraft:porkchop":4,"minecraft:cooked_porkchop":7,"minecraft:jungle_door":1,"minecraft:bucket":35,"minecraft:splash_potion":1,"minecraft:diamond_leggings":1,"irons_spellbooks:inscription_table":6},"minecraft:killed_by":{"minecraft:player":1},"minecraft:picked_up":{"minecraft:wooden_axe":1,"irons_spellbooks:scroll":4,"minecraft:wheat":1,"minecraft:flower_pot":1,"minecraft:anvil":4,"minecraft:smithing_table":2,"minecraft:enchanted_book":8,"croptopia:calamari":4,"minecraft:brewing_stand":1,"minecraft:string":31,"minecraft:raw_copper":71,"minecraft:iron_leggings":2,"minecraft:beetroot":2,"irons_spellbooks:arcane_essence":2,"alexsmobs:emu_feather":5,"minecraft:tnt_minecart":1,"minecraft:gold_nugget":3,"minecraft:cobbled_deepslate":712,"minecraft:rose_bush":1,"minecraft:iron_pickaxe":1,"minecraft:coal_block":4,"irons_spellbooks:inscription_table":5,"minecraft:furnace":6,"grimoireofgaia:taproot":2,"minecraft:stick":18,"minecraft:jungle_door":4,"minecraft:oak_fence":3,"minecraft:torch":241,"croptopia:blackberry_seed":4,"minecraft:sandstone_wall":1,"minecraft:porkchop":17,"minecraft:pointed_dripstone":44,"tombstone:grave_dust":7,"minecraft:diorite":53,"minecraft:cactus":3,"minecraft:rotten_flesh":40,"minecraft:red_tulip":1,"minecraft:cod":1,"minecraft:cobblestone":302,"croptopia:cauliflower":1,"minecraft:birch_log":67,"minecraft:magma_block":1,"minecraft:feather":27,"minecraft:birch_slab":3,"minecraft:andesite":90,"minecraft:flint":4,"additional_lights:fire_for_standing_torch_s":12,"minecraft:tuff":30,"minecraft:smooth_sandstone_stairs":5,"minecraft:lapis_lazuli":11,"minecraft:dirt":72,"irons_spellbooks:iron_spell_book":2,"minecraft:bone":81,"minecraft:acacia_planks":10,"minecraft:bow":2,"minecraft:wheat_seeds":14,"minecraft:raw_gold":29,"minecraft:cobbled_deepslate_slab":9,"minecraft:mossy_stone_bricks":3,"minecraft:bamboo":5,"croptopia:roe":6,"minecraft:oak_planks":3,"croptopia:dragonfruit":1,"minecraft:cooked_porkchop":7,"minecraft:music_disc_13":1,"minecraft:stripped_acacia_wood":1,"croptopia:blackberry":1,"minecraft:sand":64,"minecraft:jungle_planks":2,"minecraft:ink_sac":8,"minecraft:cyan_bed":3,"minecraft:dark_oak_log":18,"minecraft:mossy_cobblestone":2,"grimoireofgaia:shiny_pearl":1,"minecraft:dark_prismarine":2,"travelersbackpack:white_sleeping_bag":1,"alexsmobs:kangaroo_hide":2,"minecraft:diamond":4,"croptopia:pineapple_seed":4,"minecraft:crossbow":2,"minecraft:granite":51,"minecraft:emerald":14,"minecraft:bread":19,"minecraft:oak_sapling":1,"croptopia:cashew":6,"minecraft:crafting_table":9,"minecraft:allium":2,"minecraft:sandstone_slab":2,"grimoireofgaia:soulfire":2,"minecraft:chicken":8,"croptopia:peach":8,"minecraft:brown_mushroom":2,"minecraft:wooden_pickaxe":2,"alexsmobs:roadrunner_feather":4,"minecraft:gold_block":1,"minecraft:chain":16,"croptopia:saguaro_seed":11,"minecraft:iron_axe":3,"minecraft:wooden_sword":1,"evilcraft:poison_sac":1,"minecraft:cracked_stone_bricks":1,"grimoireofgaia:honeydew":1,"croptopia:tomato_seed":2,"minecraft:beef":65,"minecraft:iron_nugget":23,"minecraft:poppy":3,"minecraft:light_gray_wool":4,"bossominium:vex_wing":4,"minecraft:sugar_cane":45,"minecraft:chest":10,"minecraft:birch_sapling":6,"minecraft:egg":4,"minecraft:dark_oak_sapling":3,"minecraft:stripped_crimson_hyphae":6,"minecraft:sandstone":7,"minecraft:raw_iron":92,"grimoireofgaia:meat":2,"minecraft:raw_gold_block":8,"evilcraft:origins_of_darkness":2,"minecraft:redstone":1,"minecraft:dark_oak_planks":11,"minecraft:smooth_sandstone_slab":6,"croptopia:cantaloupe_seed":4,"minecraft:arrow":70,"minecraft:beetroot_seeds":9,"croptopia:strawberry_seed":1,"minecraft:saddle":1,"minecraft:gold_ingot":12,"croptopia:salt":4,"minecraft:glow_berries":2,"minecraft:mutton":20,"alexsmobs:kangaroo_meat":5,"minecraft:white_wool":10,"minecraft:oxeye_daisy":1,"minecraft:lime_bed":1,"minecraft:purple_dye":1,"minecraft:tripwire_hook":2,"minecraft:salmon":4,"minecraft:cut_sandstone":1,"minecraft:leather":29,"minecraft:acacia_wood":33,"minecraft:filled_map":1,"minecraft:birch_planks":102,"grimoireofgaia:bone_shield":1,"minecraft:gunpowder":2,"minecraft:paper":4,"minecraft:smooth_sandstone":75,"travelersbackpack:cow":1,"minecraft:stone_bricks":2,"minecraft:apple":20,"minecraft:iron_ingot":15,"croptopia:pineapple":1,"croptopia:tomato":1,"minecraft:iron_sword":2,"minecraft:dark_oak_stairs":1,"minecraft:green_dye":3,"minecraft:book":171,"croptopia:cauliflower_seed":2,"minecraft:smooth_basalt":3,"minecraft:emerald_block":15,"minecraft:birch_boat":1,"minecraft:raw_iron_block":1,"minecraft:dripstone_block":6,"minecraft:gravel":8,"minecraft:amethyst_shard":8,"grimoireofgaia:box_iron":2,"minecraft:spider_eye":4,"travelersbackpack:standard":8,"croptopia:saguaro":6,"minecraft:slime_ball":4,"evilcraft:dark_gem":63,"tombstone:magic_scroll":2,"minecraft:stripped_dark_oak_log":2,"minecraft:coal":120},"minecraft:dropped":{"croptopia:pineapple_seed":4,"minecraft:iron_sword":2,"minecraft:birch_planks":174,"minecraft:diamond":1,"minecraft:dark_oak_sapling":3,"minecraft:cooked_porkchop":12,"minecraft:glow_berries":2,"minecraft:leather":2,"minecraft:jungle_planks":1,"minecraft:saddle":1,"croptopia:salt":4,"minecraft:birch_slab":6,"minecraft:cod":1,"minecraft:emerald":1,"croptopia:tomato_seed":2,"additional_lights:fire_for_standing_torch_s":23,"croptopia:pineapple":1,"minecraft:mutton":4,"minecraft:tnt_minecart":1,"irons_spellbooks:arcane_essence":2,"minecraft:chain":8,"minecraft:wooden_sword":1,"minecraft:gold_nugget":3,"minecraft:sand":4,"minecraft:iron_pickaxe":1,"minecraft:dark_oak_planks":7,"croptopia:calamari":4,"minecraft:birch_log":20,"minecraft:white_wool":3,"croptopia:cantaloupe_seed":4,"minecraft:gold_ingot":13,"minecraft:bone":11,"minecraft:gravel":5,"minecraft:stone_axe":1,"minecraft:iron_nugget":7,"minecraft:cobbled_deepslate":103,"minecraft:wheat":1,"minecraft:smooth_sandstone_stairs":2,"minecraft:birch_sapling":6,"minecraft:pointed_dripstone":11,"minecraft:stripped_dark_oak_log":2,"minecraft:rotten_flesh":32,"minecraft:oak_planks":3,"croptopia:strawberry_seed":1,"croptopia:saguaro_seed":10,"minecraft:sandstone_wall":1,"minecraft:poppy":1,"travelersbackpack:white_sleeping_bag":1,"minecraft:arrow":7,"minecraft:beef":6,"minecraft:iron_ingot":14,"minecraft:wheat_seeds":7,"minecraft:golden_horse_armor":1,"evilcraft:condensed_blood":6,"weaponmaster:tutorialbook":1,"minecraft:dripstone_block":2,"minecraft:feather":1,"minecraft:cobblestone":4,"evilcraft:dark_gem":8,"minecraft:granite":20,"grimoireofgaia:shiny_pearl":1,"minecraft:copper_ingot":1,"minecraft:purple_dye":1,"irons_spellbooks:scroll":2,"minecraft:diorite":23,"minecraft:ink_sac":8,"minecraft:torch":4,"minecraft:wooden_axe":2,"travelersbackpack:blank_upgrade":1,"minecraft:jungle_door":3,"tombstone:grave_dust":1,"minecraft:iron_leggings":2,"croptopia:cauliflower_seed":2,"minecraft:iron_axe":3,"evilcraft:darkened_apple":1,"minecraft:cactus":1,"minecraft:smooth_sandstone":8,"minecraft:paper":1,"minecraft:string":7,"minecraft:tripwire_hook":2,"minecraft:acacia_planks":24,"minecraft:redstone":4,"minecraft:furnace":1,"croptopia:cashew":3,"minecraft:raw_copper":33,"minecraft:tuff":20,"croptopia:blackberry_seed":4,"minecraft:raw_iron":19,"minecraft:chicken":1,"minecraft:light_gray_wool":2,"minecraft:cobbled_deepslate_slab":1,"evilcraft:origins_of_darkness":1,"minecraft:diamond_sword":1,"bossominium:vex_wing":1,"minecraft:flower_pot":1,"minecraft:diamond_pickaxe":1,"minecraft:andesite":36,"minecraft:oak_sapling":1,"minecraft:raw_gold":67,"croptopia:roe":2,"minecraft:stone_bricks":2,"minecraft:bamboo":5,"minecraft:sandstone":1,"irons_spellbooks:iron_spell_book":2,"croptopia:peach":1,"minecraft:stone_pickaxe":1,"minecraft:wooden_pickaxe":3,"minecraft:red_tulip":1,"minecraft:magma_block":1}},"DataVersion":3465}