{"stats":{"minecraft:killed_by":{"minecraft:player":1},"minecraft:used":{"irons_spellbooks:inscription_table":2,"minecraft:moss_block":3,"minecraft:beetroot":3,"minecraft:elytra":3,"grimoireofgaia:fireshard":15,"minecraft:chest":67,"minecraft:lava_bucket":3,"minecraft:stripped_dark_oak_wood":1,"evilcraft:bucket_blood":2,"minecraft:rabbit_stew":1,"minecraft:bow":34,"minecraft:furnace":3,"additional_lights:al_torch_cobblestone":3,"minecraft:diorite":1,"minecraft:end_stone_bricks":16,"croptopia:tomato":1,"minecraft:chorus_fruit":66,"minecraft:wooden_pickaxe":10,"tombstone:tablet_of_guard":2,"irons_spellbooks:tarnished_helmet":1,"minecraft:golden_apple":24,"minecraft:glow_berries":8,"evilcraft:undead_sapling":1,"minecraft:chiseled_quartz_block":6,"minecraft:lightning_rod":7,"rechiseled:cobbled_deepslate_pillar":3,"minecraft:diamond_sword":183,"minecraft:smithing_table":3,"croptopia:starfruit":4,"minecraft:torch":452,"minecraft:brewing_stand":4,"minecraft:anvil":2,"croptopia:raspberry":1,"tombstone:ankh_of_pray":31,"minecraft:iron_axe":95,"minecraft:diamond_chestplate":5,"tombstone:gift":8,"minecraft:acacia_wood":1,"minecraft:cobbled_deepslate":492,"minecraft:calcite":3,"croptopia:grape":1,"minecraft:water_bucket":149,"croptopia:celery":2,"minecraft:cherry_planks":40,"croptopia:rhubarb":1,"minecraft:deepslate_bricks":52,"minecraft:cracked_stone_bricks":4,"minecraft:mossy_cobblestone":2,"justhammers:diamond_hammer":641,"minecraft:crafting_table":13,"minecraft:spruce_log":78,"minecraft:cake":1,"minecraft:ender_eye":13,"minecraft:diamond_pickaxe":1820,"minecraft:diamond_shovel":269,"minecraft:iron_pickaxe":99,"travelersbackpack:white_sleeping_bag":2,"tombstone:magic_scroll":5,"croptopia:cauliflower":1,"evilcraft:dark_tank":2,"travelersbackpack:standard":15,"minecraft:cobblestone":1025,"minecraft:potion":2,"minecraft:cooked_porkchop":2,"minecraft:porkchop":57,"minecraft:candle":6,"irons_spellbooks:arcane_anvil":1,"minecraft:polished_deepslate":12,"minecraft:shield":212,"minecraft:iron_sword":237,"grimoireofgaia:soulfire":32,"minecraft:player_head":1,"travelersbackpack:pig":1,"minecraft:carrot":4,"minecraft:tuff":50,"minecraft:obsidian":12,"minecraft:bricks":7,"alexsmobs:lobster_tail":1,"minecraft:hay_block":1,"grimoireofgaia:meat":1,"minecraft:skeleton_skull":2,"travelersbackpack:cow":7,"minecraft:diamond_boots":1,"minecraft:stone_pickaxe":115,"minecraft:oak_planks":12,"minecraft:ender_pearl":26,"tombstone:decorative_grave_cross":2,"minecraft:diamond_axe":475,"minecraft:blue_bed":1,"weaponmaster:wm_broadswordlarge":122,"minecraft:dripstone_block":2,"minecraft:end_stone":20,"minecraft:creeper_spawn_egg":2,"minecraft:black_terracotta":12,"minecraft:dark_oak_log":11,"grimoireofgaia:weapon_book_nightmare":1,"minecraft:bread":252,"minecraft:iron_door":1,"minecraft:gravel":5,"tombstone:decorative_subaraki_grave":1,"croptopia:blackberry":1,"grimoireofgaia:withered_brain":1,"minecraft:bone_meal":10,"minecraft:experience_bottle":9,"minecraft:purpur_block":13,"minecraft:oak_fence":1,"minecraft:azalea":1,"minecraft:flint_and_steel":3,"minecraft:cracked_deepslate_bricks":15,"croptopia:blackbean":1,"weaponmaster:workstation":11,"minecraft:dirt":237,"croptopia:elderberry":1,"minecraft:shulker_box":4,"minecraft:granite":10,"dragonmounts:dragon_egg":1,"minecraft:dark_oak_planks":98,"minecraft:wooden_axe":18,"evilcraft:box_of_eternal_closure":1,"minecraft:golden_carrot":5,"croptopia:strawberry":1,"minecraft:cooked_beef":63,"minecraft:powder_snow_bucket":3,"minecraft:enchanted_golden_apple":2,"tombstone:scroll_of_knowledge":1,"evilcraft:blood_infuser":2,"travelersbackpack:wither":7,"minecraft:smoker":1,"tombstone:bag_of_seeds":4,"minecraft:apple":67,"evilcraft:spikey_claws":2,"minecraft:stone_axe":84,"irons_spellbooks:scroll_forge":2,"minecraft:bucket":169,"minecraft:pumpkin_pie":21,"minecraft:yellow_bed":2},"minecraft:dropped":{"minecraft:iron_sword":2,"minecraft:acacia_wood":33,"minecraft:lapis_lazuli":28,"minecraft:cooked_beef":1,"minecraft:chorus_fruit":1,"minecraft:glass_bottle":6,"minecraft:diamond":28,"irons_spellbooks:fireward_ring":1,"minecraft:cracked_stone_bricks":8,"minecraft:saddle":1,"weaponmaster:wm_broadsword":1,"minecraft:red_carpet":3,"minecraft:item_frame":2,"minecraft:emerald":14,"minecraft:packed_mud":4,"minecraft:dirt":5,"minecraft:dark_oak_fence":2,"minecraft:gold_nugget":26,"cataclysm:chorus_fence":3,"minecraft:sugar":3,"minecraft:iron_pickaxe":2,"minecraft:dark_oak_planks":5,"minecraft:mangrove_slab":3,"minecraft:cyan_carpet":8,"minecraft:bone":46,"minecraft:stone_axe":1,"minecraft:note_block":2,"minecraft:waxed_cut_copper_stairs":2,"minecraft:compass":1,"minecraft:sugar_cane":6,"minecraft:lever":1,"minecraft:iron_nugget":53,"minecraft:golden_chestplate":9,"alexsmobs:animal_dictionary":1,"minecraft:cobbled_deepslate":938,"minecraft:birch_sapling":2,"minecraft:wheat":24,"minecraft:obsidian":5,"minecraft:rotten_flesh":68,"minecraft:oak_planks":4,"weaponmaster:taglockkit":2,"minecraft:azure_bluet":4,"travelersbackpack:gold":1,"weaponmaster:weaponkit":1,"minecraft:tipped_arrow":1,"minecraft:azalea_leaves":2,"alexsmobs:cosmic_cod":1,"minecraft:charcoal":2,"minecraft:acacia_sapling":2,"minecraft:leather_leggings":10,"minecraft:glass":8,"grimoireofgaia:meat":14,"minecraft:egg":5,"minecraft:iron_ingot":7,"travelersbackpack:cow":1,"minecraft:wheat_seeds":4,"minecraft:mangrove_trapdoor":2,"minecraft:dripstone_block":7,"minecraft:iron_helmet":2,"minecraft:oak_fence":3,"minecraft:feather":15,"minecraft:cobblestone":252,"minecraft:book":4,"minecraft:granite":143,"minecraft:coal":14,"minecraft:golden_apple":6,"grimoireofgaia:rotten_heart":4,"minecraft:diamond_horse_armor":1,"minecraft:iron_trapdoor":5,"minecraft:wooden_axe":1,"minecraft:rose_bush":2,"grimoireofgaia:taproot":1,"minecraft:cherry_planks":10,"minecraft:diamond_helmet":1,"minecraft:potion":2,"minecraft:oak_stairs":5,"minecraft:pumpkin":1,"minecraft:string":5,"minecraft:gray_carpet":8,"minecraft:acacia_planks":4,"minecraft:beetroot_soup":2,"minecraft:furnace":2,"minecraft:player_head":4,"minecraft:stone_sword":1,"minecraft:cobblestone_wall":2,"minecraft:bowl":1,"minecraft:diamond_hoe":1,"minecraft:chicken":1,"croptopia:raspberry_seed":1,"minecraft:clay_ball":20,"additional_lights:fire_for_fire_pit_s":3,"minecraft:iron_boots":1,"minecraft:magenta_concrete":2,"minecraft:lightning_rod":1,"grimoireofgaia:quill":1,"minecraft:blast_furnace":13,"grimoireofgaia:soulfire":1,"minecraft:diamond_sword":1,"minecraft:cobblestone_slab":1,"minecraft:diamond_pickaxe":1,"minecraft:light_blue_carpet":7,"minecraft:spider_eye":3,"minecraft:stone_bricks":32,"croptopia:tomatillo_seed":1,"irons_spellbooks:iron_spell_book":1,"minecraft:blue_orchid":3,"grimoireofgaia:diamond_shard":2,"minecraft:brown_mushroom":1,"grimoireofgaia:withered_brain":3,"irons_spellbooks:artificer_cane":1,"minecraft:lantern":1,"minecraft:leather":4,"minecraft:iron_horse_armor":1,"minecraft:mangrove_planks":2,"croptopia:salt":8,"croptopia:chile_pepper_seed":2,"minecraft:flint":5,"minecraft:cobblestone_stairs":1,"croptopia:tomato_seed":1,"tombstone:bag_of_seeds":1,"minecraft:cornflower":1,"minecraft:mutton":1,"minecraft:seagrass":2,"minecraft:pumpkin_pie":1,"minecraft:gold_ingot":1,"minecraft:gravel":17,"minecraft:purpur_block":3,"irons_spellbooks:diamond_spell_book":1,"minecraft:pointed_dripstone":36,"minecraft:beetroot":2,"minecraft:diamond_shovel":1,"minecraft:carrot":4,"patchouli:guide_book":1,"minecraft:chainmail_chestplate":1,"minecraft:sandstone_wall":1,"minecraft:poppy":1,"minecraft:leather_chestplate":3,"minecraft:turtle_helmet":2,"minecraft:gunpowder":7,"minecraft:birch_door":2,"rechiseled:chisel":1,"minecraft:iron_bars":2,"minecraft:arrow":11,"minecraft:splash_potion":2,"minecraft:netherrack":2,"minecraft:purple_carpet":2,"croptopia:turnip_seed":4,"minecraft:bread":3,"justhammers:diamond_hammer":1,"minecraft:oak_slab":2,"grimoireofgaia:emerald_shard":2,"minecraft:lilac":1,"minecraft:mossy_cobblestone":15,"weaponmaster:tutorialbook":1,"minecraft:diamond_leggings":1,"evilcraft:dark_gem":7,"evilcraft:vengeance_pickaxe":1,"bossominium:the_bossdexium":1,"tombstone:ankh_of_pray":2,"minecraft:stick":4,"irons_spellbooks:scroll":1,"cataclysm:void_jaw":2,"minecraft:diorite":152,"minecraft:smooth_quartz":9,"cataclysm:void_core":1,"minecraft:iron_door":8,"minecraft:iron_leggings":1,"cataclysm:void_stone":2,"minecraft:iron_axe":2,"minecraft:bucket":6,"minecraft:dandelion":2,"minecraft:redstone":42,"minecraft:sweet_berries":3,"minecraft:raw_copper":6,"minecraft:tuff":6,"weaponmaster:wm_broadswordlarge":1,"minecraft:shulker_box":1,"minecraft:filled_map":2,"minecraft:shield":2,"minecraft:mud_bricks":1,"alexsmobs:lobster_tail":2,"minecraft:diamond_chestplate":1,"minecraft:iron_chestplate":1,"evilcraft:ender_tear":2,"minecraft:andesite":13,"minecraft:mossy_stone_bricks":27,"minecraft:oak_sapling":1,"minecraft:slime_ball":6,"minecraft:stone_pickaxe":1,"minecraft:wooden_pickaxe":1,"minecraft:raw_gold":7,"minecraft:calcite":2},"minecraft:broken":{"minecraft:diamond_helmet":1,"minecraft:shield":3,"minecraft:netherite_boots":1,"minecraft:diamond_boots":1,"minecraft:stone_axe":1},"minecraft:picked_up":{"minecraft:seagrass":2,"minecraft:birch_door":2,"minecraft:anvil":1,"minecraft:prismarine_shard":2,"croptopia:grape_seed":2,"croptopia:tomatillo_seed":1,"minecraft:smithing_table":2,"minecraft:diamond_sword":1,"minecraft:oak_stairs":6,"cataclysm:chiseled_obsidian_bricks":3,"irons_spellbooks:holy_rune":3,"minecraft:enchanted_book":6,"croptopia:calamari":1,"minecraft:brewing_stand":4,"minecraft:string":32,"minecraft:beetroot_soup":2,"minecraft:gold_nugget":34,"minecraft:cobbled_deepslate":1543,"grimoireofgaia:iron_shield":2,"minecraft:azalea_leaves":2,"irons_spellbooks:blank_rune":1,"minecraft:melon_slice":5,"grimoireofgaia:taproot":3,"croptopia:blackbean":1,"minecraft:purpur_pillar":5,"minecraft:sandstone_wall":1,"minecraft:lightning_rod":3,"minecraft:cherry_log":18,"irons_spellbooks:fire_rune":1,"minecraft:golden_chestplate":7,"croptopia:coffee_seed":1,"minecraft:waxed_cut_copper_stairs":2,"evilcraft:box_of_eternal_closure":3,"minecraft:stone_sword":1,"croptopia:raspberry_seed":2,"minecraft:end_rod":1,"croptopia:elderberry":1,"minecraft:blaze_rod":6,"minecraft:iron_bars":2,"alexsmobs:lobster_tail":3,"minecraft:birch_log":10,"minecraft:cooked_beef":19,"minecraft:feather":38,"minecraft:iron_door":9,"minecraft:brown_wool":2,"minecraft:smoker":4,"alexsmobs:bison_fur":6,"minecraft:flint":32,"irons_spellbooks:ruined_book":1,"croptopia:celery":2,"minecraft:mangrove_slab":3,"minecraft:lantern":1,"minecraft:purple_carpet":2,"minecraft:glowstone_dust":3,"minecraft:moss_block":8,"additional_lights:fire_for_fire_pit_s":2,"irons_spellbooks:legendary_ink":2,"minecraft:warped_wart_block":3,"croptopia:celery_seed":2,"cataclysm:obsidian_brick_wall":10,"minecraft:ink_sac":1,"minecraft:fermented_spider_eye":4,"minecraft:dark_oak_log":130,"grimoireofgaia:fireshard":13,"minecraft:bundle":4,"weaponmaster:workstation":8,"dragonmounts:dragon_egg":1,"minecraft:lever":1,"minecraft:granite":153,"minecraft:bread":23,"alexsmobs:maggot":2,"minecraft:dark_oak_fence":2,"minecraft:bricks":7,"minecraft:spruce_leaves":9,"minecraft:crafting_table":9,"minecraft:nether_wart":1,"minecraft:clay_ball":30,"minecraft:leather_leggings":9,"irons_spellbooks:tarnished_helmet":1,"tombstone:scroll_of_preservation":1,"minecraft:purpur_block":18,"minecraft:cornflower":1,"minecraft:elytra":1,"evilcraft:poison_sac":1,"travelersbackpack:pig":1,"minecraft:cracked_stone_bricks":12,"minecraft:netherite_sword":5,"minecraft:beef":94,"minecraft:iron_nugget":89,"minecraft:poppy":1,"minecraft:chest":2,"minecraft:birch_sapling":2,"minecraft:diamond_hoe":1,"minecraft:egg":5,"grimoireofgaia:diamond_shard":2,"minecraft:stone":1,"minecraft:oak_door":1,"croptopia:blackbean_seed":1,"rechiseled:cobbled_deepslate_pillar":3,"evilcraft:hardened_blood":3,"minecraft:carrot":6,"minecraft:redstone":30,"minecraft:mangrove_trapdoor":2,"additional_lights:standing_torch_l_cobblestone":2,"minecraft:diamond_chestplate":1,"grimoireofgaia:bag_book":1,"croptopia:strawberry_seed":2,"minecraft:deepslate_bricks":17,"minecraft:hay_block":22,"weaponmaster:wm_broadsword":1,"minecraft:purpur_slab":2,"croptopia:rhubarb":1,"tombstone:essence_of_undeath":1,"minecraft:gold_ingot":15,"minecraft:totem_of_undying":1,"minecraft:glow_berries":5,"minecraft:mutton":33,"minecraft:white_wool":35,"minecraft:birch_leaves":2,"minecraft:mud_bricks":1,"minecraft:acacia_wood":54,"minecraft:red_mushroom":2,"minecraft:filled_map":2,"grimoireofgaia:bone_shield":1,"minecraft:packed_mud":4,"cataclysm:void_jaw":44,"minecraft:oak_log":112,"additional_lights:al_torch_cobblestone":3,"minecraft:blue_bed":1,"tombstone:gift":1,"minecraft:apple":15,"deeperdarker:warden_upgrade_smithing_template":1,"minecraft:stone_bricks":35,"weaponmaster:tutorialbook":1,"tombstone:bag_of_seeds":2,"croptopia:tomato":1,"minecraft:glass_bottle":4,"croptopia:elderberry_seed":1,"minecraft:mangrove_planks":2,"grimoireofgaia:broom":1,"minecraft:iron_sword":2,"minecraft:flowering_azalea":1,"minecraft:sweet_berries":3,"minecraft:gravel":121,"minecraft:birch_stairs":1,"minecraft:spruce_sapling":9,"minecraft:spruce_log":80,"irons_spellbooks:scroll_forge":1,"grimoireofgaia:box_iron":3,"minecraft:crying_obsidian":5,"irons_spellbooks:poisonward_ring":1,"travelersbackpack:standard":5,"minecraft:stone_axe":1,"minecraft:slime_ball":13,"minecraft:light_blue_carpet":7,"minecraft:gray_wool":2,"grimoireofgaia:rotten_heart":4,"minecraft:warped_roots":3,"minecraft:stripped_dark_oak_log":1,"minecraft:ender_pearl":37,"minecraft:shulker_shell":11,"irons_spellbooks:scroll":9,"alexsmobs:cosmic_cod":3,"evilcraft:undead_leaves":3,"minecraft:wheat":22,"minecraft:black_carpet":11,"minecraft:iron_trapdoor":5,"minecraft:potion":1,"minecraft:crimson_planks":6,"evilcraft:ender_tear":6,"minecraft:raw_copper":140,"irons_spellbooks:arcane_essence":78,"minecraft:bucket":2,"minecraft:ender_eye":7,"minecraft:rose_bush":2,"minecraft:cobblestone_slab":1,"minecraft:calcite":5,"minecraft:azalea":1,"minecraft:smooth_quartz":9,"minecraft:iron_pickaxe":1,"irons_spellbooks:inscription_table":1,"minecraft:furnace":7,"minecraft:tipped_arrow":1,"minecraft:stick":8,"minecraft:brown_terracotta":1,"minecraft:oak_fence":7,"minecraft:torch":53,"croptopia:blackberry_seed":1,"minecraft:spruce_stairs":1,"deeperdarker:heart_of_the_deep":2,"minecraft:porkchop":136,"minecraft:pointed_dripstone":37,"tombstone:grave_dust":48,"minecraft:diorite":156,"cataclysm:polished_end_stone_stairs":10,"minecraft:rotten_flesh":165,"cataclysm:void_stone":2,"alexsmobs:capsid":4,"alexsmobs:emu_egg":1,"minecraft:obsidian":30,"cataclysm:stone_pillar":2,"minecraft:blaze_powder":6,"minecraft:cobblestone":4062,"croptopia:cauliflower":1,"minecraft:leather_chestplate":3,"minecraft:lilac":2,"minecraft:cherry_planks":12,"minecraft:andesite":13,"minecraft:chiseled_quartz_block":6,"minecraft:tuff":98,"minecraft:wither_skeleton_skull":3,"cataclysm:gauntlet_of_guard":2,"minecraft:lapis_lazuli":113,"minecraft:dirt":257,"irons_spellbooks:hogskin":19,"minecraft:glass":1,"minecraft:bone":245,"minecraft:acacia_planks":4,"minecraft:wheat_seeds":26,"minecraft:raw_gold":7,"minecraft:mossy_stone_bricks":27,"minecraft:cyan_concrete":6,"travelersbackpack:gold":1,"cataclysm:chorus_fence":2,"minecraft:oak_planks":33,"croptopia:chile_pepper_seed":2,"minecraft:black_terracotta":12,"irons_spellbooks:frozen_bone":3,"evilcraft:dark_gem_crushed":11,"croptopia:blackberry":2,"grimoireofgaia:emerald_shard":4,"minecraft:sand":40,"minecraft:dead_bush":1,"minecraft:grass_block":2,"minecraft:mossy_cobblestone":17,"minecraft:shulker_box":8,"grimoireofgaia:shiny_pearl":3,"minecraft:dark_prismarine":13,"weaponmaster:taglockkit":3,"travelersbackpack:white_sleeping_bag":1,"minecraft:light_gray_concrete":9,"minecraft:sugar":3,"alexsmobs:mimicream":1,"minecraft:diamond":21,"grimoireofgaia:withered_brain":5,"minecraft:crossbow":1,"minecraft:golden_apple":5,"minecraft:azure_bluet":4,"minecraft:emerald":38,"minecraft:oak_sapling":4,"minecraft:netherrack":4,"minecraft:chorus_fruit":114,"evilcraft:dark_power_gem":2,"minecraft:end_stone_bricks":31,"minecraft:charcoal":4,"minecraft:end_stone_brick_stairs":57,"minecraft:chicken":1,"grimoireofgaia:soulfire":19,"minecraft:splash_potion":2,"minecraft:ladder":1,"minecraft:rabbit_stew":1,"minecraft:turtle_helmet":1,"minecraft:brown_mushroom":2,"minecraft:gold_block":8,"cataclysm:chorus_planks":2,"minecraft:diamond_horse_armor":1,"minecraft:shield":1,"minecraft:oak_trapdoor":2,"minecraft:moss_carpet":16,"minecraft:iron_axe":1,"minecraft:item_frame":2,"minecraft:cyan_carpet":9,"minecraft:blue_orchid":3,"deeperdarker:warden_carapace":5,"minecraft:candle":6,"minecraft:dark_prismarine_stairs":1,"croptopia:tomato_seed":1,"minecraft:echo_shard":4,"irons_spellbooks:epic_ink":2,"minecraft:player_head":6,"bossominium:vex_wing":5,"minecraft:sugar_cane":13,"minecraft:phantom_membrane":4,"tombstone:ankh_of_pray":2,"minecraft:raw_iron":58,"minecraft:end_stone":52,"minecraft:stripped_mangrove_wood":1,"grimoireofgaia:meat":15,"evilcraft:origins_of_darkness":1,"croptopia:strawberry":1,"minecraft:iron_horse_armor":1,"minecraft:dark_oak_planks":18,"croptopia:grape":1,"weaponmaster:wm_broadswordlarge":1,"minecraft:arrow":245,"minecraft:pumpkin_pie":8,"minecraft:stripped_dark_oak_wood":20,"minecraft:saddle":3,"croptopia:salt":72,"minecraft:skeleton_skull":3,"minecraft:netherite_boots":1,"minecraft:leather":66,"minecraft:birch_planks":8,"minecraft:chainmail_chestplate":1,"tombstone:decorative_grave_cross":1,"minecraft:cobblestone_wall":2,"minecraft:yellow_bed":2,"minecraft:gunpowder":24,"minecraft:cobblestone_stairs":23,"grimoireofgaia:weapon_book_nightmare":1,"irons_spellbooks:rare_ink":2,"minecraft:red_carpet":3,"travelersbackpack:cow":2,"grimoireofgaia:quill":1,"minecraft:gray_carpet":8,"cataclysm:void_core":4,"minecraft:rabbit_hide":1,"minecraft:iron_ingot":14,"croptopia:raspberry":1,"croptopia:turnip_seed":4,"minecraft:acacia_sapling":2,"minecraft:book":51,"minecraft:sculk_catalyst":2,"minecraft:oak_slab":2,"evilcraft:undead_log":7,"croptopia:cauliflower_seed":2,"minecraft:emerald_block":1,"minecraft:pumpkin":1,"croptopia:starfruit":4,"minecraft:stone_brick_slab":3,"minecraft:quartz":67,"minecraft:dandelion":2,"minecraft:dripstone_block":48,"travelersbackpack:wither":3,"minecraft:blast_furnace":19,"irons_spellbooks:dragonskin":16,"minecraft:spider_eye":6,"evilcraft:dark_tank":1,"evilcraft:dark_gem":76,"tombstone:magic_scroll":9,"minecraft:damaged_anvil":1,"minecraft:magenta_concrete":2,"minecraft:coal":138,"minecraft:sunflower":1},"minecraft:killed":{"grimoireofgaia:toad":1,"alexsmobs:lobster":1,"alexsmobs:enderiophage":4,"minecraft:shulker":16,"minecraft:skeleton":127,"alexsmobs:leafcutter_ant":2,"minecraft:chicken":1,"cataclysm:endermaptera":37,"grimoireofgaia:ender_dragon_girl":1,"cataclysm:ender_golem":4,"grimoireofgaia:flesh_lich":1,"grimoireofgaia:spriggan":2,"minecraft:magma_cube":3,"grimoireofgaia:banshee":4,"minecraft:iron_golem":1,"alexsmobs:endergrade":1,"minecraft:pillager":28,"minecraft:zombie":33,"grimoireofgaia:deathword":1,"grimoireofgaia:wizard_harpy":1,"minecraft:cow":28,"minecraft:evoker":1,"alexsmobs:raccoon":1,"minecraft:vindicator":8,"alexsmobs:seagull":1,"alexsmobs:gorilla":2,"grimoireofgaia:valkyrie":3,"grimoireofgaia:dwarf":5,"grimoireofgaia:sludge_girl":13,"minecraft:warden":2,"minecraft:husk":48,"grimoireofgaia:cyan_flower":1,"minecraft:ravager":1,"evilcraft:poisonous_libelle":1,"minecraft:enderman":28,"grimoireofgaia:witch":2,"irons_spellbooks:priest":4,"alexsmobs:cosmic_cod":2,"minecraft:spider":15,"grimoireofgaia:minotaurus":7,"alexsmobs:froststalker":2,"grimoireofgaia:orc":1,"minecraft:silverfish":3,"minecraft:turtle":2,"irons_spellbooks:summoned_skeleton":4,"minecraft:pig":4,"minecraft:zombie_villager":1,"grimoireofgaia:bone_knight":1,"irons_spellbooks:necromancer":4,"minecraft:creeper":9,"alexsmobs:warped_toad":1,"minecraft:sheep":10,"cataclysm:ender_guardian":1,"grimoireofgaia:harpy":7,"alexsmobs:fly":3,"grimoireofgaia:dryad":1,"grimoireofgaia:shaman":2,"minecraft:vex":5,"irons_spellbooks:summoned_zombie":3,"grimoireofgaia:behender":3,"grimoireofgaia:satyress":2,"minecraft:allay":1,"alexsmobs:cosmaw":4,"grimoireofgaia:succubus":5,"alexsmobs:tasmanian_devil":2,"grimoireofgaia:centaur":2,"minecraft:phantom":8,"alexsmobs:bison":5,"minecraft:drowned":1,"grimoireofgaia:dullahan":9,"grimoireofgaia:gryphon":17,"grimoireofgaia:cecaelia":4,"minecraft:hoglin":34,"grimoireofgaia:horse":2,"grimoireofgaia:matango":4,"alexsmobs:crow":2,"grimoireofgaia:wither_cow":2,"grimoireofgaia:werecat":4,"minecraft:wither_skeleton":46},"minecraft:custom":{"minecraft:interact_with_crafting_table":124,"minecraft:open_barrel":103,"minecraft:leave_game":11,"minecraft:time_since_death":595275,"minecraft:damage_blocked_by_shield":8967,"minecraft:play_time":1237979,"minecraft:deaths":2,"minecraft:jump":14444,"minecraft:enchant_item":2,"minecraft:interact_with_furnace":58,"minecraft:sleep_in_bed":13,"minecraft:damage_dealt":37472,"tombstone:undead_killed":277,"minecraft:interact_with_smoker":2,"minecraft:use_cauldron":2,"minecraft:interact_with_smithing_table":11,"minecraft:interact_with_anvil":16,"minecraft:sneak_time":70356,"minecraft:interact_with_lectern":3,"minecraft:interact_with_blast_furnace":3,"minecraft:total_world_time":1237979,"tombstone:raider_killed":48,"minecraft:tune_noteblock":4,"tombstone:pray_on_grave":2,"minecraft:time_since_rest":589059,"tombstone:cast_on_ally":1,"minecraft:swim_one_cm":151185,"minecraft:fly_one_cm":3724682,"minecraft:open_chest":1476,"minecraft:fall_one_cm":415267,"minecraft:open_shulker_box":22,"minecraft:damage_resisted":186,"minecraft:sprint_one_cm":3297920,"minecraft:drop":474,"minecraft:talked_to_villager":2,"minecraft:interact_with_brewingstand":1,"minecraft:walk_on_water_one_cm":134689,"minecraft:interact_with_loom":1,"minecraft:open_enderchest":2,"minecraft:crouch_one_cm":285134,"minecraft:mob_kills":700,"minecraft:fill_cauldron":1,"minecraft:damage_dealt_resisted":1808,"minecraft:climb_one_cm":60276,"minecraft:walk_one_cm":3485557,"tombstone:consume_soul":1,"minecraft:walk_under_water_one_cm":94528,"minecraft:damage_taken":26404,"minecraft:damage_absorbed":864,"minecraft:trigger_trapped_chest":9,"tombstone:use_magic_impregnation":1,"minecraft:aviate_one_cm":237086},"minecraft:crafted":{"irons_spellbooks:holy_rune":1,"travelersbackpack:crafting_upgrade":1,"minecraft:chain":6,"evilcraft:hardened_blood_shard":18,"minecraft:birch_slab":6,"minecraft:diamond_shovel":1,"evilcraft:broom":1,"evilcraft:promise_speed_0":1,"minecraft:bookshelf":1,"grimoireofgaia:iron_shield":1,"weaponmaster:workstation":1,"minecraft:glass":32,"evilcraft:blood_extractor":3,"evilcraft:potentia_sphere":1,"weaponmaster:weaponkit":2,"tombstone:book_of_magic_impregnation":1,"evilcraft:undead_planks":28,"minecraft:cooked_porkchop":36,"minecraft:diamond_axe":1,"travelersbackpack:standard":2,"irons_spellbooks:priest_chestplate":1,"minecraft:smithing_table":1,"minecraft:copper_ingot":12,"irons_spellbooks:arcane_anvil":1,"irons_spellbooks:dragonskin_spell_book":1,"tombstone:white_marble":4,"minecraft:lectern":1,"minecraft:iron_pickaxe":1,"minecraft:iron_block":17,"irons_spellbooks:mana_ring":1,"irons_spellbooks:arcane_ingot":4,"grimoireofgaia:quill":1,"minecraft:iron_nugget":18,"minecraft:bone_meal":192,"travelersbackpack:blank_upgrade":8,"travelersbackpack:gold_tier_upgrade":1,"evilcraft:dark_block":6,"travelersbackpack:white_sleeping_bag":2,"minecraft:stone_pickaxe":1,"minecraft:redstone_block":1,"minecraft:dark_oak_planks":204,"minecraft:wheat":108,"evilcraft:dark_tank":3,"evilcraft:blood_infuser":2,"minecraft:wooden_axe":1,"evilcraft:inverted_potentia":1,"irons_spellbooks:inscription_table":1,"irons_spellbooks:diamond_spell_book":1,"minecraft:oak_planks":428,"cataclysm:sticky_gloves":1,"irons_spellbooks:iron_spell_book":2,"minecraft:lightning_rod":4,"minecraft:stone":55,"irons_spellbooks:divine_pearl":5,"irons_spellbooks:artificer_cane":2,"evilcraft:promise_tier_1":1,"minecraft:iron_boots":1,"minecraft:dead_bush":16,"justhammers:diamond_hammer":2,"minecraft:chest":68,"minecraft:ender_eye":6,"minecraft:oak_slab":6,"travelersbackpack:iron_tier_upgrade":1,"minecraft:crafting_table":6,"evilcraft:effortless_ring":1,"minecraft:spruce_planks":8,"minecraft:wooden_pickaxe":1,"evilcraft:bowl_of_promises_empty":1,"minecraft:birch_planks":44,"rechiseled:chisel":2,"minecraft:iron_chestplate":1,"minecraft:paper":6,"minecraft:diamond_pickaxe":3,"evilcraft:spikey_claws":1,"minecraft:shield":4,"minecraft:birch_fence":3,"minecraft:stick":148,"minecraft:iron_ingot":13,"travelersbackpack:cow":1,"evilcraft:vengeance_pickaxe":1,"irons_spellbooks:magic_cloth":11,"tombstone:decorative_subaraki_grave":1,"minecraft:shears":1,"evilcraft:dark_spike":16,"minecraft:cherry_planks":72,"minecraft:netherite_sword":5,"evilcraft:bowl_of_promises_dusted":3,"irons_spellbooks:scroll_forge":1,"minecraft:polished_deepslate":20,"minecraft:iron_axe":1,"evilcraft:dark_stick":8,"travelersbackpack:diamond_tier_upgrade":1,"minecraft:cooked_beef":55,"evilcraft:blood_infusion_core":2,"evilcraft:broom_part":7,"travelersbackpack:backpack_tank":6,"tombstone:ankh_of_pray":1,"minecraft:bucket":2,"minecraft:amethyst_block":3,"minecraft:stone_axe":1,"minecraft:bread":36,"minecraft:air":0,"tombstone:decorative_grave_cross":1,"tombstone:dark_marble":4,"evilcraft:promise_efficiency_0":1,"minecraft:anvil":2,"minecraft:acacia_planks":80,"minecraft:torch":416,"minecraft:lapis_block":1},"minecraft:mined":{"minecraft:dark_oak_planks":15,"evilcraft:undead_leaves":6,"minecraft:black_terracotta":12,"croptopia:grape_crop":1,"minecraft:cherry_log":18,"minecraft:jungle_leaves":6,"minecraft:obsidian":4,"minecraft:granite":8,"minecraft:deepslate_bricks":17,"minecraft:purpur_slab":3,"minecraft:spawner":94,"minecraft:cobbled_deepslate":18,"minecraft:fire":38,"minecraft:pumpkin":1,"minecraft:stripped_dark_oak_wood":22,"minecraft:sculk_shrieker":1,"minecraft:cave_vines":10,"minecraft:dirt_path":2,"minecraft:oak_stairs":1,"minecraft:light_gray_concrete":8,"weaponmaster:workstation":9,"minecraft:stripped_mangrove_wood":3,"minecraft:tripwire":13,"croptopia:starfruit_crop":5,"minecraft:smoker":4,"minecraft:powder_snow":4,"croptopia:turnip_crop":1,"minecraft:torch":8,"minecraft:blast_furnace":19,"minecraft:dead_bush":1,"minecraft:sugar_cane":3,"minecraft:damaged_anvil":1,"minecraft:bricks":7,"croptopia:cauliflower_crop":1,"minecraft:lilac":2,"minecraft:grass":79,"minecraft:smooth_quartz":10,"minecraft:sandstone_wall":1,"minecraft:deepslate":370,"evilcraft:hardened_blood":9,"minecraft:dark_prismarine":11,"minecraft:mossy_cobblestone":5,"evilcraft:dark_tank":1,"minecraft:dark_oak_log":131,"minecraft:shulker_box":7,"minecraft:end_stone":55,"minecraft:dark_oak_fence":1,"minecraft:redstone_wire":2,"minecraft:moss_block":13,"minecraft:redstone_ore":2,"minecraft:packed_mud":8,"minecraft:acacia_wood":22,"evilcraft:box_of_eternal_closure":1,"minecraft:andesite":15,"travelersbackpack:wither":2,"croptopia:rhubarb_crop":1,"minecraft:cyan_concrete":6,"minecraft:cobblestone_slab":1,"minecraft:vine":2,"croptopia:elderberry_crop":1,"irons_spellbooks:inscription_table":1,"minecraft:white_wool":12,"minecraft:ender_chest":1,"minecraft:smithing_table":2,"minecraft:oak_slab":2,"minecraft:birch_stairs":1,"minecraft:glass_pane":3,"minecraft:cherry_planks":13,"minecraft:stone_brick_slab":3,"minecraft:dandelion":1,"minecraft:cornflower":1,"minecraft:warped_roots":2,"minecraft:lightning_rod":2,"minecraft:purpur_pillar":6,"minecraft:tall_grass":21,"minecraft:copper_ore":5,"croptopia:blackbean_crop":1,"minecraft:deepslate_gold_ore":8,"minecraft:diorite":5,"minecraft:warped_wart_block":3,"minecraft:black_stained_glass":3,"additional_lights:standing_torch_l_cobblestone":2,"minecraft:cobblestone_wall":2,"minecraft:spruce_log":83,"minecraft:birch_leaves":5,"additional_lights:fire_for_fire_pit_s":1,"croptopia:celery_crop":2,"minecraft:sunflower":1,"croptopia:blackberry_crop":1,"minecraft:gravel":141,"minecraft:dripstone_block":52,"minecraft:brown_terracotta":1,"minecraft:stone_bricks":15,"minecraft:iron_trapdoor":1,"minecraft:fern":4,"additional_lights:al_torch_cobblestone":3,"croptopia:strawberry_crop":1,"minecraft:cobblestone_stairs":21,"minecraft:sculk_vein":1,"minecraft:orange_stained_glass":2,"minecraft:brewing_stand":4,"minecraft:cave_vines_plant":3,"cataclysm:stone_pillar":2,"minecraft:grass_block":95,"minecraft:purple_stained_glass_pane":1,"minecraft:mud_bricks":10,"minecraft:frosted_ice":3,"irons_spellbooks:scroll_forge":1,"minecraft:iron_ore":39,"minecraft:anvil":1,"minecraft:azure_bluet":2,"minecraft:dark_oak_stairs":2,"minecraft:pointed_dripstone":4,"minecraft:iron_bars":1,"minecraft:azalea":1,"cataclysm:void_stone":2,"minecraft:end_stone_bricks":18,"minecraft:gray_terracotta":1,"minecraft:chiseled_quartz_block":6,"minecraft:clay":7,"minecraft:calcite":5,"minecraft:chest":2,"minecraft:cobblestone":80,"minecraft:oak_planks":5,"minecraft:iron_door":9,"minecraft:wall_torch":4,"evilcraft:dark_ore_deepslate":8,"minecraft:birch_log":2,"minecraft:purpur_block":16,"minecraft:oak_log":107,"tombstone:decorative_grave_cross":1,"croptopia:salt_ore":21,"minecraft:sand":37,"minecraft:dirt":119,"minecraft:crimson_planks":6,"minecraft:netherrack":4,"minecraft:oak_leaves":13,"minecraft:red_carpet":2,"minecraft:emerald_block":2,"minecraft:crying_obsidian":1,"minecraft:tuff":57,"cataclysm:chorus_planks":2,"minecraft:dark_oak_leaves":2,"minecraft:deepslate_diamond_ore":1,"minecraft:candle":6,"travelersbackpack:white_sleeping_bag":1,"minecraft:mangrove_trapdoor":2,"minecraft:spruce_leaves":10,"minecraft:hay_block":22,"minecraft:furnace":5,"evilcraft:dark_ore":2,"minecraft:gold_block":8,"minecraft:polished_deepslate":1,"minecraft:bookshelf":1,"minecraft:deepslate_iron_ore":20,"cataclysm:polished_end_stone_stairs":1,"minecraft:chorus_plant":6,"minecraft:stone":727,"minecraft:podzol":2,"rechiseled:cobbled_deepslate_pillar":3,"minecraft:acacia_leaves":3,"minecraft:infested_stone_bricks":1,"minecraft:stripped_dark_oak_log":1,"travelersbackpack:standard":5,"minecraft:oak_fence":5,"minecraft:crafting_table":8,"minecraft:rose_bush":1,"minecraft:andesite_slab":1,"minecraft:sculk_sensor":3,"minecraft:lily_pad":1,"dragonmounts:dragon_egg":2,"minecraft:sculk":57,"minecraft:blue_bed":1,"minecraft:spruce_stairs":1,"minecraft:end_stone_brick_stairs":3,"minecraft:sweet_berry_bush":1,"minecraft:mangrove_planks":1,"minecraft:yellow_bed":1,"croptopia:tomato_crop":1,"minecraft:mangrove_slab":2,"minecraft:coal_ore":56,"evilcraft:undead_log":7,"evilcraft:blood_stain":1,"travelersbackpack:cow":1,"minecraft:cherry_leaves":1,"minecraft:end_rod":1,"minecraft:cyan_carpet":2,"minecraft:cracked_stone_bricks":12,"minecraft:mossy_stone_bricks":6}},"DataVersion":3465}