{"stats":{"minecraft:picked_up":{"minecraft:seagrass":2,"minecraft:birch_door":2,"croptopia:grape_seed":2,"croptopia:tomatillo_seed":1,"minecraft:diamond_sword":1,"cataclysm:chiseled_obsidian_bricks":3,"minecraft:oak_stairs":6,"irons_spellbooks:holy_rune":3,"minecraft:enchanted_book":5,"minecraft:brewing_stand":2,"minecraft:string":30,"minecraft:beetroot_soup":2,"minecraft:gold_nugget":20,"minecraft:cobbled_deepslate":1430,"minecraft:azalea_leaves":2,"irons_spellbooks:blank_rune":1,"minecraft:melon_slice":5,"grimoireofgaia:taproot":3,"croptopia:blackbean":1,"minecraft:purpur_pillar":5,"minecraft:sandstone_wall":1,"minecraft:cherry_log":18,"irons_spellbooks:fire_rune":1,"croptopia:coffee_seed":1,"minecraft:waxed_cut_copper_stairs":2,"minecraft:stone_sword":1,"croptopia:raspberry_seed":2,"minecraft:end_rod":1,"croptopia:elderberry":1,"minecraft:blaze_rod":6,"minecraft:iron_bars":2,"alexsmobs:lobster_tail":3,"minecraft:birch_log":10,"minecraft:feather":29,"minecraft:iron_door":9,"minecraft:brown_wool":2,"minecraft:smoker":1,"minecraft:flint":12,"croptopia:celery":2,"minecraft:mangrove_slab":3,"minecraft:lantern":1,"minecraft:purple_carpet":1,"minecraft:glowstone_dust":3,"minecraft:moss_block":8,"additional_lights:fire_for_fire_pit_s":2,"irons_spellbooks:legendary_ink":2,"minecraft:warped_wart_block":3,"croptopia:celery_seed":2,"cataclysm:obsidian_brick_wall":10,"minecraft:fermented_spider_eye":4,"minecraft:dark_oak_log":130,"grimoireofgaia:fireshard":13,"minecraft:bundle":1,"weaponmaster:workstation":7,"minecraft:lever":1,"minecraft:granite":153,"minecraft:bread":23,"alexsmobs:maggot":2,"minecraft:dark_oak_fence":2,"minecraft:bricks":7,"minecraft:crafting_table":7,"minecraft:nether_wart":1,"minecraft:clay_ball":30,"minecraft:leather_leggings":1,"irons_spellbooks:tarnished_helmet":1,"tombstone:scroll_of_preservation":1,"minecraft:purpur_block":16,"minecraft:elytra":1,"evilcraft:poison_sac":1,"travelersbackpack:pig":1,"minecraft:cracked_stone_bricks":12,"minecraft:beef":60,"minecraft:iron_nugget":61,"minecraft:poppy":1,"minecraft:birch_sapling":2,"minecraft:diamond_hoe":1,"minecraft:egg":5,"minecraft:stone":1,"minecraft:oak_door":1,"croptopia:blackbean_seed":1,"evilcraft:hardened_blood":3,"minecraft:carrot":6,"minecraft:redstone":30,"minecraft:mangrove_trapdoor":2,"minecraft:diamond_chestplate":1,"grimoireofgaia:bag_book":1,"croptopia:strawberry_seed":2,"minecraft:purpur_slab":2,"weaponmaster:wm_broadsword":1,"minecraft:hay_block":22,"croptopia:rhubarb":1,"tombstone:essence_of_undeath":1,"minecraft:gold_ingot":15,"minecraft:totem_of_undying":1,"minecraft:glow_berries":5,"minecraft:mutton":17,"minecraft:white_wool":35,"minecraft:birch_leaves":2,"minecraft:mud_bricks":1,"cataclysm:void_jaw":42,"minecraft:acacia_wood":54,"minecraft:red_mushroom":2,"minecraft:filled_map":2,"grimoireofgaia:bone_shield":1,"minecraft:packed_mud":4,"minecraft:oak_log":112,"additional_lights:al_torch_cobblestone":2,"minecraft:blue_bed":1,"tombstone:gift":1,"minecraft:apple":15,"deeperdarker:warden_upgrade_smithing_template":1,"minecraft:stone_bricks":35,"weaponmaster:tutorialbook":1,"tombstone:bag_of_seeds":2,"croptopia:tomato":1,"grimoireofgaia:broom":1,"minecraft:glass_bottle":4,"croptopia:elderberry_seed":1,"minecraft:mangrove_planks":2,"minecraft:iron_sword":1,"minecraft:flowering_azalea":1,"minecraft:sweet_berries":3,"minecraft:gravel":42,"minecraft:birch_stairs":1,"grimoireofgaia:box_iron":3,"minecraft:crying_obsidian":5,"irons_spellbooks:poisonward_ring":1,"travelersbackpack:standard":3,"minecraft:slime_ball":12,"minecraft:light_blue_carpet":6,"minecraft:gray_wool":2,"grimoireofgaia:rotten_heart":4,"minecraft:warped_roots":3,"minecraft:ender_pearl":27,"minecraft:shulker_shell":11,"irons_spellbooks:scroll":9,"alexsmobs:cosmic_cod":2,"minecraft:wheat":22,"minecraft:black_carpet":11,"minecraft:iron_trapdoor":5,"minecraft:potion":1,"minecraft:crimson_planks":6,"evilcraft:ender_tear":4,"minecraft:raw_copper":33,"irons_spellbooks:arcane_essence":78,"minecraft:bucket":2,"minecraft:ender_eye":7,"minecraft:azalea":1,"minecraft:rose_bush":2,"minecraft:cobblestone_slab":1,"minecraft:calcite":5,"minecraft:smooth_quartz":9,"minecraft:iron_pickaxe":1,"minecraft:furnace":4,"minecraft:stick":8,"minecraft:brown_terracotta":1,"minecraft:oak_fence":6,"minecraft:torch":46,"croptopia:blackberry_seed":1,"deeperdarker:heart_of_the_deep":2,"minecraft:porkchop":11,"minecraft:pointed_dripstone":37,"tombstone:grave_dust":33,"minecraft:diorite":156,"cataclysm:polished_end_stone_stairs":10,"minecraft:rotten_flesh":155,"cataclysm:void_stone":2,"alexsmobs:capsid":3,"alexsmobs:emu_egg":1,"minecraft:obsidian":25,"minecraft:blaze_powder":6,"minecraft:cobblestone":3405,"croptopia:cauliflower":1,"minecraft:leather_chestplate":3,"minecraft:lilac":2,"minecraft:cherry_planks":12,"minecraft:andesite":13,"minecraft:chiseled_quartz_block":6,"minecraft:tuff":98,"cataclysm:gauntlet_of_guard":2,"minecraft:lapis_lazuli":113,"minecraft:dirt":132,"minecraft:glass":1,"minecraft:bone":140,"minecraft:acacia_planks":4,"minecraft:wheat_seeds":14,"minecraft:raw_gold":7,"minecraft:mossy_stone_bricks":27,"travelersbackpack:gold":1,"minecraft:cyan_concrete":6,"minecraft:oak_planks":33,"croptopia:chile_pepper_seed":2,"minecraft:black_terracotta":12,"irons_spellbooks:frozen_bone":3,"croptopia:blackberry":2,"grimoireofgaia:emerald_shard":2,"minecraft:sand":40,"minecraft:grass_block":1,"minecraft:shulker_box":4,"minecraft:mossy_cobblestone":17,"grimoireofgaia:shiny_pearl":2,"weaponmaster:taglockkit":3,"travelersbackpack:white_sleeping_bag":1,"minecraft:light_gray_concrete":9,"minecraft:sugar":3,"minecraft:diamond":21,"grimoireofgaia:withered_brain":5,"minecraft:crossbow":1,"minecraft:golden_apple":3,"minecraft:emerald":38,"minecraft:oak_sapling":4,"minecraft:chorus_fruit":70,"minecraft:netherrack":4,"minecraft:end_stone_bricks":31,"minecraft:end_stone_brick_stairs":57,"minecraft:charcoal":4,"grimoireofgaia:soulfire":9,"minecraft:splash_potion":2,"minecraft:chicken":1,"minecraft:ladder":1,"minecraft:rabbit_stew":1,"minecraft:turtle_helmet":1,"minecraft:brown_mushroom":2,"minecraft:gold_block":8,"cataclysm:chorus_planks":2,"minecraft:diamond_horse_armor":1,"minecraft:shield":1,"minecraft:moss_carpet":16,"minecraft:iron_axe":1,"minecraft:item_frame":2,"minecraft:cyan_carpet":9,"minecraft:blue_orchid":3,"deeperdarker:warden_carapace":5,"croptopia:tomato_seed":1,"minecraft:echo_shard":4,"irons_spellbooks:epic_ink":2,"minecraft:player_head":1,"bossominium:vex_wing":4,"minecraft:sugar_cane":7,"minecraft:phantom_membrane":2,"tombstone:ankh_of_pray":2,"minecraft:end_stone":38,"minecraft:raw_iron":58,"minecraft:stripped_mangrove_wood":1,"grimoireofgaia:meat":5,"evilcraft:origins_of_darkness":1,"croptopia:strawberry":1,"minecraft:iron_horse_armor":1,"minecraft:dark_oak_planks":16,"croptopia:grape":1,"weaponmaster:wm_broadswordlarge":1,"minecraft:arrow":200,"minecraft:pumpkin_pie":1,"minecraft:stripped_dark_oak_wood":20,"minecraft:saddle":2,"croptopia:salt":72,"minecraft:skeleton_skull":3,"minecraft:leather":48,"minecraft:birch_planks":8,"minecraft:chainmail_chestplate":1,"minecraft:yellow_bed":2,"minecraft:gunpowder":21,"minecraft:cobblestone_stairs":3,"grimoireofgaia:weapon_book_nightmare":1,"irons_spellbooks:rare_ink":2,"minecraft:red_carpet":2,"travelersbackpack:cow":1,"grimoireofgaia:quill":1,"minecraft:gray_carpet":8,"cataclysm:void_core":4,"minecraft:rabbit_hide":1,"minecraft:iron_ingot":14,"croptopia:raspberry":1,"croptopia:turnip_seed":4,"minecraft:acacia_sapling":2,"minecraft:book":51,"minecraft:sculk_catalyst":2,"minecraft:oak_slab":2,"croptopia:cauliflower_seed":2,"minecraft:emerald_block":1,"minecraft:pumpkin":1,"croptopia:starfruit":4,"minecraft:stone_brick_slab":3,"minecraft:quartz":67,"minecraft:dripstone_block":48,"minecraft:blast_furnace":13,"irons_spellbooks:dragonskin":8,"minecraft:spider_eye":6,"evilcraft:dark_gem":48,"tombstone:magic_scroll":5,"minecraft:damaged_anvil":1,"minecraft:magenta_concrete":1,"minecraft:coal":113,"minecraft:sunflower":1},"minecraft:crafted":{"irons_spellbooks:holy_rune":1,"travelersbackpack:crafting_upgrade":1,"minecraft:chain":6,"evilcraft:hardened_blood_shard":18,"minecraft:birch_slab":6,"minecraft:diamond_shovel":1,"minecraft:bookshelf":1,"weaponmaster:workstation":1,"minecraft:glass":32,"evilcraft:blood_extractor":3,"evilcraft:potentia_sphere":1,"weaponmaster:weaponkit":2,"tombstone:book_of_magic_impregnation":1,"minecraft:cooked_porkchop":5,"minecraft:diamond_axe":1,"travelersbackpack:standard":2,"irons_spellbooks:priest_chestplate":1,"minecraft:smithing_table":1,"minecraft:lectern":1,"minecraft:iron_pickaxe":1,"minecraft:iron_block":10,"grimoireofgaia:quill":1,"minecraft:iron_nugget":18,"travelersbackpack:blank_upgrade":4,"travelersbackpack:gold_tier_upgrade":1,"evilcraft:dark_block":4,"travelersbackpack:white_sleeping_bag":2,"minecraft:stone_pickaxe":1,"minecraft:dark_oak_planks":172,"minecraft:wheat":108,"evilcraft:dark_tank":2,"minecraft:wooden_axe":1,"evilcraft:inverted_potentia":1,"irons_spellbooks:inscription_table":1,"minecraft:oak_planks":428,"cataclysm:sticky_gloves":1,"irons_spellbooks:iron_spell_book":2,"minecraft:stone":55,"irons_spellbooks:divine_pearl":5,"irons_spellbooks:artificer_cane":2,"minecraft:iron_boots":1,"justhammers:diamond_hammer":2,"minecraft:chest":65,"minecraft:ender_eye":6,"minecraft:oak_slab":6,"travelersbackpack:iron_tier_upgrade":1,"minecraft:crafting_table":6,"minecraft:wooden_pickaxe":1,"minecraft:birch_planks":44,"rechiseled:chisel":1,"minecraft:iron_chestplate":1,"minecraft:paper":6,"minecraft:diamond_pickaxe":3,"evilcraft:spikey_claws":1,"minecraft:shield":4,"minecraft:birch_fence":3,"minecraft:stick":140,"minecraft:iron_ingot":13,"travelersbackpack:cow":1,"irons_spellbooks:magic_cloth":11,"minecraft:shears":1,"evilcraft:dark_spike":16,"minecraft:cherry_planks":72,"irons_spellbooks:scroll_forge":1,"minecraft:polished_deepslate":16,"minecraft:iron_axe":1,"travelersbackpack:diamond_tier_upgrade":1,"minecraft:cooked_beef":55,"travelersbackpack:backpack_tank":4,"tombstone:ankh_of_pray":1,"minecraft:bucket":2,"minecraft:stone_axe":1,"minecraft:bread":36,"minecraft:air":0,"tombstone:decorative_grave_cross":1,"tombstone:dark_marble":4,"minecraft:anvil":1,"minecraft:acacia_planks":80,"minecraft:torch":416},"minecraft:used":{"irons_spellbooks:inscription_table":1,"minecraft:beetroot":3,"minecraft:moss_block":3,"minecraft:elytra":3,"grimoireofgaia:fireshard":9,"minecraft:chest":63,"minecraft:stripped_dark_oak_wood":1,"evilcraft:bucket_blood":2,"minecraft:rabbit_stew":1,"minecraft:bow":34,"additional_lights:al_torch_cobblestone":2,"minecraft:end_stone_bricks":16,"minecraft:diorite":1,"croptopia:tomato":1,"minecraft:chorus_fruit":51,"minecraft:wooden_pickaxe":10,"irons_spellbooks:tarnished_helmet":1,"minecraft:golden_apple":24,"minecraft:glow_berries":8,"minecraft:chiseled_quartz_block":6,"minecraft:diamond_sword":183,"minecraft:smithing_table":1,"croptopia:starfruit":4,"minecraft:torch":441,"minecraft:brewing_stand":2,"minecraft:anvil":1,"croptopia:raspberry":1,"tombstone:ankh_of_pray":17,"minecraft:iron_axe":95,"minecraft:diamond_chestplate":5,"tombstone:gift":8,"minecraft:acacia_wood":1,"minecraft:cobbled_deepslate":466,"minecraft:calcite":3,"croptopia:grape":1,"minecraft:water_bucket":128,"croptopia:celery":2,"minecraft:cherry_planks":40,"croptopia:rhubarb":1,"minecraft:cracked_stone_bricks":4,"minecraft:mossy_cobblestone":2,"justhammers:diamond_hammer":588,"minecraft:crafting_table":11,"minecraft:cake":1,"minecraft:ender_eye":13,"minecraft:diamond_pickaxe":1350,"minecraft:diamond_shovel":91,"minecraft:iron_pickaxe":99,"travelersbackpack:white_sleeping_bag":2,"croptopia:cauliflower":1,"travelersbackpack:standard":13,"minecraft:cobblestone":562,"minecraft:potion":1,"minecraft:porkchop":2,"minecraft:polished_deepslate":12,"minecraft:shield":181,"minecraft:iron_sword":237,"grimoireofgaia:soulfire":32,"minecraft:player_head":1,"travelersbackpack:pig":1,"minecraft:carrot":4,"minecraft:tuff":50,"minecraft:obsidian":12,"minecraft:bricks":7,"alexsmobs:lobster_tail":1,"minecraft:hay_block":1,"grimoireofgaia:meat":1,"minecraft:skeleton_skull":2,"travelersbackpack:cow":2,"minecraft:stone_pickaxe":115,"minecraft:oak_planks":12,"minecraft:ender_pearl":21,"tombstone:decorative_grave_cross":1,"minecraft:diamond_axe":332,"minecraft:blue_bed":1,"weaponmaster:wm_broadswordlarge":95,"minecraft:dripstone_block":2,"minecraft:end_stone":5,"minecraft:black_terracotta":12,"minecraft:dark_oak_log":10,"grimoireofgaia:weapon_book_nightmare":1,"minecraft:bread":249,"minecraft:iron_door":1,"minecraft:gravel":4,"croptopia:blackberry":1,"grimoireofgaia:withered_brain":1,"minecraft:oak_fence":1,"minecraft:azalea":1,"croptopia:blackbean":1,"weaponmaster:workstation":9,"minecraft:dirt":5,"croptopia:elderberry":1,"minecraft:shulker_box":2,"minecraft:granite":10,"minecraft:dark_oak_planks":98,"minecraft:wooden_axe":18,"croptopia:strawberry":1,"minecraft:cooked_beef":45,"minecraft:enchanted_golden_apple":2,"minecraft:smoker":1,"minecraft:apple":67,"evilcraft:spikey_claws":2,"minecraft:stone_axe":84,"irons_spellbooks:scroll_forge":1,"minecraft:bucket":141,"minecraft:yellow_bed":2,"minecraft:pumpkin_pie":1},"minecraft:killed":{"grimoireofgaia:toad":1,"alexsmobs:lobster":1,"alexsmobs:enderiophage":3,"minecraft:shulker":16,"minecraft:skeleton":82,"alexsmobs:leafcutter_ant":2,"minecraft:chicken":1,"cataclysm:endermaptera":37,"grimoireofgaia:ender_dragon_girl":1,"cataclysm:ender_golem":4,"grimoireofgaia:flesh_lich":1,"grimoireofgaia:spriggan":1,"minecraft:magma_cube":3,"grimoireofgaia:banshee":1,"minecraft:iron_golem":1,"alexsmobs:endergrade":1,"minecraft:pillager":28,"minecraft:zombie":29,"grimoireofgaia:deathword":1,"grimoireofgaia:wizard_harpy":1,"minecraft:cow":28,"minecraft:evoker":1,"minecraft:vindicator":8,"alexsmobs:seagull":1,"alexsmobs:gorilla":2,"grimoireofgaia:valkyrie":1,"grimoireofgaia:dwarf":1,"grimoireofgaia:sludge_girl":11,"minecraft:warden":2,"minecraft:husk":48,"grimoireofgaia:cyan_flower":1,"minecraft:ravager":1,"evilcraft:poisonous_libelle":1,"minecraft:enderman":18,"grimoireofgaia:witch":2,"alexsmobs:cosmic_cod":2,"irons_spellbooks:priest":4,"minecraft:spider":10,"grimoireofgaia:minotaurus":7,"alexsmobs:froststalker":2,"grimoireofgaia:orc":1,"minecraft:silverfish":3,"minecraft:turtle":1,"irons_spellbooks:summoned_skeleton":4,"minecraft:pig":4,"grimoireofgaia:bone_knight":1,"irons_spellbooks:necromancer":4,"minecraft:creeper":6,"alexsmobs:warped_toad":1,"minecraft:sheep":10,"cataclysm:ender_guardian":1,"grimoireofgaia:harpy":6,"alexsmobs:fly":3,"grimoireofgaia:dryad":1,"grimoireofgaia:shaman":2,"minecraft:vex":4,"irons_spellbooks:summoned_zombie":3,"grimoireofgaia:behender":3,"minecraft:allay":1,"alexsmobs:cosmaw":4,"grimoireofgaia:succubus":5,"alexsmobs:tasmanian_devil":2,"grimoireofgaia:centaur":1,"minecraft:phantom":2,"minecraft:drowned":1,"grimoireofgaia:dullahan":3,"grimoireofgaia:gryphon":6,"grimoireofgaia:cecaelia":3,"grimoireofgaia:horse":1,"grimoireofgaia:matango":4,"alexsmobs:crow":2,"grimoireofgaia:werecat":2,"grimoireofgaia:wither_cow":2},"minecraft:mined":{"minecraft:dark_oak_planks":13,"minecraft:black_terracotta":12,"croptopia:grape_crop":1,"minecraft:cherry_log":18,"minecraft:jungle_leaves":6,"minecraft:obsidian":4,"minecraft:granite":8,"minecraft:purpur_slab":3,"minecraft:spawner":86,"minecraft:cobbled_deepslate":18,"minecraft:fire":38,"minecraft:pumpkin":1,"minecraft:stripped_dark_oak_wood":22,"minecraft:sculk_shrieker":1,"minecraft:cave_vines":10,"minecraft:oak_stairs":1,"minecraft:light_gray_concrete":8,"weaponmaster:workstation":8,"minecraft:stripped_mangrove_wood":3,"minecraft:tripwire":13,"croptopia:starfruit_crop":5,"minecraft:smoker":1,"minecraft:powder_snow":3,"croptopia:turnip_crop":1,"minecraft:torch":2,"minecraft:blast_furnace":13,"minecraft:dead_bush":1,"minecraft:sugar_cane":2,"minecraft:damaged_anvil":1,"minecraft:bricks":7,"croptopia:cauliflower_crop":1,"minecraft:lilac":2,"minecraft:grass":52,"minecraft:smooth_quartz":10,"minecraft:sandstone_wall":1,"minecraft:deepslate":370,"evilcraft:hardened_blood":5,"minecraft:mossy_cobblestone":5,"minecraft:dark_oak_log":131,"minecraft:shulker_box":3,"minecraft:end_stone":41,"minecraft:dark_oak_fence":1,"minecraft:redstone_wire":2,"minecraft:moss_block":13,"minecraft:redstone_ore":2,"minecraft:packed_mud":8,"minecraft:acacia_wood":22,"croptopia:rhubarb_crop":1,"minecraft:vine":2,"minecraft:cyan_concrete":6,"minecraft:cobblestone_slab":1,"croptopia:elderberry_crop":1,"minecraft:white_wool":12,"minecraft:ender_chest":1,"minecraft:oak_slab":2,"minecraft:birch_stairs":1,"minecraft:glass_pane":3,"minecraft:cherry_planks":13,"minecraft:stone_brick_slab":3,"minecraft:warped_roots":2,"minecraft:purpur_pillar":6,"minecraft:tall_grass":16,"minecraft:copper_ore":2,"croptopia:blackbean_crop":1,"minecraft:deepslate_gold_ore":8,"minecraft:diorite":4,"minecraft:warped_wart_block":3,"minecraft:black_stained_glass":3,"minecraft:birch_leaves":5,"additional_lights:fire_for_fire_pit_s":1,"croptopia:celery_crop":2,"minecraft:sunflower":1,"croptopia:blackberry_crop":1,"minecraft:gravel":51,"minecraft:dripstone_block":52,"minecraft:brown_terracotta":1,"minecraft:stone_bricks":15,"minecraft:iron_trapdoor":1,"minecraft:fern":4,"additional_lights:al_torch_cobblestone":2,"croptopia:strawberry_crop":1,"minecraft:cobblestone_stairs":1,"minecraft:sculk_vein":1,"minecraft:orange_stained_glass":2,"minecraft:brewing_stand":2,"minecraft:cave_vines_plant":3,"minecraft:grass_block":12,"minecraft:purple_stained_glass_pane":1,"minecraft:mud_bricks":10,"minecraft:frosted_ice":3,"minecraft:iron_ore":39,"minecraft:dark_oak_stairs":2,"minecraft:pointed_dripstone":4,"minecraft:iron_bars":1,"minecraft:end_stone_bricks":18,"minecraft:azalea":1,"cataclysm:void_stone":2,"minecraft:chiseled_quartz_block":6,"minecraft:clay":7,"minecraft:calcite":5,"minecraft:cobblestone":39,"minecraft:oak_planks":5,"minecraft:iron_door":9,"minecraft:wall_torch":4,"evilcraft:dark_ore_deepslate":8,"minecraft:birch_log":2,"minecraft:purpur_block":16,"minecraft:oak_log":107,"croptopia:salt_ore":21,"minecraft:sand":37,"minecraft:dirt":103,"minecraft:crimson_planks":6,"minecraft:netherrack":4,"minecraft:oak_leaves":13,"minecraft:emerald_block":2,"cataclysm:chorus_planks":2,"minecraft:crying_obsidian":1,"minecraft:tuff":57,"minecraft:dark_oak_leaves":2,"minecraft:deepslate_diamond_ore":1,"travelersbackpack:white_sleeping_bag":1,"minecraft:mangrove_trapdoor":2,"minecraft:spruce_leaves":1,"minecraft:hay_block":22,"minecraft:furnace":2,"evilcraft:dark_ore":2,"minecraft:gold_block":8,"minecraft:polished_deepslate":1,"minecraft:bookshelf":1,"minecraft:deepslate_iron_ore":20,"cataclysm:polished_end_stone_stairs":1,"minecraft:chorus_plant":1,"minecraft:stone":428,"minecraft:acacia_leaves":3,"minecraft:infested_stone_bricks":1,"travelersbackpack:standard":3,"minecraft:oak_fence":5,"minecraft:crafting_table":6,"minecraft:rose_bush":1,"minecraft:andesite_slab":1,"minecraft:sculk_sensor":3,"minecraft:lily_pad":1,"dragonmounts:dragon_egg":1,"minecraft:sculk":57,"minecraft:blue_bed":1,"minecraft:end_stone_brick_stairs":3,"minecraft:sweet_berry_bush":1,"minecraft:mangrove_planks":1,"minecraft:yellow_bed":1,"croptopia:tomato_crop":1,"minecraft:mangrove_slab":2,"minecraft:coal_ore":56,"evilcraft:blood_stain":1,"minecraft:end_rod":1,"minecraft:cherry_leaves":1,"minecraft:cyan_carpet":2,"minecraft:cracked_stone_bricks":12,"minecraft:mossy_stone_bricks":6},"minecraft:killed_by":{"minecraft:player":1},"minecraft:broken":{"minecraft:diamond_helmet":1,"minecraft:shield":2,"minecraft:diamond_boots":1,"minecraft:stone_axe":1},"minecraft:custom":{"minecraft:interact_with_crafting_table":96,"minecraft:open_barrel":103,"minecraft:leave_game":9,"minecraft:time_since_death":309386,"minecraft:damage_blocked_by_shield":7877,"minecraft:play_time":952090,"minecraft:deaths":2,"minecraft:jump":11842,"minecraft:enchant_item":2,"minecraft:interact_with_furnace":40,"minecraft:sleep_in_bed":13,"minecraft:damage_dealt":37105,"tombstone:undead_killed":175,"minecraft:use_cauldron":2,"minecraft:interact_with_smithing_table":10,"minecraft:interact_with_anvil":11,"minecraft:sneak_time":65948,"minecraft:interact_with_lectern":3,"minecraft:interact_with_blast_furnace":3,"minecraft:total_world_time":952090,"tombstone:raider_killed":42,"minecraft:tune_noteblock":4,"tombstone:pray_on_grave":1,"minecraft:time_since_rest":303170,"tombstone:cast_on_ally":1,"minecraft:swim_one_cm":113413,"minecraft:fly_one_cm":3163701,"minecraft:open_chest":1064,"minecraft:fall_one_cm":354817,"minecraft:open_shulker_box":5,"minecraft:damage_resisted":186,"minecraft:sprint_one_cm":2759486,"minecraft:drop":392,"minecraft:talked_to_villager":2,"minecraft:interact_with_brewingstand":1,"minecraft:walk_on_water_one_cm":112944,"minecraft:interact_with_loom":1,"minecraft:open_enderchest":2,"minecraft:crouch_one_cm":268680,"minecraft:mob_kills":488,"minecraft:fill_cauldron":1,"minecraft:damage_dealt_resisted":1808,"minecraft:climb_one_cm":59990,"minecraft:walk_one_cm":2797594,"minecraft:walk_under_water_one_cm":69482,"minecraft:damage_taken":21669,"minecraft:damage_absorbed":864,"minecraft:trigger_trapped_chest":9,"minecraft:aviate_one_cm":17577},"minecraft:dropped":{"minecraft:iron_sword":1,"minecraft:acacia_wood":33,"minecraft:lapis_lazuli":28,"minecraft:cooked_beef":1,"minecraft:chorus_fruit":1,"minecraft:glass_bottle":6,"minecraft:diamond":28,"irons_spellbooks:fireward_ring":1,"minecraft:cracked_stone_bricks":8,"minecraft:saddle":1,"weaponmaster:wm_broadsword":1,"minecraft:red_carpet":2,"minecraft:item_frame":2,"minecraft:emerald":14,"minecraft:packed_mud":4,"minecraft:dirt":5,"minecraft:dark_oak_fence":2,"minecraft:gold_nugget":12,"minecraft:sugar":3,"minecraft:iron_pickaxe":2,"minecraft:dark_oak_planks":3,"minecraft:mangrove_slab":3,"minecraft:cyan_carpet":8,"minecraft:bone":46,"minecraft:note_block":2,"minecraft:waxed_cut_copper_stairs":2,"minecraft:compass":1,"minecraft:lever":1,"minecraft:iron_nugget":36,"minecraft:cobbled_deepslate":938,"alexsmobs:animal_dictionary":1,"minecraft:birch_sapling":2,"minecraft:wheat":24,"minecraft:obsidian":5,"minecraft:rotten_flesh":67,"minecraft:oak_planks":4,"weaponmaster:taglockkit":2,"travelersbackpack:gold":1,"weaponmaster:weaponkit":1,"minecraft:azalea_leaves":2,"minecraft:charcoal":2,"minecraft:acacia_sapling":2,"minecraft:leather_leggings":1,"minecraft:glass":8,"grimoireofgaia:meat":4,"minecraft:egg":5,"minecraft:iron_ingot":7,"travelersbackpack:cow":1,"minecraft:wheat_seeds":3,"minecraft:mangrove_trapdoor":2,"minecraft:dripstone_block":7,"minecraft:iron_helmet":2,"minecraft:oak_fence":3,"minecraft:feather":14,"minecraft:cobblestone":251,"minecraft:book":4,"minecraft:granite":143,"minecraft:coal":14,"minecraft:golden_apple":6,"grimoireofgaia:rotten_heart":4,"minecraft:diamond_horse_armor":1,"minecraft:wooden_axe":1,"minecraft:rose_bush":2,"grimoireofgaia:taproot":1,"minecraft:cherry_planks":10,"minecraft:diamond_helmet":1,"minecraft:potion":2,"minecraft:oak_stairs":5,"minecraft:pumpkin":1,"minecraft:string":2,"minecraft:acacia_planks":4,"minecraft:gray_carpet":8,"minecraft:beetroot_soup":2,"minecraft:furnace":2,"minecraft:stone_sword":1,"minecraft:bowl":1,"minecraft:diamond_hoe":1,"minecraft:chicken":1,"croptopia:raspberry_seed":1,"minecraft:clay_ball":20,"additional_lights:fire_for_fire_pit_s":3,"minecraft:iron_boots":1,"grimoireofgaia:quill":1,"minecraft:blast_furnace":13,"minecraft:diamond_sword":1,"minecraft:cobblestone_slab":1,"minecraft:diamond_pickaxe":1,"minecraft:light_blue_carpet":6,"minecraft:spider_eye":3,"minecraft:stone_bricks":32,"croptopia:tomatillo_seed":1,"irons_spellbooks:iron_spell_book":1,"minecraft:blue_orchid":3,"minecraft:brown_mushroom":1,"grimoireofgaia:withered_brain":3,"irons_spellbooks:artificer_cane":1,"minecraft:lantern":1,"minecraft:leather":4,"minecraft:iron_horse_armor":1,"minecraft:mangrove_planks":2,"croptopia:chile_pepper_seed":2,"croptopia:salt":8,"minecraft:cobblestone_stairs":1,"minecraft:flint":5,"croptopia:tomato_seed":1,"minecraft:mutton":1,"minecraft:seagrass":2,"minecraft:gold_ingot":1,"minecraft:gravel":9,"minecraft:pointed_dripstone":36,"minecraft:beetroot":2,"minecraft:diamond_shovel":1,"minecraft:carrot":4,"patchouli:guide_book":1,"minecraft:chainmail_chestplate":1,"minecraft:sandstone_wall":1,"minecraft:poppy":1,"minecraft:leather_chestplate":3,"minecraft:turtle_helmet":2,"minecraft:gunpowder":5,"minecraft:birch_door":2,"rechiseled:chisel":1,"minecraft:iron_bars":2,"minecraft:arrow":11,"minecraft:splash_potion":2,"minecraft:netherrack":2,"minecraft:bread":3,"justhammers:diamond_hammer":1,"croptopia:turnip_seed":4,"minecraft:oak_slab":2,"grimoireofgaia:emerald_shard":2,"minecraft:lilac":1,"minecraft:mossy_cobblestone":15,"weaponmaster:tutorialbook":1,"minecraft:diamond_leggings":1,"evilcraft:dark_gem":3,"bossominium:the_bossdexium":1,"tombstone:ankh_of_pray":2,"minecraft:stick":4,"irons_spellbooks:scroll":1,"minecraft:diorite":152,"minecraft:smooth_quartz":9,"cataclysm:void_core":1,"minecraft:iron_door":8,"minecraft:iron_leggings":1,"cataclysm:void_stone":2,"minecraft:iron_axe":2,"minecraft:bucket":5,"minecraft:redstone":42,"minecraft:sweet_berries":3,"minecraft:raw_copper":6,"minecraft:tuff":6,"weaponmaster:wm_broadswordlarge":1,"minecraft:shulker_box":1,"minecraft:filled_map":2,"minecraft:mud_bricks":1,"minecraft:shield":2,"alexsmobs:lobster_tail":2,"minecraft:diamond_chestplate":1,"minecraft:iron_chestplate":1,"minecraft:andesite":13,"minecraft:mossy_stone_bricks":27,"minecraft:oak_sapling":1,"minecraft:slime_ball":6,"minecraft:stone_pickaxe":1,"minecraft:wooden_pickaxe":1,"minecraft:raw_gold":7,"minecraft:calcite":2}},"DataVersion":3465}