{"stats":{"minecraft:picked_up":{"minecraft:smooth_red_sandstone_stairs":2,"minecraft:crafting_table":10,"minecraft:wheat":3,"minecraft:feather":2,"minecraft:smoker":2,"alexsmobs:roadrunner_feather":1,"minecraft:smooth_sandstone_stairs":5,"minecraft:oak_log":3,"minecraft:golden_boots":1,"croptopia:saguaro_seed":4,"minecraft:string":8,"minecraft:iron_axe":1,"minecraft:smooth_sandstone":3,"minecraft:wheat_seeds":11,"irons_spellbooks:arcane_essence":1,"alexsmobs:emu_feather":1,"minecraft:blade_pottery_sherd":2,"minecraft:oak_planks":4,"minecraft:sugar_cane":26,"minecraft:stick":4,"minecraft:sandstone":3,"minecraft:sandstone_wall":3,"minecraft:sand":1,"minecraft:golden_chestplate":1,"tombstone:grave_dust":2,"minecraft:dark_oak_planks":1,"minecraft:stripped_jungle_log":4,"minecraft:bundle":1,"minecraft:arrow":7,"croptopia:saguaro":3,"minecraft:blue_terracotta":3,"minecraft:rotten_flesh":5,"minecraft:decorated_pot":2,"minecraft:miner_pottery_sherd":1,"minecraft:hay_block":48,"minecraft:granite":1,"minecraft:emerald":3,"minecraft:plenty_pottery_sherd":1,"tombstone:magic_scroll":1,"minecraft:iron_bars":8,"minecraft:coal":38,"minecraft:cobblestone":85,"atlantis:aquamarine_gem":56,"minecraft:heartbreak_pottery_sherd":2},"minecraft:killed":{"minecraft:husk":5,"minecraft:spider":3,"minecraft:skeleton":3,"minecraft:pillager":13,"minecraft:zombie":4,"alexsmobs:roadrunner":1},"minecraft:used":{"minecraft:blue_terracotta":3,"croptopia:saguaro":3,"minecraft:iron_bars":8,"minecraft:stone_pickaxe":160,"minecraft:decorated_pot":2,"minecraft:wooden_pickaxe":17,"minecraft:sandstone":1,"minecraft:smooth_sandstone_stairs":5,"atlantis:sword_aquamarine":75,"minecraft:torch":2,"minecraft:sand":1,"minecraft:crafting_table":11,"minecraft:carrot":7,"minecraft:wooden_axe":17,"minecraft:iron_axe":2,"minecraft:bread":29,"minecraft:smooth_sandstone":3,"minecraft:goat_horn":5,"minecraft:golden_helmet":1,"minecraft:cobblestone":53,"minecraft:stone_axe":1,"minecraft:hay_block":12,"tombstone:gift":1,"minecraft:golden_pickaxe":27},"minecraft:mined":{"minecraft:dark_oak_planks":1,"minecraft:smoker":2,"minecraft:smooth_sandstone":3,"minecraft:crafting_table":10,"minecraft:granite":1,"minecraft:smooth_red_sandstone_stairs":2,"minecraft:decorated_pot":5,"minecraft:dead_bush":7,"minecraft:cobblestone":15,"minecraft:sugar_cane":13,"minecraft:sandstone":4,"minecraft:large_fern":1,"minecraft:hay_block":48,"minecraft:blue_terracotta":4,"minecraft:wheat":3,"atlantis:aquamarine_ore":55,"minecraft:pumpkin":1,"minecraft:coal_ore":26,"minecraft:oak_log":3,"minecraft:iron_bars":15,"croptopia:saguaro_crop":1,"minecraft:sand":4,"minecraft:stripped_jungle_log":4,"minecraft:sandstone_wall":3,"minecraft:smooth_sandstone_stairs":3,"minecraft:stone":64},"minecraft:dropped":{"minecraft:golden_boots":1,"minecraft:goat_horn":1,"minecraft:wheat_seeds":12,"minecraft:golden_helmet":2,"minecraft:golden_chestplate":1,"alexsmobs:animal_dictionary":1,"minecraft:golden_pickaxe":1,"atlantis:aquamarine_gem":1,"minecraft:plenty_pottery_sherd":1,"minecraft:rotten_flesh":4,"minecraft:feather":2,"minecraft:cobblestone":6,"minecraft:glow_berries":3,"minecraft:granite":1,"croptopia:saguaro_seed":4,"minecraft:carrot":1,"patchouli:guide_book":1,"bossominium:the_bossdexium":1,"minecraft:flint_and_steel":1,"minecraft:sandstone_wall":3,"minecraft:potato":6,"alexsmobs:roadrunner_feather":1,"tombstone:grave_key":1,"minecraft:blade_pottery_sherd":2,"minecraft:miner_pottery_sherd":1,"irons_spellbooks:arcane_essence":1,"alexsmobs:emu_feather":1,"minecraft:sandstone":2,"minecraft:iron_axe":1,"minecraft:arrow":9,"minecraft:smooth_red_sandstone_stairs":2,"minecraft:wooden_pickaxe":1,"minecraft:string":2,"minecraft:heartbreak_pottery_sherd":2},"minecraft:broken":{"minecraft:stone_pickaxe":1},"minecraft:custom":{"minecraft:mob_kills":30,"tombstone:raider_killed":13,"minecraft:interact_with_crafting_table":19,"minecraft:leave_game":3,"minecraft:time_since_death":32482,"minecraft:sleep_in_bed":1,"minecraft:climb_one_cm":1186,"minecraft:time_since_rest":31662,"minecraft:waystone_activated":1,"minecraft:sprint_one_cm":170108,"minecraft:damage_taken":1852,"minecraft:walk_one_cm":165177,"minecraft:drop":40,"minecraft:damage_dealt":5876,"minecraft:play_time":70148,"minecraft:swim_one_cm":66347,"minecraft:crouch_one_cm":3728,"minecraft:sneak_time":1481,"minecraft:fly_one_cm":353813,"minecraft:open_chest":12,"tombstone:undead_killed":12,"minecraft:deaths":2,"minecraft:walk_under_water_one_cm":16342,"minecraft:jump":1405,"minecraft:walk_on_water_one_cm":25720,"minecraft:total_world_time":70148,"minecraft:interact_with_smoker":1,"minecraft:fall_one_cm":35011},"minecraft:crafted":{"minecraft:oak_planks":12,"atlantis:aquamarine_leggings":1,"atlantis:aquamarine_helmet":1,"minecraft:crafting_table":2,"minecraft:wooden_pickaxe":1,"minecraft:stone_axe":1,"minecraft:bread":113,"minecraft:jungle_planks":16,"minecraft:shield":1,"minecraft:stick":16,"minecraft:wooden_axe":1,"minecraft:stone_pickaxe":2,"atlantis:sword_aquamarine":1,"atlantis:aquamarine_chestplate":1,"atlantis:aquamarine_boots":1,"minecraft:torch":32,"minecraft:wheat":324}},"DataVersion":3465}