{"stats":{"minecraft:picked_up":{"minecraft:smooth_red_sandstone_stairs":2,"minecraft:crafting_table":9,"minecraft:wheat":3,"minecraft:feather":2,"minecraft:smoker":2,"alexsmobs:roadrunner_feather":1,"minecraft:smooth_sandstone_stairs":5,"minecraft:oak_log":3,"croptopia:saguaro_seed":4,"minecraft:string":4,"minecraft:iron_axe":1,"minecraft:smooth_sandstone":3,"minecraft:wheat_seeds":11,"irons_spellbooks:arcane_essence":1,"alexsmobs:emu_feather":1,"minecraft:blade_pottery_sherd":2,"minecraft:sugar_cane":26,"minecraft:stick":4,"minecraft:sandstone":3,"minecraft:sandstone_wall":3,"minecraft:sand":1,"tombstone:grave_dust":2,"minecraft:dark_oak_planks":1,"minecraft:stripped_jungle_log":4,"minecraft:bundle":1,"minecraft:arrow":7,"croptopia:saguaro":3,"minecraft:blue_terracotta":3,"minecraft:rotten_flesh":4,"minecraft:decorated_pot":2,"minecraft:miner_pottery_sherd":1,"minecraft:hay_block":48,"minecraft:granite":1,"minecraft:emerald":3,"minecraft:plenty_pottery_sherd":1,"tombstone:magic_scroll":1,"minecraft:iron_bars":8,"minecraft:coal":3,"minecraft:cobblestone":54,"atlantis:aquamarine_gem":55,"minecraft:heartbreak_pottery_sherd":2},"minecraft:killed":{"minecraft:husk":5,"minecraft:spider":3,"minecraft:skeleton":3,"minecraft:pillager":13,"minecraft:zombie":1,"alexsmobs:roadrunner":1},"minecraft:used":{"minecraft:blue_terracotta":3,"croptopia:saguaro":3,"minecraft:iron_bars":8,"minecraft:stone_pickaxe":104,"minecraft:decorated_pot":2,"minecraft:wooden_pickaxe":17,"minecraft:sandstone":1,"minecraft:smooth_sandstone_stairs":5,"atlantis:sword_aquamarine":64,"minecraft:sand":1,"minecraft:crafting_table":10,"minecraft:carrot":7,"minecraft:wooden_axe":17,"minecraft:iron_axe":2,"minecraft:bread":27,"minecraft:smooth_sandstone":3,"minecraft:golden_helmet":1,"minecraft:cobblestone":40,"minecraft:goat_horn":5,"minecraft:hay_block":12,"tombstone:gift":1,"minecraft:golden_pickaxe":27},"minecraft:mined":{"minecraft:dark_oak_planks":1,"minecraft:smoker":2,"minecraft:smooth_sandstone":3,"minecraft:crafting_table":9,"minecraft:granite":1,"minecraft:smooth_red_sandstone_stairs":2,"minecraft:decorated_pot":5,"minecraft:dead_bush":7,"minecraft:cobblestone":14,"minecraft:sugar_cane":13,"minecraft:sandstone":4,"minecraft:hay_block":48,"minecraft:blue_terracotta":4,"minecraft:wheat":3,"atlantis:aquamarine_ore":54,"minecraft:pumpkin":1,"minecraft:oak_log":3,"minecraft:coal_ore":3,"croptopia:saguaro_crop":1,"minecraft:iron_bars":15,"minecraft:sand":4,"minecraft:stripped_jungle_log":4,"minecraft:sandstone_wall":3,"minecraft:smooth_sandstone_stairs":3,"minecraft:stone":34},"minecraft:dropped":{"minecraft:goat_horn":1,"minecraft:wheat_seeds":12,"minecraft:golden_helmet":2,"alexsmobs:animal_dictionary":1,"minecraft:golden_pickaxe":1,"atlantis:aquamarine_gem":1,"minecraft:plenty_pottery_sherd":1,"minecraft:feather":2,"minecraft:cobblestone":6,"minecraft:glow_berries":3,"minecraft:rotten_flesh":4,"minecraft:granite":1,"croptopia:saguaro_seed":4,"minecraft:carrot":1,"patchouli:guide_book":1,"bossominium:the_bossdexium":1,"minecraft:flint_and_steel":1,"minecraft:sandstone_wall":3,"minecraft:potato":6,"alexsmobs:roadrunner_feather":1,"tombstone:grave_key":1,"minecraft:blade_pottery_sherd":2,"minecraft:arrow":9,"irons_spellbooks:arcane_essence":1,"minecraft:miner_pottery_sherd":1,"alexsmobs:emu_feather":1,"minecraft:sandstone":2,"minecraft:iron_axe":1,"minecraft:wooden_pickaxe":1,"minecraft:smooth_red_sandstone_stairs":2,"minecraft:string":2,"minecraft:heartbreak_pottery_sherd":2},"minecraft:custom":{"minecraft:mob_kills":27,"tombstone:raider_killed":13,"minecraft:interact_with_crafting_table":17,"minecraft:leave_game":1,"minecraft:time_since_death":25339,"minecraft:sleep_in_bed":1,"minecraft:climb_one_cm":894,"minecraft:time_since_rest":24519,"minecraft:sprint_one_cm":157743,"minecraft:damage_taken":1742,"minecraft:walk_one_cm":141704,"minecraft:drop":38,"minecraft:damage_dealt":5294,"minecraft:swim_one_cm":56602,"minecraft:play_time":63005,"minecraft:crouch_one_cm":1517,"minecraft:fly_one_cm":327171,"minecraft:sneak_time":962,"minecraft:open_chest":12,"tombstone:undead_killed":9,"minecraft:deaths":2,"minecraft:walk_under_water_one_cm":9641,"minecraft:jump":1230,"minecraft:walk_on_water_one_cm":18220,"minecraft:total_world_time":63005,"minecraft:interact_with_smoker":1,"minecraft:fall_one_cm":30832},"minecraft:crafted":{"minecraft:oak_planks":12,"atlantis:aquamarine_leggings":1,"atlantis:aquamarine_helmet":1,"minecraft:crafting_table":2,"minecraft:wooden_pickaxe":1,"minecraft:bread":113,"minecraft:jungle_planks":16,"minecraft:shield":1,"minecraft:stick":4,"minecraft:wooden_axe":1,"minecraft:stone_pickaxe":1,"atlantis:sword_aquamarine":1,"atlantis:aquamarine_chestplate":1,"atlantis:aquamarine_boots":1,"minecraft:wheat":324}},"DataVersion":3465}