{"stats":{"minecraft:used":{"minecraft:chest":56,"minecraft:stone":60,"grimoireofgaia:deco_nest_harpy":2,"rechiseled:cobblestone_brick_pattern":4,"minecraft:grass_block":1,"evilcraft:bucket_blood":3,"minecraft:bow":38,"minecraft:sweet_berries":3,"minecraft:furnace":8,"additional_lights:al_torch_cobblestone":6,"minecraft:egg":1,"minecraft:end_stone_brick_stairs":2,"minecraft:potato":1,"additional_lights:fire_for_fire_pit_s":1,"minecraft:light_blue_carpet":1,"minecraft:mossy_stone_bricks":9,"minecraft:damaged_anvil":2,"minecraft:end_stone_bricks":31,"minecraft:chorus_fruit":29,"minecraft:wooden_pickaxe":3,"rechiseled:cobblestone_chiseled_border":11,"minecraft:oak_leaves":20,"minecraft:cookie":1,"minecraft:golden_apple":10,"minecraft:blast_furnace":17,"croptopia:tomatillo":1,"cataclysm:chorus_fence":1,"minecraft:diamond_sword":341,"minecraft:enchanting_table":1,"minecraft:orange_concrete":9,"croptopia:starfruit":7,"evilcraft:vengeance_pickaxe":4,"minecraft:netherrack":78,"minecraft:torch":213,"minecraft:warped_wart_block":1,"croptopia:chile_pepper":1,"tombstone:ankh_of_pray":10,"minecraft:iron_axe":299,"minecraft:mud_bricks":5,"minecraft:beef":3,"tombstone:gift":6,"minecraft:acacia_wood":1,"minecraft:observer":5,"minecraft:cobbled_deepslate":859,"minecraft:water_bucket":175,"croptopia:lemon":2,"cataclysm:end_stone_pillar":3,"minecraft:cherry_planks":74,"minecraft:cracked_stone_bricks":3,"cataclysm:stone_pillar":9,"justhammers:diamond_hammer":997,"minecraft:crafting_table":8,"minecraft:red_bed":1,"minecraft:oak_log":1,"minecraft:ender_eye":10,"minecraft:diamond_pickaxe":979,"minecraft:diamond_shovel":164,"minecraft:iron_pickaxe":141,"tombstone:magic_scroll":2,"minecraft:purpur_slab":1,"minecraft:cobblestone":326,"minecraft:potion":1,"travelersbackpack:standard":9,"additional_lights:fire_for_standing_torch_s":8,"minecraft:porkchop":1,"minecraft:cooked_porkchop":22,"minecraft:candle":3,"minecraft:iron_shovel":252,"minecraft:shield":79,"minecraft:creeper_head":1,"minecraft:iron_sword":441,"grimoireofgaia:soulfire":92,"minecraft:sculk_sensor":1,"minecraft:tuff":15,"minecraft:axolotl_bucket":5,"cataclysm:polished_end_stone_stairs":1,"minecraft:honey_bottle":2,"minecraft:glass":3,"minecraft:bricks":11,"minecraft:packed_mud":5,"minecraft:redstone_lamp":1,"minecraft:hay_block":16,"grimoireofgaia:meat":2,"minecraft:diamond_boots":1,"minecraft:stone_pickaxe":34,"minecraft:mangrove_planks":86,"minecraft:oak_planks":11,"minecraft:ender_pearl":30,"minecraft:diamond_axe":36,"minecraft:blue_bed":1,"minecraft:end_stone":128,"minecraft:dripstone_block":4,"minecraft:shears":51,"minecraft:black_terracotta":24,"minecraft:lever":1,"minecraft:dark_oak_log":15,"grimoireofgaia:weapon_book_nightmare":4,"minecraft:bread":242,"minecraft:iron_door":1,"minecraft:gravel":2,"croptopia:avocado":1,"minecraft:grindstone":1,"grimoireofgaia:withered_brain":1,"minecraft:oak_fence":2,"minecraft:flint_and_steel":9,"minecraft:spruce_planks":58,"weaponmaster:workstation":3,"minecraft:dirt":75,"alexsmobs:maraca":77,"minecraft:cobblestone_wall":14,"minecraft:shulker_box":10,"minecraft:brown_terracotta":7,"minecraft:dark_oak_planks":110,"dragonmounts:dragon_egg":4,"minecraft:bookshelf":20,"rechiseled:mossy_cobblestone_beams":10,"minecraft:oak_stairs":2,"evilcraft:box_of_eternal_closure":1,"evilcraft:flesh_humanoid":1,"minecraft:golden_carrot":7,"minecraft:cooked_beef":57,"additional_lights:standing_torch_l_cobblestone":3,"minecraft:cooked_mutton":17,"minecraft:cobblestone_stairs":41,"minecraft:cobblestone_slab":2,"minecraft:terracotta":11,"minecraft:smoker":4,"tombstone:bag_of_seeds":2,"minecraft:apple":64,"minecraft:map":1,"minecraft:magenta_concrete":11,"minecraft:stone_axe":114,"minecraft:fishing_rod":8,"weaponmaster:wm_rapier":48,"minecraft:bucket":194,"minecraft:yellow_bed":1,"minecraft:gray_wool":5,"minecraft:soul_torch":15,"minecraft:smooth_stone":4},"minecraft:dropped":{"minecraft:iron_sword":2,"minecraft:porkchop":12,"minecraft:lapis_lazuli":55,"minecraft:chorus_fruit":18,"minecraft:glass_bottle":4,"minecraft:crafting_table":1,"minecraft:cooked_porkchop":1,"minecraft:warped_roots":3,"minecraft:cracked_stone_bricks":20,"minecraft:rail":1,"minecraft:red_carpet":9,"minecraft:emerald":5,"minecraft:dirt":28,"minecraft:packed_mud":3,"minecraft:gray_concrete":1,"minecraft:tnt_minecart":1,"irons_spellbooks:arcane_essence":56,"minecraft:chain":1,"minecraft:bone_meal":2,"minecraft:gold_nugget":17,"croptopia:barley_seed":3,"minecraft:sunflower":1,"cataclysm:chorus_fence":7,"minecraft:sand":2,"minecraft:iron_pickaxe":1,"minecraft:dark_oak_planks":9,"minecraft:fermented_spider_eye":4,"minecraft:fishing_rod":2,"minecraft:mangrove_slab":1,"minecraft:birch_stairs":1,"minecraft:cyan_carpet":4,"cataclysm:chiseled_purpur_block":1,"minecraft:bone":93,"minecraft:note_block":3,"minecraft:stone_axe":1,"minecraft:waxed_cut_copper_stairs":2,"minecraft:emerald_block":2,"minecraft:lever":3,"irons_spellbooks:blank_rune":1,"minecraft:iron_nugget":19,"minecraft:golden_chestplate":1,"minecraft:cobbled_deepslate":460,"alexsmobs:animal_dictionary":1,"minecraft:black_carpet":2,"minecraft:wheat":21,"minecraft:obsidian":31,"croptopia:oat_seed":1,"minecraft:rotten_flesh":47,"minecraft:oak_planks":42,"weaponmaster:taglockkit":2,"minecraft:end_stone":19,"minecraft:light_gray_carpet":2,"minecraft:echo_shard":4,"minecraft:tipped_arrow":9,"minecraft:charcoal":6,"minecraft:leather_leggings":3,"croptopia:onion_seed":2,"minecraft:red_nether_bricks":5,"minecraft:end_stone_bricks":41,"minecraft:glass":1,"minecraft:beef":3,"minecraft:crying_obsidian":4,"minecraft:stone_brick_stairs":1,"minecraft:enchanted_book":4,"minecraft:iron_ingot":7,"minecraft:wheat_seeds":16,"minecraft:birch_leaves":4,"cataclysm:chiseled_end_stone_bricks":2,"minecraft:tnt":1,"evilcraft:dark_gem_crushed":11,"minecraft:book":52,"minecraft:feather":3,"minecraft:iron_helmet":1,"minecraft:yellow_terracotta":6,"minecraft:cobblestone":623,"minecraft:apple":11,"deeperdarker:warden_upgrade_smithing_template":1,"minecraft:granite":5,"alexsmobs:raw_catfish":6,"minecraft:coal":9,"minecraft:golden_apple":3,"minecraft:polished_andesite":5,"minecraft:end_rod":1,"minecraft:diamond_horse_armor":1,"cataclysm:polished_end_stone_stairs":5,"minecraft:sculk":10,"minecraft:iron_trapdoor":3,"croptopia:grape_seed":2,"minecraft:wooden_axe":2,"minecraft:rose_bush":1,"minecraft:rabbit":3,"grimoireofgaia:taproot":2,"minecraft:potion":2,"minecraft:oak_stairs":2,"minecraft:orange_concrete_powder":2,"minecraft:iron_shovel":1,"minecraft:paper":1,"minecraft:string":21,"croptopia:coffee_seed":1,"minecraft:lily_pad":2,"minecraft:gray_carpet":5,"minecraft:stone_brick_slab":1,"croptopia:sea_lettuce":1,"minecraft:purpur_pillar":2,"minecraft:furnace":1,"minecraft:moss_carpet":11,"alexsmobs:crocodile_scute":1,"minecraft:soul_soil":1,"minecraft:player_head":2,"minecraft:cobblestone_wall":1,"minecraft:cocoa_beans":4,"minecraft:diamond_hoe":1,"minecraft:orange_concrete":1,"croptopia:leek_seed":6,"minecraft:experience_bottle":1,"alexsmobs:mimicream":1,"minecraft:chicken":1,"minecraft:white_carpet":1,"evilcraft:box_of_eternal_closure":2,"minecraft:iron_boots":4,"minecraft:stone_slab":6,"evilcraft:origins_of_darkness":1,"minecraft:light_gray_concrete":8,"minecraft:spruce_fence":1,"grimoireofgaia:quill":2,"grimoireofgaia:deco_nest_harpy":2,"grimoireofgaia:soulfire":2,"minecraft:diamond_sword":1,"minecraft:stone":3,"croptopia:currant_seed":3,"minecraft:spruce_planks":8,"minecraft:diamond_pickaxe":1,"minecraft:light_blue_carpet":2,"minecraft:spider_eye":3,"minecraft:stone_bricks":34,"minecraft:rabbit_stew":1,"croptopia:tomatillo_seed":1,"minecraft:magma_block":4,"minecraft:dark_prismarine":4,"grimoireofgaia:diamond_shard":3,"minecraft:candle":5,"minecraft:birch_planks":8,"minecraft:dark_oak_stairs":5,"grimoireofgaia:withered_brain":2,"minecraft:oak_log":7,"minecraft:ender_pearl":4,"minecraft:leather":6,"minecraft:red_wool":4,"croptopia:chile_pepper_seed":2,"irons_spellbooks:ruined_book":1,"minecraft:cod":1,"minecraft:cobblestone_stairs":1,"minecraft:flint":2,"minecraft:cyan_terracotta":4,"additional_lights:fire_for_standing_torch_s":18,"tombstone:bag_of_seeds":1,"minecraft:dark_oak_log":1,"minecraft:mangrove_wood":3,"irons_spellbooks:hogskin":6,"minecraft:seagrass":1,"minecraft:amethyst_shard":2,"croptopia:crab":1,"tombstone:scroll_of_preservation":1,"minecraft:birch_log":8,"minecraft:cauldron":2,"minecraft:armor_stand":4,"minecraft:gravel":14,"minecraft:purpur_block":5,"minecraft:pink_terracotta":2,"minecraft:blackstone":221,"irons_spellbooks:fire_rune":1,"minecraft:pointed_dripstone":31,"minecraft:black_terracotta":1,"minecraft:carrot":1,"patchouli:guide_book":1,"minecraft:chainmail_chestplate":1,"minecraft:chiseled_stone_bricks":3,"minecraft:sandstone_wall":1,"minecraft:poppy":1,"minecraft:rabbit_hide":1,"minecraft:leather_chestplate":3,"minecraft:gunpowder":18,"minecraft:skeleton_skull":2,"minecraft:chainmail_boots":1,"minecraft:chest":1,"minecraft:arrow":37,"minecraft:iron_bars":1,"minecraft:basalt":64,"minecraft:quartz":67,"minecraft:netherrack":2329,"minecraft:purple_carpet":2,"minecraft:water_bucket":1,"croptopia:persimmon":3,"minecraft:bread":46,"minecraft:oak_slab":2,"croptopia:turnip_seed":2,"grimoireofgaia:emerald_shard":3,"minecraft:magenta_carpet":1,"minecraft:lilac":1,"irons_spellbooks:legendary_ink":1,"minecraft:mossy_cobblestone":36,"weaponmaster:tutorialbook":2,"minecraft:prismarine_shard":2,"evilcraft:dark_gem":26,"croptopia:grape":1,"minecraft:tropical_fish":2,"minecraft:spruce_stairs":1,"bossominium:the_bossdexium":1,"tombstone:ankh_of_pray":1,"alexsmobs:maraca":1,"minecraft:stick":4,"irons_spellbooks:scroll":9,"cataclysm:void_jaw":3,"minecraft:diorite":20,"tombstone:magic_scroll":1,"minecraft:torch":5,"minecraft:repeater":2,"minecraft:smooth_quartz":16,"minecraft:iron_door":4,"tombstone:grave_dust":1,"minecraft:iron_leggings":1,"cataclysm:void_stone":3,"minecraft:flowering_azalea":2,"minecraft:iron_axe":1,"minecraft:pink_petals":8,"irons_spellbooks:frozen_bone":3,"minecraft:music_disc_cat":1,"minecraft:polished_deepslate":4,"minecraft:redstone":4,"croptopia:eggplant_seed":3,"minecraft:red_concrete":12,"croptopia:honeydew_seed":2,"minecraft:kelp":5,"alexsmobs:maggot":2,"minecraft:blaze_rod":6,"minecraft:coarse_dirt":1,"minecraft:chiseled_quartz_block":4,"minecraft:raw_copper":15,"minecraft:tuff":73,"minecraft:raw_iron":2,"croptopia:rhubarb_seed":2,"irons_spellbooks:dragonskin":8,"weaponmaster:wm_broadswordlarge":1,"cataclysm:chiseled_obsidian_bricks":2,"minecraft:shulker_box":1,"croptopia:bellpepper_seed":2,"minecraft:filled_map":2,"minecraft:shield":3,"minecraft:mud_bricks":12,"minecraft:end_stone_brick_stairs":50,"grimoireofgaia:weapon_book_nightmare":1,"minecraft:iron_chestplate":2,"minecraft:andesite":14,"minecraft:mossy_stone_bricks":19,"minecraft:oak_sapling":23,"croptopia:roe":9,"minecraft:slime_ball":3,"minecraft:stone_pickaxe":2,"minecraft:wooden_pickaxe":1,"minecraft:raw_gold":15,"cataclysm:end_stone_pillar":5,"minecraft:calcite":13},"minecraft:broken":{"minecraft:diamond_helmet":1,"minecraft:iron_sword":1,"minecraft:iron_axe":1,"minecraft:iron_shovel":1,"minecraft:stone_axe":1},"minecraft:picked_up":{"minecraft:wooden_axe":1,"minecraft:seagrass":1,"minecraft:chainmail_boots":1,"minecraft:creeper_head":1,"croptopia:grape_seed":3,"minecraft:prismarine_shard":2,"croptopia:tomatillo_seed":1,"minecraft:magenta_carpet":1,"minecraft:stone_slab":1,"minecraft:diamond_sword":1,"minecraft:oak_stairs":4,"cataclysm:chiseled_obsidian_bricks":2,"irons_spellbooks:holy_rune":2,"minecraft:enchanted_book":1,"minecraft:brewing_stand":2,"minecraft:polished_deepslate":4,"minecraft:music_disc_cat":1,"minecraft:string":33,"minecraft:soul_soil":1,"minecraft:red_nether_bricks":5,"minecraft:orange_concrete_powder":2,"irons_spellbooks:artificer_cane":1,"alexsmobs:emu_feather":3,"minecraft:gold_nugget":101,"minecraft:cobbled_deepslate":1388,"minecraft:spruce_planks":14,"minecraft:enchanted_golden_apple":1,"grimoireofgaia:taproot":2,"minecraft:purpur_pillar":2,"minecraft:sandstone_wall":1,"minecraft:cherry_log":22,"irons_spellbooks:fire_rune":1,"minecraft:pink_terracotta":2,"minecraft:rabbit_foot":2,"minecraft:golden_chestplate":3,"croptopia:coffee_seed":1,"minecraft:cauldron":2,"minecraft:waxed_cut_copper_stairs":2,"minecraft:honey_bottle":2,"croptopia:persimmon":3,"minecraft:tropical_fish":2,"minecraft:cyan_terracotta":4,"minecraft:end_rod":1,"minecraft:iron_bars":8,"alexsmobs:flying_fish":2,"evilcraft:vengeance_pickaxe":1,"minecraft:birch_log":27,"minecraft:water_bucket":1,"minecraft:magma_block":23,"minecraft:feather":12,"minecraft:iron_door":9,"minecraft:smoker":4,"alexsmobs:bison_fur":2,"minecraft:flint":5,"minecraft:gray_concrete":1,"minecraft:mangrove_slab":1,"minecraft:purple_carpet":2,"irons_spellbooks:iron_spell_book":1,"rechiseled:chisel":1,"minecraft:rabbit":3,"minecraft:diamond_helmet":1,"minecraft:glowstone_dust":11,"croptopia:roe":18,"minecraft:moss_block":3,"rechiseled:cobblestone_chiseled_border":2,"irons_spellbooks:legendary_ink":1,"minecraft:warped_wart_block":1,"minecraft:stripped_acacia_wood":2,"cataclysm:obsidian_brick_wall":7,"cataclysm:chiseled_end_stone_bricks":2,"minecraft:dark_oak_log":1,"grimoireofgaia:fireshard":2,"croptopia:chile_pepper":1,"minecraft:bundle":7,"minecraft:polished_andesite":5,"minecraft:dispenser":1,"weaponmaster:workstation":3,"dragonmounts:dragon_egg":4,"minecraft:lever":4,"minecraft:granite":5,"alexsmobs:tarantula_hawk_wing_fragment":2,"minecraft:bread":24,"alexsmobs:maggot":2,"minecraft:light_gray_carpet":2,"minecraft:bricks":11,"grimoireofgaia:fur":2,"minecraft:diamond_pickaxe":1,"minecraft:crafting_table":3,"minecraft:coarse_dirt":1,"minecraft:clay_ball":24,"minecraft:leather_leggings":4,"minecraft:redstone_lamp":2,"minecraft:purpur_block":5,"irons_spellbooks:diamond_spell_book":1,"minecraft:red_bed":1,"evilcraft:poison_sac":1,"minecraft:flint_and_steel":1,"minecraft:compass":1,"minecraft:white_carpet":1,"minecraft:cracked_stone_bricks":23,"minecraft:netherite_sword":1,"croptopia:avocado":1,"minecraft:beef":87,"minecraft:iron_nugget":75,"minecraft:poppy":1,"minecraft:chest":1,"minecraft:birch_sapling":4,"cataclysm:end_stone_pillar":8,"minecraft:egg":1,"grimoireofgaia:diamond_shard":3,"minecraft:spruce_fence":1,"minecraft:carrot":1,"minecraft:redstone":72,"minecraft:tnt":1,"additional_lights:standing_torch_l_cobblestone":1,"grimoireofgaia:bag_book":2,"minecraft:purpur_slab":1,"minecraft:hay_block":79,"minecraft:yellow_terracotta":6,"tombstone:essence_of_undeath":1,"minecraft:gold_ingot":2,"minecraft:totem_of_undying":1,"minecraft:glow_berries":2,"minecraft:white_wool":2,"minecraft:bone_block":23,"minecraft:rail":1,"minecraft:birch_leaves":5,"minecraft:mud_bricks":17,"croptopia:crab":1,"minecraft:acacia_wood":1,"minecraft:packed_mud":8,"cataclysm:void_jaw":6,"minecraft:oak_log":174,"minecraft:ancient_debris":7,"minecraft:lily_pad":2,"additional_lights:al_torch_cobblestone":2,"minecraft:blue_bed":1,"minecraft:paper":1,"minecraft:apple":2,"minecraft:stone_bricks":34,"minecraft:kelp":5,"minecraft:stone_pickaxe":1,"tombstone:bag_of_seeds":1,"minecraft:glass_bottle":2,"minecraft:flowering_azalea":4,"minecraft:dark_oak_stairs":5,"minecraft:sweet_berries":2,"minecraft:red_wool":4,"minecraft:gravel":17,"minecraft:birch_stairs":1,"grimoireofgaia:box_iron":1,"minecraft:crying_obsidian":4,"travelersbackpack:standard":2,"minecraft:slime_ball":2,"minecraft:light_blue_carpet":3,"minecraft:gray_wool":5,"minecraft:warped_roots":3,"minecraft:red_nether_brick_slab":4,"grimoireofgaia:weapon_book_battle":1,"minecraft:ender_pearl":28,"minecraft:shulker_shell":5,"irons_spellbooks:scroll":9,"minecraft:black_carpet":3,"minecraft:iron_trapdoor":3,"minecraft:potion":6,"minecraft:stone_brick_stairs":1,"evilcraft:ender_tear":1,"minecraft:raw_copper":20,"minecraft:armor_stand":4,"irons_spellbooks:arcane_essence":40,"minecraft:tnt_minecart":1,"minecraft:smooth_stone":4,"minecraft:bucket":1,"minecraft:ender_eye":3,"minecraft:rose_bush":1,"minecraft:cobblestone_slab":5,"minecraft:calcite":13,"minecraft:azalea":2,"minecraft:smooth_quartz":16,"irons_spellbooks:inscription_table":1,"minecraft:furnace":3,"minecraft:tipped_arrow":1,"minecraft:stick":8,"weaponmaster:weaponkit":1,"minecraft:brown_terracotta":8,"minecraft:oak_fence":3,"minecraft:torch":44,"minecraft:spruce_stairs":1,"minecraft:porkchop":104,"minecraft:pointed_dripstone":31,"tombstone:grave_dust":17,"minecraft:diorite":20,"cataclysm:chiseled_purpur_block":1,"grimoireofgaia:deco_nest_harpy":4,"cataclysm:polished_end_stone_stairs":6,"minecraft:rotten_flesh":46,"cataclysm:void_stone":3,"alexsmobs:capsid":5,"travelersbackpack:chicken":1,"alexsmobs:emu_egg":4,"minecraft:obsidian":32,"minecraft:cod":4,"cataclysm:stone_pillar":7,"minecraft:cobblestone":1783,"minecraft:pink_petals":8,"bossominium:dragon_essence":2,"minecraft:leather_chestplate":3,"minecraft:lilac":7,"minecraft:repeater":2,"minecraft:cherry_planks":6,"minecraft:andesite":14,"minecraft:chiseled_quartz_block":4,"minecraft:potato":1,"minecraft:tuff":88,"minecraft:wither_skeleton_skull":1,"alexsmobs:rocky_shell":1,"minecraft:lapis_lazuli":88,"minecraft:dirt":391,"irons_spellbooks:hogskin":12,"minecraft:glass":8,"minecraft:bone":117,"minecraft:wheat_seeds":16,"minecraft:raw_gold":15,"minecraft:mossy_stone_bricks":35,"minecraft:bamboo":17,"travelersbackpack:gold":1,"cataclysm:chorus_fence":9,"minecraft:oak_planks":9,"croptopia:chile_pepper_seed":2,"minecraft:black_terracotta":25,"irons_spellbooks:fireward_ring":1,"minecraft:cooked_porkchop":1,"grimoireofgaia:emerald_shard":3,"evilcraft:dark_gem_crushed":11,"minecraft:sand":41,"minecraft:grass_block":1,"minecraft:mossy_cobblestone":36,"minecraft:shulker_box":9,"grimoireofgaia:shiny_pearl":2,"weaponmaster:taglockkit":1,"minecraft:dark_prismarine":4,"travelersbackpack:white_sleeping_bag":1,"minecraft:light_gray_concrete":8,"alexsmobs:mimicream":1,"minecraft:diamond":39,"minecraft:mangrove_wood":26,"grimoireofgaia:withered_brain":4,"alexsmobs:rattlesnake_rattle":1,"minecraft:bone_meal":2,"croptopia:onion_seed":2,"minecraft:golden_apple":11,"minecraft:emerald":25,"minecraft:oak_sapling":38,"minecraft:netherrack":2528,"minecraft:chorus_fruit":60,"minecraft:oak_leaves":47,"minecraft:end_stone_bricks":72,"minecraft:fishing_rod":1,"minecraft:cocoa_beans":3,"minecraft:charcoal":6,"minecraft:end_stone_brick_stairs":52,"grimoireofgaia:soulfire":3,"minecraft:chicken":1,"minecraft:rabbit_stew":1,"alexsmobs:roadrunner_feather":1,"minecraft:gold_block":10,"minecraft:diamond_horse_armor":1,"minecraft:chain":1,"minecraft:shield":2,"minecraft:moss_carpet":11,"minecraft:iron_axe":2,"minecraft:orange_concrete":10,"minecraft:cyan_carpet":4,"minecraft:blackstone":283,"croptopia:tomatillo":1,"irons_spellbooks:epic_ink":1,"minecraft:player_head":2,"minecraft:observer":7,"bossominium:vex_wing":9,"minecraft:phantom_membrane":3,"tombstone:ankh_of_pray":1,"minecraft:raw_iron":66,"minecraft:end_stone":151,"grimoireofgaia:meat":9,"minecraft:note_block":5,"croptopia:rhubarb_seed":2,"minecraft:cookie":1,"alexsmobs:leafcutter_ant_pupa":2,"alexsmobs:crocodile_scute":1,"minecraft:dark_oak_planks":29,"croptopia:grape":2,"weaponmaster:wm_broadswordlarge":1,"minecraft:arrow":88,"croptopia:sea_lettuce":1,"minecraft:stripped_dark_oak_wood":17,"minecraft:skeleton_skull":2,"minecraft:netherite_boots":2,"minecraft:basalt":706,"minecraft:salmon":17,"minecraft:leather":51,"minecraft:chainmail_chestplate":1,"minecraft:cobblestone_wall":7,"minecraft:yellow_bed":1,"minecraft:gunpowder":18,"minecraft:cobblestone_stairs":14,"grimoireofgaia:weapon_book_nightmare":1,"minecraft:orange_terracotta":3,"minecraft:cooked_mutton":1,"minecraft:red_carpet":9,"travelersbackpack:cow":1,"grimoireofgaia:quill":2,"minecraft:gray_carpet":5,"cataclysm:void_core":3,"minecraft:rabbit_hide":2,"minecraft:spruce_wood":13,"minecraft:iron_ingot":8,"croptopia:turnip_seed":2,"minecraft:book":157,"minecraft:oak_slab":2,"minecraft:emerald_block":5,"minecraft:chiseled_stone_bricks":3,"croptopia:starfruit":7,"minecraft:stone_brick_slab":1,"minecraft:quartz":8,"minecraft:dripstone_block":4,"minecraft:amethyst_shard":2,"minecraft:soul_torch":1,"minecraft:blast_furnace":21,"minecraft:spider_eye":4,"minecraft:brick_slab":1,"alexsmobs:raw_catfish":6,"croptopia:lemon":2,"croptopia:oat_seed":1,"evilcraft:dark_gem":35,"minecraft:terracotta":11,"tombstone:magic_scroll":4,"minecraft:damaged_anvil":2,"minecraft:magenta_concrete":11,"minecraft:red_concrete":12,"minecraft:coal":209,"minecraft:sunflower":1},"minecraft:killed":{"grimoireofgaia:toad":1,"alexsmobs:enderiophage":4,"alexsmobs:bald_eagle":1,"minecraft:shulker":8,"minecraft:skeleton":88,"grimoireofgaia:mimic":1,"minecraft:guardian":1,"alexsmobs:leafcutter_ant":1,"minecraft:chicken":1,"cataclysm:endermaptera":24,"cataclysm:ender_golem":2,"grimoireofgaia:flesh_lich":2,"grimoireofgaia:spriggan":4,"minecraft:magma_cube":3,"minecraft:salmon":21,"minecraft:ender_dragon":1,"alexsmobs:endergrade":1,"minecraft:pillager":19,"minecraft:zombie":24,"grimoireofgaia:siren":1,"grimoireofgaia:deathword":1,"cataclysm:deepling":1,"alexsmobs:roadrunner":5,"minecraft:cow":42,"minecraft:evoker":2,"alexsmobs:raccoon":1,"minecraft:vindicator":9,"alexsmobs:seagull":1,"grimoireofgaia:valkyrie":1,"grimoireofgaia:sludge_girl":3,"alexsmobs:rocky_roller":1,"minecraft:husk":31,"minecraft:rabbit":3,"alexsmobs:rhinoceros":1,"grimoireofgaia:mummy":2,"alexsmobs:crocodile":2,"evilcraft:poisonous_libelle":1,"minecraft:enderman":19,"evilcraft:netherfish":3,"grimoireofgaia:witch":1,"irons_spellbooks:priest":1,"alexsmobs:cosmic_cod":1,"irons_spellbooks:pyromancer":1,"minecraft:spider":12,"grimoireofgaia:sporeling":1,"grimoireofgaia:minotaurus":6,"alexsmobs:froststalker":1,"grimoireofgaia:orc":1,"minecraft:silverfish":5,"grimoireofgaia:gravemite":14,"irons_spellbooks:summoned_skeleton":3,"minecraft:piglin":2,"minecraft:pig":6,"alexsmobs:grizzly_bear":2,"minecraft:zombie_villager":1,"grimoireofgaia:bone_knight":2,"alexsmobs:stradpole":1,"irons_spellbooks:necromancer":1,"minecraft:creeper":9,"cataclysm:ender_guardian":1,"alexsmobs:terrapin":1,"grimoireofgaia:harpy":12,"alexsmobs:mimicube":1,"minecraft:vex":3,"irons_spellbooks:summoned_zombie":4,"grimoireofgaia:behender":13,"grimoireofgaia:succubus":2,"minecraft:slime":1,"grimoireofgaia:centaur":2,"minecraft:phantom":7,"grimoireofgaia:ender_eye":3,"alexsmobs:blue_jay":1,"alexsmobs:bison":1,"minecraft:drowned":1,"grimoireofgaia:gryphon":2,"grimoireofgaia:cecaelia":4,"minecraft:hoglin":34,"alexsmobs:emu":2,"alexsmobs:crow":1,"grimoireofgaia:werecat":8,"grimoireofgaia:wither_cow":2,"minecraft:wither_skeleton":51,"minecraft:villager":1,"grimoireofgaia:sphinx":1},"minecraft:custom":{"minecraft:interact_with_crafting_table":96,"minecraft:open_barrel":67,"minecraft:eat_cake_slice":6,"minecraft:leave_game":9,"minecraft:time_since_death":750197,"minecraft:damage_blocked_by_shield":2938,"minecraft:play_time":1007572,"minecraft:deaths":4,"minecraft:jump":15864,"minecraft:enchant_item":8,"minecraft:interact_with_furnace":109,"minecraft:interact_with_cartography_table":1,"minecraft:sleep_in_bed":8,"minecraft:damage_dealt":40741,"tombstone:undead_killed":215,"minecraft:interact_with_smoker":18,"minecraft:inspect_dispenser":3,"minecraft:interact_with_smithing_table":11,"minecraft:interact_with_anvil":9,"minecraft:sneak_time":69788,"minecraft:interact_with_lectern":1,"minecraft:interact_with_blast_furnace":12,"minecraft:total_world_time":1007572,"tombstone:raider_killed":37,"minecraft:tune_noteblock":12,"tombstone:pray_on_grave":1,"minecraft:time_since_rest":516148,"minecraft:swim_one_cm":186447,"minecraft:fly_one_cm":3221732,"minecraft:open_chest":984,"minecraft:fish_caught":6,"minecraft:fall_one_cm":408598,"minecraft:open_shulker_box":17,"minecraft:damage_resisted":113,"minecraft:sprint_one_cm":2722975,"minecraft:drop":610,"minecraft:play_noteblock":9,"minecraft:talked_to_villager":10,"minecraft:walk_on_water_one_cm":90656,"minecraft:open_enderchest":2,"minecraft:player_kills":1,"minecraft:crouch_one_cm":229089,"tombstone:villager_killed":1,"minecraft:mob_kills":653,"minecraft:damage_dealt_resisted":592,"minecraft:climb_one_cm":46289,"minecraft:walk_one_cm":2631251,"minecraft:walk_under_water_one_cm":66623,"minecraft:interact_with_grindstone":8,"minecraft:damage_taken":23335,"minecraft:damage_absorbed":304,"minecraft:trigger_trapped_chest":5},"minecraft:crafted":{"travelersbackpack:crafting_upgrade":1,"minecraft:blaze_powder":8,"minecraft:diamond_shovel":1,"minecraft:bookshelf":20,"minecraft:cooked_mutton":16,"minecraft:shulker_box":2,"minecraft:glass":47,"minecraft:diamond_leggings":1,"additional_lights:fire_for_fire_pit_s":2,"cataclysm:stone_pillar":2,"minecraft:glass_bottle":3,"minecraft:cooked_porkchop":26,"travelersbackpack:standard":5,"minecraft:stone_slab":6,"minecraft:iron_pickaxe":1,"minecraft:netherite_ingot":1,"weaponmaster:taglockkit":2,"travelersbackpack:blank_upgrade":4,"travelersbackpack:gold_tier_upgrade":1,"minecraft:stone_pickaxe":1,"minecraft:dark_oak_planks":140,"additional_lights:standing_torch_l_cobblestone":2,"minecraft:wheat":531,"minecraft:enchanting_table":1,"additional_lights:al_torch_cobblestone":4,"minecraft:wooden_axe":1,"minecraft:iron_shovel":1,"minecraft:grindstone":1,"minecraft:oak_planks":600,"cataclysm:sticky_gloves":1,"minecraft:cobblestone_stairs":28,"minecraft:stone":105,"justhammers:diamond_hammer":1,"minecraft:chest":60,"minecraft:ender_eye":7,"travelersbackpack:iron_tier_upgrade":1,"minecraft:crafting_table":9,"minecraft:spruce_planks":52,"minecraft:wooden_pickaxe":1,"additional_lights:fire_for_standing_torch_s":26,"minecraft:birch_planks":72,"minecraft:iron_chestplate":1,"minecraft:diamond_pickaxe":1,"minecraft:shield":2,"minecraft:stick":84,"minecraft:iron_ingot":17,"irons_spellbooks:amethyst_resonance_charm":1,"minecraft:shears":1,"minecraft:cherry_planks":88,"minecraft:fishing_rod":1,"minecraft:furnace":6,"minecraft:flint_and_steel":1,"minecraft:iron_axe":1,"minecraft:cobblestone_wall":18,"minecraft:netherite_scrap":7,"travelersbackpack:diamond_tier_upgrade":1,"minecraft:cooked_beef":46,"weaponmaster:tutorialbook":1,"minecraft:diamond_sword":1,"travelersbackpack:backpack_tank":4,"minecraft:iron_sword":3,"minecraft:mangrove_planks":92,"minecraft:stone_axe":1,"minecraft:bread":177,"minecraft:air":0,"minecraft:blue_dye":1,"alexsmobs:maraca":1,"minecraft:torch":196,"minecraft:diamond_chestplate":1},"minecraft:mined":{"minecraft:dark_oak_planks":34,"minecraft:red_nether_brick_slab":4,"minecraft:dark_prismarine_stairs":1,"minecraft:black_terracotta":10,"irons_spellbooks:armor_pile":1,"minecraft:cherry_log":22,"minecraft:red_nether_bricks":5,"minecraft:obsidian":15,"minecraft:granite":4,"minecraft:purpur_slab":2,"minecraft:chiseled_stone_bricks":1,"minecraft:spawner":52,"minecraft:orange_concrete":4,"minecraft:tall_seagrass":1,"minecraft:magma_block":5,"minecraft:cobbled_deepslate":16,"minecraft:barrel":1,"minecraft:fire":33,"minecraft:moss_carpet":2,"minecraft:deepslate_lapis_ore":1,"minecraft:stripped_dark_oak_wood":19,"minecraft:sculk_shrieker":2,"minecraft:cave_vines":4,"minecraft:dirt_path":1,"minecraft:oak_stairs":1,"minecraft:light_gray_concrete":7,"weaponmaster:workstation":4,"minecraft:spruce_wood":14,"minecraft:player_head":1,"minecraft:tripwire":15,"minecraft:soul_wall_torch":1,"minecraft:magenta_carpet":2,"minecraft:player_wall_head":1,"minecraft:smoker":4,"minecraft:amethyst_cluster":1,"minecraft:powder_snow":28,"minecraft:torch":25,"minecraft:note_block":5,"croptopia:oat_crop":1,"minecraft:blast_furnace":8,"minecraft:melon":1,"minecraft:dead_bush":7,"minecraft:damaged_anvil":2,"minecraft:sugar_cane":3,"minecraft:bricks":10,"minecraft:skeleton_skull":1,"minecraft:chain":1,"minecraft:repeater":2,"minecraft:light_gray_stained_glass":4,"minecraft:lilac":1,"croptopia:tomatillo_crop":1,"minecraft:birch_door":1,"minecraft:stone_brick_stairs":3,"minecraft:grass":53,"minecraft:smooth_quartz":6,"minecraft:deepslate":35,"minecraft:yellow_terracotta":2,"minecraft:dark_prismarine":3,"grimoireofgaia:deco_nest_harpy":2,"minecraft:mossy_cobblestone":6,"minecraft:orange_concrete_powder":2,"minecraft:dark_oak_log":1,"minecraft:end_stone":11,"minecraft:shulker_box":8,"minecraft:spruce_fence":1,"minecraft:magenta_concrete":9,"rechiseled:cobblestone_chiseled_border":2,"minecraft:moss_block":4,"minecraft:magenta_stained_glass_pane":2,"minecraft:packed_mud":8,"minecraft:acacia_wood":1,"minecraft:andesite":1,"minecraft:cobblestone_slab":6,"minecraft:vine":1,"cataclysm:chorus_fence":9,"minecraft:bamboo":2,"irons_spellbooks:inscription_table":1,"minecraft:bone_block":26,"minecraft:white_wool":2,"minecraft:birch_stairs":1,"additional_lights:fire_for_standing_torch_l":3,"minecraft:gray_concrete":1,"minecraft:glass_pane":3,"minecraft:cherry_planks":6,"minecraft:brown_carpet":2,"minecraft:stone_brick_slab":1,"minecraft:observer":7,"minecraft:mangrove_wood":27,"minecraft:warped_roots":3,"minecraft:campfire":1,"minecraft:purpur_pillar":3,"minecraft:tall_grass":13,"minecraft:deepslate_gold_ore":5,"minecraft:warped_wart_block":1,"additional_lights:standing_torch_l_cobblestone":1,"minecraft:coarse_dirt":1,"minecraft:cobblestone_wall":8,"minecraft:white_carpet":1,"minecraft:birch_leaves":15,"minecraft:sunflower":1,"minecraft:gravel":26,"minecraft:dripstone_block":6,"minecraft:brown_terracotta":32,"minecraft:stone_bricks":15,"minecraft:gold_ore":5,"minecraft:deepslate_emerald_ore":1,"minecraft:iron_trapdoor":6,"minecraft:fern":1,"minecraft:spruce_planks":11,"additional_lights:al_torch_cobblestone":1,"minecraft:cobblestone_stairs":16,"minecraft:brewing_stand":2,"minecraft:cave_vines_plant":3,"cataclysm:stone_pillar":7,"minecraft:stripped_crimson_hyphae":2,"minecraft:grass_block":214,"cataclysm:chiseled_purpur_block":1,"minecraft:mud_bricks":12,"minecraft:frosted_ice":14,"minecraft:smooth_stone":4,"minecraft:glowstone":2,"minecraft:iron_ore":31,"minecraft:dark_oak_stairs":3,"minecraft:pointed_dripstone":16,"minecraft:iron_bars":1,"minecraft:azalea":2,"cataclysm:void_stone":1,"minecraft:end_stone_bricks":5,"minecraft:waxed_cut_copper_stairs":2,"minecraft:deepslate_redstone_ore":4,"minecraft:cyan_terracotta":4,"minecraft:orange_terracotta":3,"minecraft:clay":1,"minecraft:chiseled_quartz_block":6,"minecraft:calcite":13,"minecraft:chest":1,"minecraft:cobblestone":90,"minecraft:oak_planks":8,"minecraft:iron_door":9,"minecraft:wall_torch":5,"minecraft:cauldron":2,"minecraft:pink_petals":1,"minecraft:seagrass":1,"minecraft:warped_nylium":1,"minecraft:birch_log":35,"minecraft:tnt":1,"minecraft:purpur_block":3,"minecraft:oak_log":169,"minecraft:sand":42,"minecraft:dirt":231,"minecraft:dispenser":1,"minecraft:netherrack":74,"minecraft:ancient_debris":7,"minecraft:oak_leaves":141,"minecraft:emerald_block":1,"minecraft:redstone_lamp":2,"minecraft:crying_obsidian":4,"minecraft:tuff":1,"minecraft:deepslate_diamond_ore":20,"minecraft:red_stained_glass":2,"minecraft:lever":1,"minecraft:soul_campfire":1,"travelersbackpack:white_sleeping_bag":1,"minecraft:spruce_leaves":6,"minecraft:hay_block":80,"minecraft:furnace":3,"minecraft:stripped_spruce_log":1,"evilcraft:dark_ore":2,"minecraft:gold_block":10,"minecraft:polished_deepslate":4,"minecraft:bookshelf":52,"minecraft:deepslate_iron_ore":3,"minecraft:chorus_plant":8,"minecraft:stone":269,"minecraft:pink_terracotta":2,"minecraft:acacia_leaves":2,"minecraft:flowering_azalea":4,"minecraft:red_wool":4,"minecraft:infested_stone_bricks":2,"minecraft:basalt":18,"travelersbackpack:standard":2,"minecraft:oak_fence":8,"minecraft:crafting_table":3,"minecraft:rose_bush":1,"minecraft:sculk_sensor":2,"minecraft:stone_slab":2,"minecraft:lapis_ore":8,"minecraft:lily_pad":1,"dragonmounts:dragon_egg":3,"minecraft:sculk":17,"minecraft:blue_bed":1,"minecraft:gray_wool":5,"minecraft:brick_slab":1,"minecraft:end_stone_brick_stairs":5,"minecraft:sweet_berry_bush":1,"cataclysm:purpur_void_rune_trap_block":1,"minecraft:ice":1,"evilcraft:infested_nether_netherrack":7,"minecraft:mangrove_planks":1,"minecraft:yellow_bed":2,"minecraft:mangrove_slab":1,"minecraft:coal_ore":41,"minecraft:cocoa":1,"minecraft:end_rod":1,"minecraft:cyan_carpet":3,"minecraft:gray_carpet":1,"minecraft:cracked_stone_bricks":12,"minecraft:terracotta":10,"minecraft:stripped_acacia_wood":2,"minecraft:polished_andesite":5,"minecraft:mossy_stone_bricks":14,"minecraft:birch_fence":1}},"DataVersion":3465}