{"stats":{"minecraft:killed_by":{"minecraft:player":4},"minecraft:broken":{"minecraft:stone_axe":1,"minecraft:shield":3,"epicsamurai:red_samurai_helmet_light":1,"minecraft:iron_pickaxe":2},"minecraft:killed":{"minecraft:witch":3,"minecraft:spider":6,"minecraft:skeleton":35,"grimoireofgaia:mimic":2,"grimoireofgaia:flesh_lich":2,"grimoireofgaia:spriggan":1,"minecraft:pig":36,"grimoireofgaia:bone_knight":2,"epicsamurai:kitsune":2,"epicsamurai:jorogumo":2,"minecraft:creeper":1,"mowziesmobs:lantern":2,"minecraft:sheep":9,"minecraft:trader_llama":2,"minecraft:pillager":10,"cataclysm:deepling_brute":1,"minecraft:zombie":25,"grimoireofgaia:deathword":1,"minecraft:cow":22,"minecraft:evoker":1,"irons_spellbooks:summoned_zombie":1,"minecraft:vindicator":4,"minecraft:phantom":3,"grimoireofgaia:ender_eye":1,"mowziesmobs:ferrous_wroughtnaut":1,"alexsmobs:blue_jay":1,"grimoireofgaia:ant":2,"minecraft:bat":2,"grimoireofgaia:cecaelia":2,"grimoireofgaia:arachne":1,"grimoireofgaia:werecat":7},"minecraft:mined":{"croptopia:bellpepper_crop":1,"minecraft:large_amethyst_bud":1,"minecraft:white_bed":1,"minecraft:spruce_planks":5,"minecraft:sculk_vein":9,"minecraft:obsidian":2,"minecraft:granite":50,"minecraft:grass_block":8,"minecraft:soul_soil":1,"minecraft:chiseled_stone_bricks":10,"minecraft:spawner":10,"epicsamurai:deepslate_jade_ore":13,"minecraft:magma_block":6,"minecraft:dark_oak_trapdoor":1,"minecraft:iron_ore":102,"minecraft:cobbled_deepslate":25,"minecraft:fire":9,"minecraft:deepslate_lapis_ore":6,"minecraft:sculk_shrieker":2,"minecraft:iron_bars":4,"minecraft:deepslate_redstone_ore":2,"minecraft:amethyst_cluster":1,"minecraft:torch":16,"minecraft:blast_furnace":2,"minecraft:chest":2,"minecraft:cobblestone":22,"minecraft:sugar_cane":10,"minecraft:oak_planks":7,"minecraft:bricks":2,"minecraft:wall_torch":7,"minecraft:chain":4,"evilcraft:dark_ore_deepslate":8,"minecraft:birch_log":30,"minecraft:grass":14,"minecraft:oak_log":13,"minecraft:sand":24,"minecraft:dirt":28,"minecraft:crimson_planks":4,"epicsamurai:tanuki_statue":2,"minecraft:netherrack":5,"minecraft:stripped_crimson_stem":19,"minecraft:oak_leaves":9,"minecraft:deepslate":100,"alexscaves:spelunkery_table":1,"minecraft:crying_obsidian":2,"minecraft:tuff":34,"epicsamurai:deepslate_onyx_ore":7,"minecraft:dark_oak_leaves":1,"minecraft:deepslate_diamond_ore":8,"minecraft:dark_oak_log":31,"epicsamurai:deepslate_ruby_ore":39,"minecraft:spruce_fence":2,"travelersbackpack:white_sleeping_bag":4,"minecraft:spruce_leaves":1,"minecraft:hay_block":19,"travelersbackpack:bat":4,"minecraft:furnace":33,"minecraft:andesite":42,"evilcraft:dark_ore":3,"minecraft:gold_block":3,"minecraft:bookshelf":2,"minecraft:deepslate_iron_ore":28,"minecraft:rail":2,"irons_spellbooks:inscription_table":3,"minecraft:stone":216,"minecraft:smithing_table":2,"minecraft:stone_brick_slab":1,"epicsamurai:deepslate_aquamarine_ore":5,"travelersbackpack:standard":1,"minecraft:crafting_table":8,"minecraft:rose_bush":4,"minecraft:andesite_slab":1,"minecraft:sculk_sensor":1,"minecraft:stone_slab":1,"minecraft:copper_ore":3,"minecraft:red_glazed_terracotta":1,"minecraft:lapis_ore":7,"minecraft:deepslate_gold_ore":33,"minecraft:sculk":53,"minecraft:diorite":2,"croptopia:spinach_crop":1,"minecraft:red_terracotta":10,"minecraft:birch_leaves":16,"minecraft:red_wall_banner":1,"minecraft:coal_ore":100,"minecraft:gravel":6,"minecraft:dripstone_block":7,"minecraft:cobweb":15,"minecraft:terracotta":44,"minecraft:polished_andesite":2,"minecraft:stone_bricks":3,"minecraft:mossy_stone_bricks":1,"minecraft:gold_ore":1,"epicsamurai:ruby_ore":1},"minecraft:crafted":{"minecraft:smooth_stone":3,"minecraft:oak_planks":48,"epicsamurai:iron_samurai_chestplate_light":1,"travelersbackpack:crafting_upgrade":1,"minecraft:dark_oak_boat":3,"irons_spellbooks:iron_spell_book":1,"minecraft:stone":3,"travelersbackpack:bat":2,"minecraft:cooked_mutton":4,"epicsamurai:red_samurai_chestplate":1,"minecraft:glass":12,"minecraft:iron_boots":1,"minecraft:chest":3,"alexscaves:cave_book":1,"travelersbackpack:iron_tier_upgrade":1,"minecraft:cooked_porkchop":64,"minecraft:crafting_table":7,"minecraft:iron_helmet":1,"minecraft:wooden_pickaxe":1,"travelersbackpack:standard":4,"epicsamurai:kitsune_mask":1,"minecraft:birch_planks":100,"minecraft:dark_oak_slab":6,"minecraft:diamond_pickaxe":1,"minecraft:shield":4,"minecraft:stick":76,"minecraft:iron_ingot":88,"minecraft:iron_pickaxe":2,"minecraft:iron_block":1,"minecraft:gold_ingot":33,"minecraftdungeonsv1:claymore":1,"epicsamurai:iron_samurai_leggings_light":1,"epicsamurai:iron_samurai_helmet_light":1,"minecraft:furnace":3,"minecraft:blast_furnace":1,"epicsamurai:iron_samurai_boots_light":1,"travelersbackpack:gold_tier_upgrade":2,"minecraft:flint_and_steel":1,"minecraft:dark_oak_fence":3,"epicsamurai:red_samurai_leggings_light":1,"travelersbackpack:white_sleeping_bag":1,"minecraft:stone_pickaxe":1,"minecraft:dark_oak_planks":128,"epicsamurai:red_samurai_boots_master":1,"minecraft:wheat":145,"minecraft:cooked_beef":27,"minecraft:crimson_planks":48,"travelersbackpack:backpack_tank":2,"minecraft:bucket":1,"minecraft:stone_axe":1,"minecraft:bread":48,"minecraft:air":0,"epicsamurai:red_samurai_helmet_light":1,"minecraft:gold_nugget":9,"minecraft:wooden_axe":1,"irons_spellbooks:inscription_table":1,"epicsamurai:steel_ingot":23,"minecraft:torch":228},"minecraft:dropped":{"minecraft:birch_planks":7,"minecraft:lapis_lazuli":26,"epicsamurai:tanuki_statue":1,"minecraft:glow_ink_sac":2,"epicsamurai:iron_samurai_chestplate_light":1,"minecraft:cooked_porkchop":7,"minecraft:dark_oak_slab":3,"minecraft:leather":4,"minecraft:red_wool":1,"travelersbackpack:iron_tier_upgrade":6,"minecraftdungeonsv1:reinforced_iron_sword":1,"minecraft:saddle":1,"minecraft:rail":2,"minecraft:red_mushroom":2,"croptopia:tomato_seed":3,"minecraft:dirt":11,"minecraft:dark_oak_fence":1,"epicsamurai:red_samurai_chestplate":1,"irons_spellbooks:arcane_essence":1,"minecraft:chain":3,"minecraft:gold_nugget":2,"minecraft:phantom_membrane":1,"epicsamurai:red_samurai_helmet":1,"minecraft:iron_pickaxe":1,"minecraft:dark_oak_planks":40,"minecraft:birch_log":6,"minecraft:white_wool":4,"minecraft:bone":8,"minecraft:gravel":12,"minecraft:stone_axe":1,"minecraft:sugar_cane":8,"minecraft:iron_nugget":7,"minecraft:cooked_chicken":1,"alexsmobs:animal_dictionary":1,"epicsamurai:iron_samurai_boots_light":1,"minecraft:andesite_slab":1,"minecraft:birch_sapling":4,"epicsamurai:katana":2,"minecraft:beetroot":1,"minecraft:rotten_flesh":5,"croptopia:bellpepper":1,"croptopia:strawberry_seed":3,"evilcraft:flesh_humanoid":1,"patchouli:guide_book":1,"croptopia:blueberry_seed":1,"minecraft:poppy":4,"croptopia:spinach_seed":4,"minecraft:gunpowder":1,"croptopia:blueberry":1,"epicsamurai:red_samurai_boots_master":1,"croptopia:pecan":1,"minecraft:chest":2,"epicsamurai:kitsune_tail":1,"minecraft:iron_bars":3,"minecraft:arrow":5,"minecraft:beef":8,"grimoireofgaia:meat":2,"minecraft:netherrack":1,"minecraft:enchanted_book":1,"minecraft:iron_ingot":17,"minecraft:wheat_seeds":5,"minecraft:dripstone_block":7,"minecraft:golden_axe":1,"minecraft:iron_helmet":2,"minecraft:cobblestone":4,"epicsamurai:red_samurai_leggings_light":1,"minecraft:granite":9,"evilcraft:dark_gem":22,"bossominium:the_bossdexium":1,"minecraft:coal":2,"minecraft:stick":6,"irons_spellbooks:scroll":1,"croptopia:celery_seed":5,"croptopia:grape_seed":5,"minecraft:torch":103,"minecraft:wooden_axe":2,"minecraft:rose_bush":1,"epicsamurai:iron_samurai_helmet_light":1,"epicsamurai:jorogumo_eye":2,"tombstone:grave_dust":3,"croptopia:cauliflower_seed":3,"minecraft:paper":3,"minecraft:string":43,"minecraftdungeonsv1:claymore":2,"minecraft:redstone":11,"minecraft:furnace":2,"alexsmobs:maggot":1,"minecraft:raw_copper":2,"minecraft:tuff":18,"croptopia:blackberry_seed":3,"croptopia:raspberry_seed":3,"minecraft:iron_boots":2,"minecraft:name_tag":1,"minecraft:spruce_fence":2,"minecraft:pumpkin_seeds":1,"epicsamurai:iron_ninja_boots":1,"minecraft:blast_furnace":1,"minecraft:copper_ore":1,"epicsamurai:ruby":2,"minecraft:spider_eye":2,"minecraft:stone_pickaxe":1,"minecraft:wooden_pickaxe":1,"minecraft:raw_gold":7,"epicsamurai:iron_samurai_leggings_light":1},"minecraft:picked_up":{"minecraft:wooden_axe":1,"epicsamurai:iron_ninja_boots":1,"minecraft:wheat":8,"travelersbackpack:bat":5,"croptopia:grape_seed":5,"minecraft:smithing_table":2,"croptopia:broccoli":1,"minecraft:stone_slab":2,"minecraft:crimson_planks":1,"minecraft:string":43,"minecraft:dark_oak_trapdoor":1,"minecraft:raw_copper":2,"minecraft:experience_bottle":28,"irons_spellbooks:arcane_essence":2,"minecraft:gold_nugget":4,"minecraft:cobbled_deepslate":146,"minecraft:spruce_planks":2,"minecraft:rose_bush":1,"croptopia:blueberry":1,"irons_spellbooks:inscription_table":3,"minecraft:furnace":33,"minecraft:stick":7,"minecraft:torch":88,"croptopia:blackberry_seed":3,"travelersbackpack:iron_tier_upgrade":5,"minecraft:porkchop":67,"tombstone:grave_dust":9,"minecraft:rotten_flesh":20,"grimoireofgaia:stone_coal":2,"croptopia:raspberry_seed":3,"minecraftdungeonsv1:reinforced_iron_sword":1,"croptopia:pecan":1,"minecraft:obsidian":2,"minecraft:iron_bars":4,"minecraft:cobblestone":210,"croptopia:cauliflower":1,"minecraft:birch_log":31,"minecraft:magma_block":6,"minecraft:cooked_beef":3,"minecraft:andesite":38,"croptopia:spinach":2,"minecraft:flint":1,"minecraft:tuff":35,"croptopia:walnut":17,"croptopia:blueberry_seed":2,"croptopia:celery":3,"minecraft:lapis_lazuli":61,"minecraft:dirt":18,"minecraft:name_tag":1,"minecraft:bone":29,"minecraft:wheat_seeds":5,"minecraft:raw_gold":32,"croptopia:bellpepper":1,"minecraft:glowstone_dust":2,"epicsamurai:raw_silver":1,"minecraft:oak_planks":7,"grimoireofgaia:box_overworld":1,"croptopia:plum":7,"minecraft:stripped_crimson_stem":18,"croptopia:blackberry":2,"croptopia:celery_seed":5,"minecraft:sand":24,"epicsamurai:tanuki_statue":2,"minecraft:dark_oak_log":32,"minecraftdungeonsv1:claymore":1,"minecraft:red_terracotta":10,"croptopia:spinach_seed":4,"grimoireofgaia:shiny_pearl":1,"travelersbackpack:white_sleeping_bag":4,"minecraft:bundle":1,"minecraft:polished_andesite":2,"minecraft:diamond":8,"minecraft:granite":36,"minecraft:crossbow":1,"epicsamurai:jorogumo_eye":2,"minecraft:emerald":18,"minecraft:bread":9,"alexsmobs:maggot":2,"epicsamurai:ruby":40,"minecraft:netherrack":1,"minecraft:bricks":2,"minecraft:andesite_slab":1,"minecraft:crafting_table":7,"mowziesmobs:glowing_jelly":1,"minecraft:gold_block":3,"minecraft:chain":6,"epicsamurai:jade":13,"grimoireofgaia:premium_monster_feed":1,"grimoireofgaia:honeydew":1,"croptopia:tomato_seed":3,"croptopia:avocado":15,"minecraft:beef":45,"minecraft:iron_nugget":7,"minecraft:poppy":4,"bossominium:vex_wing":2,"minecraft:sugar_cane":24,"minecraft:chest":4,"minecraft:birch_sapling":4,"minecraft:phantom_membrane":2,"minecraft:egg":3,"minecraft:raw_iron":130,"grimoireofgaia:meat":6,"minecraft:spruce_fence":2,"minecraft:redstone":11,"croptopia:strawberry":2,"minecraft:dark_oak_planks":16,"croptopia:grape":3,"minecraft:arrow":37,"croptopia:strawberry_seed":3,"minecraft:hay_block":17,"alexscaves:spelunkery_table":1,"minecraft:saddle":2,"minecraft:mutton":8,"minecraft:rail":2,"minecraft:white_wool":8,"epicsamurai:kitsune_tail":3,"epicsamurai:kitsune_hide":2,"minecraft:glow_ink_sac":2,"minecraft:leather":22,"minecraft:red_mushroom":2,"minecraft:birch_planks":36,"minecraft:oak_log":12,"minecraft:gunpowder":1,"mowziesmobs:wrought_axe":1,"tombstone:voodoo_poppet":1,"minecraft:paper":2,"tombstone:gift":1,"minecraft:stone_bricks":1,"minecraft:iron_ingot":41,"croptopia:raspberry":2,"minecraft:cooked_chicken":1,"croptopia:tomato":2,"epicsamurai:aquamarine":5,"travelersbackpack:blank_upgrade":4,"minecraft:green_dye":2,"minecraft:book":6,"epicsamurai:onyx":7,"epicsamurai:katana":2,"croptopia:cauliflower_seed":3,"minecraft:chiseled_stone_bricks":2,"minecraft:red_wool":1,"minecraft:dripstone_block":7,"minecraft:gravel":12,"minecraft:amethyst_shard":4,"mowziesmobs:wrought_helmet":1,"minecraft:red_banner":1,"minecraft:blast_furnace":2,"minecraft:white_bed":1,"minecraft:crying_obsidian":2,"minecraft:spider_eye":2,"travelersbackpack:standard":1,"minecraft:stone_axe":1,"croptopia:orange":3,"minecraft:iron_helmet":1,"evilcraft:dark_gem":50,"minecraft:terracotta":36,"minecraft:coal":105},"minecraft:custom":{"minecraft:interact_with_crafting_table":78,"minecraft:open_barrel":11,"minecraft:leave_game":8,"minecraft:time_since_death":12822,"minecraft:sprint_one_cm":992676,"minecraft:damage_blocked_by_shield":6884,"minecraft:drop":194,"minecraft:talked_to_villager":2,"minecraft:play_time":408369,"minecraft:deaths":21,"minecraft:jump":4916,"minecraft:walk_on_water_one_cm":63926,"minecraft:interact_with_furnace":215,"minecraft:interact_with_loom":10,"minecraft:sleep_in_bed":4,"tombstone:sneak_grave":2,"minecraft:damage_dealt":48903,"minecraft:player_kills":3,"minecraft:crouch_one_cm":53943,"tombstone:undead_killed":68,"minecraft:horse_one_cm":1017,"minecraft:interact_with_smithing_table":16,"minecraft:mob_kills":200,"minecraft:damage_dealt_resisted":127,"minecraft:climb_one_cm":13708,"minecraft:walk_one_cm":1073077,"minecraft:sneak_time":19422,"minecraft:walk_under_water_one_cm":18698,"minecraft:boat_one_cm":173540,"minecraft:interact_with_blast_furnace":28,"minecraft:total_world_time":408369,"tombstone:raider_killed":21,"minecraft:pot_flower":1,"minecraft:time_since_rest":12610,"minecraft:damage_taken":24801,"minecraft:damage_absorbed":615,"minecraft:swim_one_cm":28663,"minecraft:fly_one_cm":781771,"minecraft:open_chest":46,"minecraft:fall_one_cm":138884},"minecraft:used":{"irons_spellbooks:inscription_table":3,"minecraft:beetroot":3,"minecraft:chest":2,"minecraft:shield":91,"minecraft:rotten_flesh":22,"minecraft:mutton":4,"croptopia:broccoli":1,"minecraft:tuff":17,"minecraft:obsidian":3,"minecraft:lava_bucket":35,"minecraft:bricks":2,"minecraft:stone_bricks":1,"minecraft:dark_oak_boat":3,"minecraft:furnace":33,"grimoireofgaia:meat":4,"minecraft:egg":3,"croptopia:tomato":2,"minecraft:oak_planks":55,"minecraft:stone_pickaxe":10,"minecraft:wooden_pickaxe":15,"minecraft:dark_oak_trapdoor":1,"alexscaves:cave_book":3,"minecraft:blast_furnace":1,"croptopia:orange":3,"croptopia:plum":7,"minecraftdungeonsv1:claymore":556,"minecraft:bread":84,"minecraft:red_terracotta":10,"tombstone:grave_key":2,"croptopia:spinach":2,"croptopia:avocado":15,"croptopia:blackberry":2,"minecraft:smithing_table":1,"minecraft:andesite":38,"minecraft:iron_bars":1,"minecraft:flint_and_steel":1,"minecraft:spruce_planks":2,"travelersbackpack:bat":2,"minecraft:torch":227,"minecraft:dirt":7,"croptopia:raspberry":2,"minecraft:granite":27,"minecraft:dark_oak_planks":11,"alexsmobs:maggot":1,"minecraft:crimson_planks":47,"minecraft:golden_carrot":5,"epicsamurai:iron_samurai_chestplate_light":1,"tombstone:gift":10,"croptopia:strawberry":2,"minecraft:cooked_beef":29,"minecraft:cobbled_deepslate":146,"croptopia:grape":3,"minecraft:cooked_mutton":4,"minecraft:water_bucket":57,"croptopia:celery":3,"minecraft:birch_planks":5,"minecraft:polished_andesite":2,"croptopia:walnut":17,"minecraft:terracotta":36,"minecraft:crafting_table":12,"minecraft:white_bed":1,"epicsamurai:tanuki_statue":1,"mowziesmobs:wrought_axe":174,"minecraft:diamond_pickaxe":518,"minecraft:iron_pickaxe":502,"travelersbackpack:white_sleeping_bag":4,"minecraft:stone_slab":2,"minecraft:stone_axe":97,"minecraft:chiseled_stone_bricks":1,"croptopia:cauliflower":1,"minecraft:cobblestone":97,"travelersbackpack:standard":3,"minecraft:cooked_porkchop":64,"minecraft:bucket":92}},"DataVersion":3465}