{"stats":{"minecraft:custom":{"minecraft:interact_with_crafting_table":60,"minecraft:open_barrel":7,"minecraft:eat_cake_slice":4,"minecraft:leave_game":3,"minecraft:time_since_death":32900,"minecraft:damage_resisted":84,"minecraft:sprint_one_cm":567142,"minecraft:damage_blocked_by_shield":957,"minecraft:drop":142,"minecraft:play_noteblock":5,"minecraft:play_time":290275,"minecraft:deaths":4,"minecraft:jump":3495,"minecraft:walk_on_water_one_cm":14479,"minecraft:interact_with_furnace":33,"minecraft:interact_with_cartography_table":1,"minecraft:sleep_in_bed":3,"minecraft:damage_dealt":30389,"minecraft:crouch_one_cm":134735,"tombstone:undead_killed":62,"tombstone:villager_killed":1,"minecraft:mob_kills":112,"minecraft:climb_one_cm":2044,"minecraft:walk_one_cm":789467,"minecraft:sneak_time":43925,"minecraft:walk_under_water_one_cm":11060,"minecraft:interact_with_lectern":1,"minecraft:interact_with_blast_furnace":5,"minecraft:total_world_time":290275,"minecraft:tune_noteblock":12,"minecraft:time_since_rest":32281,"minecraft:damage_taken":6551,"minecraft:swim_one_cm":25654,"minecraft:fly_one_cm":514571,"minecraft:open_chest":179,"minecraft:fall_one_cm":94584},"minecraft:mined":{"minecraft:dark_oak_planks":15,"minecraft:red_nether_brick_slab":4,"minecraft:spruce_planks":7,"additional_lights:al_torch_cobblestone":1,"minecraft:black_terracotta":10,"minecraft:cherry_log":22,"minecraft:cobblestone_stairs":15,"minecraft:red_nether_bricks":5,"minecraft:granite":4,"cataclysm:stone_pillar":7,"minecraft:grass_block":100,"minecraft:mud_bricks":12,"minecraft:frosted_ice":1,"minecraft:spawner":21,"minecraft:smooth_stone":4,"minecraft:iron_ore":31,"minecraft:fire":26,"minecraft:deepslate_lapis_ore":1,"minecraft:stripped_dark_oak_wood":19,"minecraft:dark_oak_stairs":2,"minecraft:sculk_shrieker":2,"minecraft:dirt_path":1,"minecraft:oak_stairs":1,"minecraft:iron_bars":1,"minecraft:spruce_wood":14,"minecraft:waxed_cut_copper_stairs":2,"minecraft:deepslate_redstone_ore":4,"minecraft:powder_snow":28,"minecraft:torch":2,"minecraft:note_block":3,"minecraft:blast_furnace":8,"minecraft:calcite":13,"minecraft:cobblestone":62,"minecraft:sugar_cane":3,"minecraft:damaged_anvil":2,"minecraft:wall_torch":2,"minecraft:skeleton_skull":1,"minecraft:chain":1,"minecraft:birch_log":16,"croptopia:tomatillo_crop":1,"minecraft:lilac":1,"minecraft:birch_door":1,"minecraft:grass":17,"minecraft:oak_log":128,"minecraft:sand":3,"minecraft:dirt":185,"minecraft:oak_leaves":101,"minecraft:deepslate":24,"minecraft:emerald_block":1,"minecraft:tuff":1,"minecraft:mossy_cobblestone":1,"minecraft:deepslate_diamond_ore":2,"minecraft:red_stained_glass":2,"travelersbackpack:white_sleeping_bag":1,"minecraft:soul_campfire":1,"minecraft:spruce_leaves":3,"rechiseled:cobblestone_chiseled_border":2,"minecraft:hay_block":73,"minecraft:furnace":3,"minecraft:packed_mud":8,"minecraft:polished_deepslate":4,"minecraft:bookshelf":16,"minecraft:deepslate_iron_ore":3,"minecraft:stone":203,"additional_lights:fire_for_standing_torch_l":1,"minecraft:cherry_planks":6,"travelersbackpack:standard":1,"minecraft:oak_fence":3,"minecraft:crafting_table":3,"minecraft:mangrove_wood":27,"minecraft:sculk_sensor":2,"minecraft:tall_grass":2,"minecraft:deepslate_gold_ore":4,"minecraft:lapis_ore":8,"minecraft:lily_pad":1,"minecraft:sculk":17,"minecraft:blue_bed":1,"minecraft:gray_wool":5,"additional_lights:standing_torch_l_cobblestone":1,"minecraft:cobblestone_wall":6,"minecraft:sweet_berry_bush":1,"minecraft:birch_leaves":10,"minecraft:mangrove_planks":1,"minecraft:mangrove_slab":1,"minecraft:coal_ore":41,"minecraft:gravel":4,"minecraft:dripstone_block":6,"minecraft:cyan_carpet":1,"minecraft:gray_carpet":1,"minecraft:gold_ore":3,"minecraft:deepslate_emerald_ore":1,"minecraft:iron_trapdoor":1},"minecraft:picked_up":{"minecraft:wooden_axe":1,"minecraft:black_carpet":3,"minecraft:chainmail_boots":1,"croptopia:grape_seed":2,"croptopia:tomatillo_seed":1,"minecraft:oak_stairs":1,"minecraft:potion":2,"minecraft:polished_deepslate":4,"minecraft:string":5,"minecraft:soul_soil":1,"minecraft:raw_copper":20,"minecraft:red_nether_bricks":5,"minecraft:armor_stand":4,"minecraft:cobbled_deepslate":669,"minecraft:gold_nugget":2,"minecraft:smooth_stone":4,"minecraft:bucket":1,"minecraft:spruce_planks":7,"minecraft:calcite":13,"minecraft:furnace":3,"grimoireofgaia:taproot":2,"minecraft:stick":5,"minecraft:oak_fence":2,"minecraft:torch":16,"minecraft:porkchop":8,"minecraft:cherry_log":22,"minecraft:pointed_dripstone":15,"tombstone:grave_dust":6,"minecraft:waxed_cut_copper_stairs":2,"minecraft:rotten_flesh":20,"minecraft:honey_bottle":2,"croptopia:persimmon":3,"minecraft:iron_bars":1,"cataclysm:stone_pillar":7,"minecraft:cobblestone":985,"minecraft:birch_log":14,"minecraft:leather_chestplate":1,"minecraft:feather":1,"minecraft:lilac":6,"minecraft:cherry_planks":6,"minecraft:flint":1,"minecraft:tuff":10,"minecraft:lapis_lazuli":60,"alexsmobs:rocky_shell":1,"minecraft:mangrove_slab":1,"minecraft:dirt":282,"minecraft:glass":8,"minecraft:bone":27,"minecraft:wheat_seeds":4,"minecraft:raw_gold":14,"rechiseled:chisel":1,"minecraft:diamond_helmet":1,"rechiseled:cobblestone_chiseled_border":2,"minecraft:black_terracotta":10,"minecraft:cooked_porkchop":1,"minecraft:sand":2,"minecraft:grass_block":1,"minecraft:mossy_cobblestone":2,"travelersbackpack:white_sleeping_bag":1,"minecraft:diamond":22,"minecraft:mangrove_wood":26,"minecraft:granite":3,"minecraft:golden_apple":7,"minecraft:emerald":1,"minecraft:bread":24,"minecraft:oak_sapling":30,"minecraft:oak_leaves":47,"minecraft:crafting_table":3,"grimoireofgaia:soulfire":3,"minecraft:rabbit_stew":1,"minecraft:leather_leggings":2,"minecraft:chain":1,"minecraft:shield":1,"evilcraft:poison_sac":1,"croptopia:tomatillo":1,"croptopia:avocado":1,"minecraft:beef":33,"minecraft:iron_nugget":11,"minecraft:birch_sapling":4,"minecraft:raw_iron":61,"minecraft:note_block":3,"minecraft:cookie":1,"minecraft:carrot":1,"minecraft:redstone":66,"alexsmobs:crocodile_scute":1,"minecraft:dark_oak_planks":10,"croptopia:grape":1,"additional_lights:standing_torch_l_cobblestone":1,"weaponmaster:wm_broadswordlarge":1,"minecraft:arrow":17,"minecraft:hay_block":72,"minecraft:stripped_dark_oak_wood":17,"minecraft:skeleton_skull":1,"minecraft:birch_leaves":5,"minecraft:mud_bricks":17,"minecraft:leather":14,"minecraft:packed_mud":8,"minecraft:oak_log":128,"minecraft:chainmail_chestplate":1,"minecraft:lily_pad":1,"additional_lights:al_torch_cobblestone":2,"minecraft:gunpowder":3,"minecraft:cobblestone_wall":6,"minecraft:cobblestone_stairs":13,"minecraft:blue_bed":1,"minecraft:cooked_mutton":1,"minecraft:apple":1,"minecraft:gray_carpet":5,"minecraft:spruce_wood":13,"minecraft:stone_pickaxe":1,"minecraft:dark_oak_stairs":4,"minecraft:book":49,"minecraft:emerald_block":2,"minecraft:sweet_berries":2,"croptopia:starfruit":7,"minecraft:gravel":3,"minecraft:dripstone_block":4,"minecraft:blast_furnace":21,"minecraft:spider_eye":2,"travelersbackpack:standard":1,"alexsmobs:raw_catfish":6,"croptopia:lemon":2,"minecraft:slime_ball":2,"minecraft:gray_wool":5,"minecraft:red_nether_brick_slab":4,"minecraft:damaged_anvil":2,"minecraft:coal":153,"minecraft:ender_pearl":3},"minecraft:used":{"minecraft:iron_shovel":252,"minecraft:chest":56,"minecraft:shield":26,"minecraft:stone":60,"minecraft:iron_sword":441,"grimoireofgaia:soulfire":84,"rechiseled:cobblestone_brick_pattern":4,"minecraft:honey_bottle":2,"minecraft:grass_block":1,"minecraft:packed_mud":5,"minecraft:hay_block":15,"minecraft:sweet_berries":3,"minecraft:furnace":8,"additional_lights:al_torch_cobblestone":6,"additional_lights:fire_for_fire_pit_s":1,"minecraft:damaged_anvil":2,"minecraft:diamond_boots":1,"minecraft:stone_pickaxe":34,"minecraft:mangrove_planks":86,"minecraft:oak_planks":4,"minecraft:ender_pearl":1,"minecraft:wooden_pickaxe":3,"minecraft:blue_bed":1,"rechiseled:cobblestone_chiseled_border":11,"minecraft:oak_leaves":20,"minecraft:cookie":1,"minecraft:blast_furnace":17,"minecraft:dripstone_block":4,"minecraft:shears":51,"minecraft:black_terracotta":9,"minecraft:bread":101,"minecraft:gravel":1,"croptopia:tomatillo":1,"croptopia:avocado":1,"minecraft:diamond_sword":177,"minecraft:oak_fence":2,"croptopia:starfruit":7,"minecraft:spruce_planks":58,"minecraft:torch":111,"minecraft:dirt":32,"minecraft:cobblestone_wall":14,"minecraft:dark_oak_planks":69,"minecraft:iron_axe":167,"rechiseled:mossy_cobblestone_beams":10,"minecraft:mud_bricks":5,"evilcraft:flesh_humanoid":1,"tombstone:gift":5,"minecraft:cobbled_deepslate":88,"minecraft:cooked_beef":2,"additional_lights:standing_torch_l_cobblestone":3,"minecraft:cooked_mutton":1,"minecraft:water_bucket":19,"minecraft:cobblestone_stairs":33,"croptopia:lemon":2,"minecraft:cherry_planks":74,"cataclysm:stone_pillar":9,"minecraft:crafting_table":6,"justhammers:diamond_hammer":254,"minecraft:diamond_pickaxe":365,"minecraft:iron_pickaxe":141,"minecraft:map":1,"minecraft:stone_axe":114,"minecraft:cobblestone":181,"minecraft:potion":1,"additional_lights:fire_for_standing_torch_s":8,"minecraft:bucket":20,"minecraft:gray_wool":5,"minecraft:smooth_stone":4},"minecraft:killed":{"minecraft:spider":2,"minecraft:skeleton":23,"minecraft:silverfish":1,"grimoireofgaia:flesh_lich":1,"grimoireofgaia:spriggan":2,"minecraft:pig":4,"minecraft:creeper":1,"minecraft:zombie":5,"grimoireofgaia:deathword":1,"grimoireofgaia:harpy":4,"minecraft:cow":17,"minecraft:slime":1,"grimoireofgaia:ender_eye":2,"alexsmobs:blue_jay":1,"minecraft:drowned":1,"grimoireofgaia:sludge_girl":2,"alexsmobs:rocky_roller":1,"minecraft:husk":31,"grimoireofgaia:cecaelia":1,"evilcraft:poisonous_libelle":1,"alexsmobs:crocodile":2,"alexsmobs:crow":1,"grimoireofgaia:werecat":1,"minecraft:wither_skeleton":1,"minecraft:villager":1,"minecraft:enderman":1},"minecraft:crafted":{"minecraft:oak_planks":508,"minecraft:stone":81,"minecraft:cobblestone_stairs":20,"minecraft:glass":8,"minecraft:diamond_leggings":1,"additional_lights:fire_for_fire_pit_s":2,"cataclysm:stone_pillar":2,"justhammers:diamond_hammer":1,"minecraft:chest":57,"minecraft:crafting_table":5,"minecraft:spruce_planks":52,"minecraft:wooden_pickaxe":1,"travelersbackpack:standard":1,"additional_lights:fire_for_standing_torch_s":8,"minecraft:birch_planks":20,"minecraft:iron_chestplate":1,"minecraft:diamond_pickaxe":1,"minecraft:stick":48,"minecraft:iron_ingot":17,"minecraft:iron_pickaxe":1,"minecraft:shears":1,"minecraft:cherry_planks":88,"minecraft:furnace":6,"minecraft:iron_axe":1,"minecraft:cobblestone_wall":18,"minecraft:stone_pickaxe":1,"minecraft:dark_oak_planks":68,"additional_lights:standing_torch_l_cobblestone":2,"minecraft:wheat":504,"minecraft:cooked_beef":2,"minecraft:diamond_sword":1,"travelersbackpack:backpack_tank":2,"minecraft:iron_sword":3,"minecraft:mangrove_planks":92,"additional_lights:al_torch_cobblestone":4,"minecraft:stone_axe":1,"minecraft:bread":168,"minecraft:air":0,"minecraft:wooden_axe":1,"minecraft:iron_shovel":1,"minecraft:torch":104,"minecraft:diamond_chestplate":1},"minecraft:dropped":{"minecraft:iron_sword":2,"minecraft:birch_planks":4,"minecraft:porkchop":8,"minecraft:dark_oak_stairs":4,"minecraft:oak_log":6,"minecraft:glass_bottle":1,"minecraft:crafting_table":1,"minecraft:cooked_porkchop":1,"minecraft:packed_mud":3,"minecraft:dirt":6,"minecraft:mangrove_wood":3,"minecraft:chain":1,"minecraft:gold_nugget":1,"minecraft:sand":2,"minecraft:iron_pickaxe":1,"minecraft:dark_oak_planks":3,"minecraft:birch_log":8,"minecraft:mangrove_slab":1,"minecraft:bone":21,"minecraft:armor_stand":4,"minecraft:gravel":2,"minecraft:note_block":3,"minecraft:waxed_cut_copper_stairs":2,"minecraft:emerald_block":2,"minecraft:iron_nugget":9,"minecraft:cobbled_deepslate":4,"alexsmobs:animal_dictionary":1,"minecraft:black_carpet":2,"minecraft:pointed_dripstone":15,"minecraft:black_terracotta":1,"minecraft:rotten_flesh":13,"minecraft:oak_planks":24,"minecraft:carrot":1,"patchouli:guide_book":1,"minecraft:chainmail_chestplate":1,"minecraft:leather_chestplate":1,"minecraft:gunpowder":3,"minecraft:chainmail_boots":1,"minecraft:leather_leggings":2,"minecraft:arrow":17,"minecraft:red_nether_bricks":5,"minecraft:iron_bars":1,"minecraft:beef":2,"croptopia:persimmon":3,"minecraft:bread":46,"minecraft:birch_leaves":4,"minecraft:wheat_seeds":4,"minecraft:mossy_cobblestone":2,"weaponmaster:tutorialbook":1,"minecraft:feather":1,"minecraft:cobblestone":24,"minecraft:apple":11,"minecraft:granite":3,"croptopia:grape":1,"minecraft:coal":9,"alexsmobs:raw_catfish":6,"bossominium:the_bossdexium":1,"minecraft:stick":1,"minecraft:sculk":10,"croptopia:grape_seed":2,"minecraft:torch":1,"minecraft:wooden_axe":2,"grimoireofgaia:taproot":2,"minecraft:potion":1,"minecraft:oak_stairs":1,"minecraft:string":4,"minecraft:lily_pad":1,"minecraft:gray_carpet":5,"minecraft:polished_deepslate":4,"minecraft:furnace":1,"alexsmobs:crocodile_scute":1,"minecraft:soul_soil":1,"minecraft:iron_boots":1,"weaponmaster:wm_broadswordlarge":1,"grimoireofgaia:soulfire":2,"minecraft:filled_map":1,"minecraft:mud_bricks":12,"minecraft:spruce_planks":1,"minecraft:iron_chestplate":2,"minecraft:oak_sapling":15,"minecraft:spider_eye":1,"croptopia:tomatillo_seed":1,"minecraft:slime_ball":2,"minecraft:rabbit_stew":1,"minecraft:stone_pickaxe":2,"minecraft:wooden_pickaxe":1,"minecraft:calcite":13},"minecraft:broken":{"minecraft:iron_shovel":1,"minecraft:stone_axe":1,"minecraft:iron_sword":1}},"DataVersion":3465}