{"stats":{"minecraft:mined":{"minecraft:smoker":2,"minecraft:smooth_sandstone":3,"minecraft:crafting_table":8,"minecraft:granite":1,"minecraft:smooth_red_sandstone_stairs":2,"minecraft:decorated_pot":4,"minecraft:dead_bush":7,"minecraft:cobblestone":14,"minecraft:sugar_cane":13,"minecraft:sandstone":4,"minecraft:hay_block":48,"minecraft:blue_terracotta":4,"minecraft:wheat":3,"atlantis:aquamarine_ore":41,"minecraft:pumpkin":1,"minecraft:oak_log":2,"minecraft:coal_ore":3,"minecraft:iron_bars":15,"croptopia:saguaro_crop":1,"minecraft:sand":4,"minecraft:stripped_jungle_log":4,"minecraft:sandstone_wall":3,"minecraft:smooth_sandstone_stairs":3,"minecraft:stone":33},"minecraft:killed":{"minecraft:husk":3,"minecraft:spider":1,"minecraft:skeleton":2,"minecraft:pillager":12,"minecraft:zombie":1},"minecraft:picked_up":{"minecraft:smooth_red_sandstone_stairs":2,"minecraft:crafting_table":8,"minecraft:wheat":3,"minecraft:smoker":2,"minecraft:smooth_sandstone_stairs":5,"minecraft:oak_log":2,"croptopia:saguaro_seed":4,"minecraft:iron_axe":1,"minecraft:smooth_sandstone":3,"alexsmobs:emu_feather":1,"irons_spellbooks:arcane_essence":1,"minecraft:wheat_seeds":11,"minecraft:blade_pottery_sherd":2,"minecraft:sugar_cane":26,"minecraft:stick":4,"minecraft:sandstone":3,"minecraft:sandstone_wall":3,"minecraft:sand":1,"minecraft:arrow":7,"minecraft:dark_oak_planks":1,"minecraft:stripped_jungle_log":4,"minecraft:bundle":1,"croptopia:saguaro":3,"minecraft:blue_terracotta":3,"minecraft:rotten_flesh":4,"minecraft:decorated_pot":2,"minecraft:miner_pottery_sherd":1,"minecraft:hay_block":48,"minecraft:granite":1,"minecraft:emerald":3,"tombstone:magic_scroll":1,"minecraft:plenty_pottery_sherd":1,"minecraft:coal":3,"minecraft:iron_bars":8,"atlantis:aquamarine_gem":42,"minecraft:cobblestone":47,"minecraft:heartbreak_pottery_sherd":2},"minecraft:dropped":{"minecraft:wheat_seeds":12,"minecraft:golden_helmet":1,"alexsmobs:animal_dictionary":1,"atlantis:aquamarine_gem":1,"minecraft:plenty_pottery_sherd":1,"minecraft:rotten_flesh":4,"minecraft:granite":1,"croptopia:saguaro_seed":4,"minecraft:carrot":1,"patchouli:guide_book":1,"bossominium:the_bossdexium":1,"minecraft:flint_and_steel":1,"minecraft:sandstone_wall":3,"minecraft:potato":6,"tombstone:grave_key":1,"minecraft:blade_pottery_sherd":2,"alexsmobs:emu_feather":1,"minecraft:sandstone":2,"irons_spellbooks:arcane_essence":1,"minecraft:miner_pottery_sherd":1,"minecraft:iron_axe":1,"minecraft:smooth_red_sandstone_stairs":2,"minecraft:wooden_pickaxe":1,"minecraft:heartbreak_pottery_sherd":1},"minecraft:used":{"minecraft:blue_terracotta":3,"croptopia:saguaro":3,"minecraft:iron_bars":8,"minecraft:stone_pickaxe":89,"minecraft:decorated_pot":2,"minecraft:wooden_pickaxe":17,"minecraft:sandstone":1,"minecraft:smooth_sandstone_stairs":5,"atlantis:sword_aquamarine":44,"minecraft:sand":1,"minecraft:crafting_table":9,"minecraft:carrot":7,"minecraft:wooden_axe":14,"minecraft:iron_axe":2,"minecraft:bread":22,"minecraft:smooth_sandstone":3,"minecraft:golden_helmet":1,"minecraft:cobblestone":38,"minecraft:hay_block":12,"minecraft:goat_horn":3,"minecraft:golden_pickaxe":27},"minecraft:crafted":{"atlantis:aquamarine_leggings":1,"atlantis:aquamarine_helmet":1,"minecraft:crafting_table":2,"minecraft:wooden_pickaxe":1,"minecraft:bread":113,"minecraft:jungle_planks":16,"minecraft:stick":4,"atlantis:sword_aquamarine":1,"minecraft:stone_pickaxe":1,"minecraft:wooden_axe":1,"atlantis:aquamarine_chestplate":1,"atlantis:aquamarine_boots":1,"minecraft:wheat":324},"minecraft:custom":{"minecraft:mob_kills":20,"tombstone:raider_killed":12,"minecraft:interact_with_crafting_table":15,"minecraft:leave_game":1,"minecraft:time_since_death":17058,"minecraft:sleep_in_bed":1,"minecraft:climb_one_cm":894,"minecraft:time_since_rest":16238,"minecraft:sprint_one_cm":132444,"minecraft:damage_taken":1577,"minecraft:walk_one_cm":122724,"minecraft:drop":27,"minecraft:damage_dealt":4055,"minecraft:swim_one_cm":22199,"minecraft:fly_one_cm":257474,"minecraft:open_chest":12,"minecraft:crouch_one_cm":1508,"minecraft:play_time":54724,"minecraft:deaths":2,"tombstone:undead_killed":6,"minecraft:sneak_time":874,"minecraft:walk_under_water_one_cm":5264,"minecraft:jump":983,"minecraft:walk_on_water_one_cm":5993,"minecraft:interact_with_smoker":1,"minecraft:total_world_time":54724,"minecraft:fall_one_cm":25242}},"DataVersion":3465}