{"stats":{"minecraft:picked_up":{"minecraft:wheat":3,"minecraft:anvil":2,"minecraft:smithing_table":1,"minecraft:stone_slab":1,"alexscaves:trilocaris_tail":3,"minecraft:brewing_stand":1,"minecraft:string":14,"minecraft:cooked_salmon":5,"irons_spellbooks:arcane_essence":1,"alexsmobs:emu_feather":1,"minecraft:gold_nugget":3,"minecraft:cobbled_deepslate":138,"dynamictrees:oak_seed":17,"minecraft:melon_slice":4,"minecraft:coal_block":7,"irons_spellbooks:inscription_table":1,"minecraft:furnace":1,"alexscaves:flytrap":2,"minecraft:stick":53,"minecraft:oak_fence":2,"minecraft:torch":3,"minecraft:green_bed":1,"alexscaves:heavy_bone":8,"minecraft:sandstone_wall":3,"minecraft:pointed_dripstone":19,"tombstone:grave_dust":14,"minecraft:golden_chestplate":1,"alexsmobs:centipede_leg":1,"minecraft:rotten_flesh":13,"grimoireofgaia:stone_coal":2,"minecraftdungeonsv1:reinforced_iron_sword":2,"alexscaves:archaic_vine":1,"minecraft:obsidian":10,"minecraft:iron_bars":8,"minecraft:cobblestone":117,"minecraft:magma_block":2,"minecraft:feather":16,"minecraftdungeonsv1:mace":1,"minecraft:golden_leggings":1,"minecraft:smoker":4,"paraglider:spirit_orb":12,"minecraft:smooth_sandstone_stairs":5,"minecraft:lapis_lazuli":48,"minecraft:dirt":9,"minecraft:bone":56,"minecraft:bow":3,"minecraft:wheat_seeds":13,"minecraft:raw_gold":1,"minecraft:mossy_stone_bricks":2,"minecraft:moss_block":5,"minecraft:oak_planks":26,"minecraft:cooked_porkchop":5,"alexscaves:amber_curiosity":4,"butchersdelight:cow_hide":3,"minecraft:sand":1,"minecraftdungeonsv1:sickles":2,"minecraft:stripped_spruce_log":9,"minecraft:mossy_cobblestone":1,"minecraft:bundle":3,"minecraft:blue_terracotta":3,"minecraft:diamond":82,"minecraft:deepslate":1,"waystones:waystone":4,"minecraft:miner_pottery_sherd":1,"minecraftdungeonsv1:double_axe":3,"minecraft:granite":1,"minecraft:emerald":303,"minecraft:bread":5,"minecraft:rooted_dirt":1,"minecraft:plenty_pottery_sherd":1,"minecraft:chorus_fruit":6,"atlantis:aquamarine_gem":107,"minecraft:crafting_table":17,"alexscaves:primal_magma":5,"minecraft:chicken":3,"alexsmobs:roadrunner_feather":1,"alexscaves:flood_basalt":5,"minecraftdungeonsv1:illager_rune_8":2,"croptopia:saguaro_seed":4,"minecraft:iron_axe":1,"alexscaves:fiddlehead":3,"alexscaves:dinosaur_chop":1,"minecraft:blackstone":57,"butchersdelight:dead_cow":3,"minecraft:cracked_stone_bricks":3,"minecraft:beef":6,"alexsmobs:elastic_tendon":2,"minecraftdungeonsv1:battlestaff":2,"minecraft:iron_nugget":3,"alexscaves:amber_monolith":2,"minecraft:sugar_cane":48,"minecraft:chest":3,"minecraft:raw_iron":75,"minecraft:sandstone":4,"grimoireofgaia:meat":1,"alexscaves:cycad":3,"minecraft:dark_oak_planks":1,"atlantis:aquamarine_chestplate":1,"minecraft:tnt":5,"minecraftdungeonsv1:blank_rune":1,"minecraft:arrow":121,"butchersdelight:deadsheep":3,"minecraft:cooked_cod":7,"minecraft:decorated_pot":2,"minecraft:hay_block":48,"alexscaves:spelunkery_table":1,"minecraft:black_banner":1,"minecraft:gold_ingot":2,"paraglider:horned_statue":3,"minecraft:mutton":8,"minecraft:skeleton_skull":1,"minecraft:heartbreak_pottery_sherd":2,"minecraftdungeonsv1:guantlet":2,"minecraft:smooth_red_sandstone_stairs":2,"mowziesmobs:umvuthana_mask_fury":1,"alexscaves:pewen_log":14,"minecraftdungeonsv1:cutlass":1,"minecraft:glow_ink_sac":7,"minecraftdungeonsv1:reinforced_iron_axe":4,"minecraft:red_mushroom":3,"minecraft:filled_map":1,"minecraft:packed_mud":3,"minecraftdungeonsv1:anchor":2,"minecraft:oak_log":42,"minecraft:golden_boots":1,"minecraft:gunpowder":1,"alexscaves:pewen_planks":9,"alexscaves:ambersol":2,"alexscaves:amber":51,"minecraft:cooked_mutton":1,"alexscaves:pewen_sapling":3,"minecraft:smooth_sandstone":3,"minecraft:apple":2,"travelersbackpack:cow":1,"minecraft:stone_bricks":2,"alexscaves:cooked_dinosaur_chop":3,"minecraft:spore_blossom":1,"minecraft:blade_pottery_sherd":2,"alexscaves:curly_fern":10,"minecraft:book":21,"minecraft:smooth_basalt":3,"minecraft:dripstone_block":19,"minecraft:gravel":3,"alexscaves:tree_star":5,"minecraftdungeonsv1:dagger":3,"minecraft:stripped_jungle_log":4,"butchersdelight:sheephide":3,"croptopia:saguaro":3,"alexscaves:smooth_limestone_stairs":2,"evilcraft:dark_gem":64,"alexscaves:pine_nuts":7,"dynamictrees:cherry_seed":1,"minecraftdungeonsv1:great_hammer":2,"minecraft:mossy_cobblestone_stairs":2,"grimoireofgaia:rotten_heart":1,"alexscaves:cave_map":2,"tombstone:magic_scroll":3,"minecraft:damaged_anvil":1,"minecraft:coal":175,"minecraft:ender_pearl":1},"minecraft:killed":{"minecraft:cave_spider":5,"minecraft:spider":6,"alexsmobs:murmur":1,"minecraftdungeonsv1:piggy_bank":35,"minecraft:skeleton":56,"alexsmobs:centipede_head":1,"grimoireofgaia:flesh_lich":1,"grimoireofgaia:bone_knight":5,"minecraft:creeper":3,"minecraft:pillager":13,"minecraft:zombie":24,"alexscaves:trilocaris":7,"alexsmobs:roadrunner":1,"mowziesmobs:umvuthana_raptor":1,"alexscaves:vallumraptor":17,"grimoireofgaia:shaman":1,"alexscaves:tremorsaurus":1,"grimoireofgaia:creep":1,"alexsmobs:underminer":1,"alexscaves:relicheirus":1,"mowziesmobs:grottol":3,"minecraft:husk":5,"mowziesmobs:umvuthana_follower_raptor":4,"endermanoverhaul:cave_enderman":1,"grimoireofgaia:arachne":1,"grimoireofgaia:werecat":4},"minecraft:mined":{"minecraft:dark_oak_planks":1,"minecraft:brewing_stand":1,"minecraft:obsidian":10,"minecraft:spruce_trapdoor":1,"minecraft:granite":1,"minecraft:smooth_red_sandstone_stairs":2,"minecraft:grass_block":2,"alexscaves:pewen_branch":50,"minecraft:coal_block":7,"minecraft:spawner":6,"minecraft:magma_block":2,"minecraft:mossy_cobblestone_stairs":2,"minecraft:iron_ore":26,"minecraft:barrel":1,"minecraft:cobbled_deepslate":12,"minecraft:fire":12,"minecraft:pumpkin":1,"minecraft:anvil":2,"minecraft:deepslate_lapis_ore":8,"alexscaves:smooth_limestone_stairs":1,"alexscaves:amber_monolith":2,"alexscaves:fiddlehead":4,"minecraft:pointed_dripstone":2,"minecraft:iron_bars":15,"alexscaves:ambersol":2,"minecraft:smooth_sandstone_stairs":3,"minecraft:green_bed":1,"alexscaves:pewen_planks":10,"alexscaves:amber":56,"minecraft:blackstone":48,"minecraft:smoker":2,"minecraft:torch":1,"alexscaves:ancient_leaves":12,"minecraft:chest":3,"minecraft:dead_bush":8,"minecraft:spruce_wall_sign":1,"minecraft:cobblestone":23,"minecraft:damaged_anvil":1,"minecraft:oak_planks":23,"minecraft:sugar_cane":13,"minecraft:skeleton_skull":1,"minecraft:blue_terracotta":4,"evilcraft:dark_ore_deepslate":14,"paraglider:horned_statue":4,"minecraft:wheat":3,"atlantis:aquamarine_ore":65,"minecraft:grass":4,"minecraft:oak_log":13,"minecraft:dirt":5,"minecraft:sand":4,"minecraft:sandstone_wall":3,"minecraft:smooth_basalt":3,"minecraft:deepslate":144,"minecraft:suspicious_gravel":1,"alexscaves:flood_basalt":5,"alexscaves:spelunkery_table":1,"minecraft:tuff":2,"alexscaves:primal_magma":15,"minecraft:mossy_cobblestone":1,"minecraft:deepslate_diamond_ore":75,"butchersdelight:deadsheepblock":1,"minecraft:decorated_pot":5,"alexscaves:pewen_log":15,"minecraft:rooted_dirt":1,"minecraft:moss_block":10,"minecraft:red_mushroom":1,"minecraft:sandstone":5,"minecraft:large_fern":10,"minecraft:hay_block":48,"minecraft:spore_blossom":1,"alexscaves:archaic_vine_plant":1,"alexscaves:subterranodon_egg":2,"minecraft:packed_mud":3,"minecraft:furnace":1,"minecraft:stripped_spruce_log":9,"minecraft:bookshelf":7,"minecraft:deepslate_iron_ore":18,"minecraft:vine":1,"minecraft:rail":2,"minecraft:stripped_oak_log":1,"minecraft:stripped_jungle_log":4,"alexscaves:curly_fern":17,"irons_spellbooks:inscription_table":1,"minecraft:stone":93,"minecraft:smithing_table":1,"minecraft:smooth_sandstone":3,"minecraft:crafting_table":17,"alexscaves:flytrap":2,"alexscaves:tree_star":3,"minecraft:stone_slab":1,"minecraft:deepslate_coal_ore":15,"minecraft:deepslate_gold_ore":1,"minecraft:black_wall_banner":1,"minecraft:coal_ore":102,"alexscaves:cycad":3,"croptopia:saguaro_crop":1,"minecraft:gravel":2,"minecraft:dripstone_block":3,"minecraft:cobweb":6,"minecraft:cracked_stone_bricks":5,"minecraft:stone_bricks":4,"minecraft:mossy_stone_bricks":3,"minecraft:fern":5},"minecraft:used":{"irons_spellbooks:inscription_table":2,"minecraft:moss_block":1,"minecraft:blue_terracotta":3,"minecraft:decorated_pot":2,"minecraft:chest":7,"minecraft:shield":34,"minecraftdungeonsv1:mace":114,"minecraft:smooth_sandstone_stairs":5,"minecraft:carrot":7,"newshieldvariants:diamond_shield":116,"minecraft:obsidian":10,"minecraft:packed_mud":2,"minecraft:hay_block":12,"minecraft:furnace":2,"minecraft:cooked_cod":5,"grimoireofgaia:meat":1,"minecraft:skeleton_skull":1,"minecraft:damaged_anvil":1,"minecraft:oak_planks":25,"minecraft:stone_pickaxe":243,"minecraft:blackstone":44,"minecraft:wooden_pickaxe":17,"minecraft:sandstone":1,"minecraft:sugar_cane":5,"minecraft:diamond_axe":116,"minecraft:golden_apple":2,"minecraft:sand":1,"waystones:waystone":4,"minecraft:bread":145,"tombstone:grave_key":1,"minecraft:golden_helmet":1,"minecraft:diamond_sword":118,"minecraft:grindstone":1,"minecraft:smithing_table":1,"minecraft:golden_pickaxe":27,"minecraft:experience_bottle":1,"minecraft:iron_bars":8,"minecraft:enchanting_table":1,"minecraft:flint_and_steel":1,"morebowsandarrows:diamond_bow":168,"minecraft:cooked_salmon":3,"minecraft:wooden_shovel":1,"dynamictrees:oak_seed":7,"travelersbackpack:bat":1,"minecraft:brewing_stand":1,"minecraft:torch":16,"minecraft:dirt":8,"minecraft:anvil":3,"minecraftdungeonsv1:anchor":1,"paraglider:horned_statue":3,"minecraft:wooden_axe":17,"minecraft:bookshelf":22,"alexscaves:smooth_limestone_stairs":1,"minecraft:iron_axe":2,"minecraft:rooted_dirt":1,"minecraft:smooth_sandstone":3,"evilcraft:box_of_eternal_closure":1,"alexscaves:spelunkery_table":1,"minecraft:goat_horn":5,"tombstone:gift":3,"minecraft:cobbled_deepslate":40,"minecraft:cooked_mutton":3,"minecraft:water_bucket":31,"croptopia:saguaro":3,"atlantis:sword_aquamarine":255,"alexscaves:primitive_club":14,"alexscaves:curly_fern":1,"minecraft:crafting_table":22,"alexscaves:pewen_planks":46,"minecraft:diamond_pickaxe":579,"minecraft:stone_slab":6,"minecraft:stone_axe":37,"minecraft:cobblestone":94,"minecraft:bucket":32,"minecraft:cooked_porkchop":3},"minecraft:broken":{"minecraft:stone_pickaxe":1,"minecraft:shield":1},"minecraft:dropped":{"minecraftdungeonsv1:dagger":1,"minecraft:moss_block":4,"minecraft:lapis_lazuli":6,"minecraft:oak_log":1,"minecraft:glow_ink_sac":7,"minecraft:golden_pickaxe":2,"alexscaves:curly_fern":9,"minecraft:cooked_porkchop":1,"alexscaves:flytrap":2,"minecraft:crossbow":1,"minecraft:glow_berries":26,"minecraftdungeonsv1:reinforced_iron_sword":1,"minecraft:red_mushroom":3,"minecraft:emerald":4,"minecraft:packed_mud":1,"alexsmobs:roadrunner_feather":1,"alexscaves:primal_magma":5,"irons_spellbooks:arcane_essence":14,"alexsmobs:emu_feather":1,"minecraft:gold_nugget":3,"alexscaves:cave_map":1,"minecraft:pumpkin_pie":3,"minecraft:dark_oak_planks":1,"alexscaves:cycad":1,"minecraft:gold_ingot":2,"minecraft:bone":30,"minecraft:gravel":3,"minecraft:stone_axe":1,"minecraft:blackstone":13,"minecraft:goat_horn":2,"dynamictrees:oak_seed":10,"minecraft:iron_nugget":2,"minecraft:golden_chestplate":1,"minecraft:cobbled_deepslate":3,"alexscaves:pewen_sapling":3,"alexsmobs:animal_dictionary":1,"atlantis:aquamarine_gem":43,"minecraft:wheat":1,"tombstone:gift":1,"minecraft:pointed_dripstone":16,"minecraft:rotten_flesh":10,"minecraft:oak_planks":2,"croptopia:saguaro_seed":4,"minecraft:cooked_mutton":1,"minecraft:carrot":1,"patchouli:guide_book":1,"minecraft:sandstone_wall":3,"minecraft:gunpowder":1,"minecraft:blade_pottery_sherd":2,"minecraft:arrow":24,"minecraft:smooth_red_sandstone_stairs":2,"minecraft:enchanted_book":1,"minecraftdungeonsv1:sickles":1,"minecraft:golden_boots":1,"travelersbackpack:cow":1,"minecraft:wheat_seeds":14,"minecraft:golden_helmet":2,"minecraft:mossy_cobblestone":1,"minecraft:dripstone_block":19,"minecraft:plenty_pottery_sherd":1,"minecraft:feather":9,"minecraft:oak_fence":2,"minecraft:cobblestone":6,"minecraft:lead":1,"minecraft:granite":1,"minecraft:golden_apple":6,"bossominium:the_bossdexium":1,"minecraft:stick":4,"minecraft:torch":23,"tombstone:grave_key":1,"minecraft:wooden_axe":1,"alexscaves:smooth_limestone_stairs":1,"tombstone:grave_dust":15,"minecraftdungeonsv1:reinforced_iron_axe":1,"minecraft:iron_axe":1,"minecraft:mossy_cobblestone_stairs":2,"minecraft:paper":106,"minecraft:string":8,"minecraft:smooth_basalt":3,"minecraft:redstone":3,"minecraft:deepslate":1,"minecraft:green_bed":1,"alexscaves:cave_codex":2,"minecraft:smoker":2,"evilcraft:origins_of_darkness":1,"minecraft:flint_and_steel":1,"minecraft:potato":6,"minecraft:stone":43,"alexscaves:flood_basalt":5,"minecraft:mossy_stone_bricks":1,"minecraft:golden_leggings":1,"minecraft:wooden_shovel":1,"minecraft:miner_pottery_sherd":1,"minecraft:stone_bricks":1,"minecraft:sandstone":3,"minecraft:bow":2,"minecraft:stone_pickaxe":1,"minecraft:wooden_pickaxe":1,"waystones:waystone":1,"minecraft:magma_block":2,"minecraft:heartbreak_pottery_sherd":2},"minecraft:custom":{"minecraft:interact_with_crafting_table":63,"minecraft:open_barrel":34,"minecraft:leave_game":8,"minecraft:time_since_death":218712,"minecraft:sprint_one_cm":770092,"minecraft:damage_blocked_by_shield":6405,"minecraft:drop":172,"minecraft:play_time":316677,"minecraft:deaths":3,"minecraft:jump":4489,"minecraft:walk_on_water_one_cm":91913,"minecraft:enchant_item":8,"minecraft:interact_with_furnace":33,"minecraft:interact_with_loom":4,"minecraft:sleep_in_bed":1,"minecraft:waystone_activated":7,"tombstone:sneak_grave":1,"minecraft:damage_dealt":32066,"minecraft:crouch_one_cm":17856,"tombstone:undead_killed":92,"minecraft:interact_with_smoker":1,"minecraft:interact_with_smithing_table":4,"minecraft:interact_with_anvil":5,"minecraft:mob_kills":217,"minecraft:interact_with_campfire":1,"minecraft:damage_dealt_resisted":30,"minecraft:climb_one_cm":8838,"minecraft:walk_one_cm":738786,"minecraft:sneak_time":8740,"minecraft:walk_under_water_one_cm":40465,"minecraft:interact_with_blast_furnace":1,"minecraft:total_world_time":316677,"tombstone:raider_killed":13,"minecraft:interact_with_grindstone":4,"minecraft:time_since_rest":218659,"minecraft:damage_absorbed":40,"minecraft:damage_taken":8961,"minecraft:swim_one_cm":87996,"minecraft:fly_one_cm":1264585,"minecraft:open_chest":210,"minecraft:fall_one_cm":115491},"minecraft:crafted":{"minecraft:grindstone":1,"newshieldvariants:diamond_shield":1,"minecraft:oak_planks":180,"minecraft:stone":55,"alexscaves:pewen_planks":56,"minecraft:bookshelf":21,"travelersbackpack:bat":3,"minecraft:cooked_mutton":17,"minecraft:diamond_helmet":1,"minecraft:diamond_leggings":1,"alexscaves:serene_salad":5,"minecraft:chest":4,"atlantis:aquamarine_chestplate":1,"minecraft:wooden_shovel":1,"atlantis:aquamarine_helmet":1,"minecraft:diamond_axe":1,"minecraft:crafting_table":6,"minecraft:spruce_planks":36,"minecraft:wooden_pickaxe":1,"butchersdelight:cleaver":1,"minecraft:paper":21,"minecraft:shield":2,"minecraft:stick":24,"minecraft:stone_slab":6,"minecraft:iron_ingot":37,"atlantis:sword_aquamarine":1,"atlantis:aquamarine_boots":1,"minecraft:iron_nugget":9,"minecraft:furnace":2,"minecraft:stone_pickaxe":2,"minecraft:diamond_boots":1,"minecraft:wheat":324,"minecraft:coal_block":14,"paraglider:paraglider":1,"minecraft:diamond_sword":1,"atlantis:aquamarine_leggings":1,"minecraft:enchanting_table":1,"minecraft:bowl":8,"minecraft:bucket":1,"minecraft:stone_axe":1,"minecraft:bread":113,"minecraft:air":0,"minecraft:jungle_planks":16,"minecraft:wooden_axe":1,"minecraft:torch":36,"minecraft:diamond_chestplate":1}},"DataVersion":3465}