{"stats":{"minecraft:used":{"minecraft:moss_block":1,"minecraft:blue_terracotta":3,"minecraft:iron_bars":8,"minecraft:decorated_pot":2,"minecraft:shield":3,"travelersbackpack:bat":1,"minecraft:smooth_sandstone_stairs":5,"minecraft:torch":15,"minecraft:dirt":2,"minecraft:carrot":7,"minecraft:wooden_axe":17,"minecraft:iron_axe":2,"minecraft:rooted_dirt":1,"minecraft:smooth_sandstone":3,"minecraft:hay_block":12,"minecraft:furnace":1,"minecraft:goat_horn":5,"tombstone:gift":2,"croptopia:saguaro":3,"minecraft:stone_pickaxe":243,"minecraft:sandstone":1,"minecraft:wooden_pickaxe":17,"atlantis:sword_aquamarine":105,"minecraft:sand":1,"minecraft:crafting_table":12,"minecraft:diamond_pickaxe":8,"minecraft:bread":34,"minecraft:golden_helmet":1,"minecraft:stone_axe":14,"minecraft:cobblestone":58,"minecraft:golden_pickaxe":27,"minecraft:experience_bottle":1},"minecraft:mined":{"minecraft:dark_oak_planks":1,"minecraft:deepslate_diamond_ore":5,"minecraft:spruce_trapdoor":1,"minecraft:granite":1,"minecraft:smooth_red_sandstone_stairs":2,"minecraft:decorated_pot":5,"minecraft:moss_block":1,"minecraft:red_mushroom":1,"minecraft:rooted_dirt":1,"minecraft:sandstone":4,"minecraft:spawner":1,"minecraft:large_fern":1,"minecraft:spore_blossom":1,"minecraft:hay_block":48,"minecraft:iron_ore":19,"minecraft:barrel":1,"minecraft:stripped_spruce_log":9,"minecraft:pumpkin":1,"minecraft:deepslate_iron_ore":3,"minecraft:iron_bars":15,"minecraft:stripped_jungle_log":4,"minecraft:smooth_sandstone_stairs":3,"minecraft:stone":72,"minecraft:green_bed":1,"minecraft:smithing_table":1,"minecraft:smoker":2,"minecraft:smooth_sandstone":3,"minecraft:crafting_table":10,"minecraft:dead_bush":7,"minecraft:spruce_wall_sign":1,"minecraft:cobblestone":15,"minecraft:damaged_anvil":1,"minecraft:sugar_cane":13,"minecraft:blue_terracotta":4,"minecraft:wheat":3,"minecraft:black_wall_banner":1,"atlantis:aquamarine_ore":64,"minecraft:oak_log":3,"minecraft:coal_ore":68,"croptopia:saguaro_crop":1,"minecraft:sand":4,"minecraft:sandstone_wall":3},"minecraft:crafted":{"minecraft:oak_planks":12,"minecraft:furnace":1,"minecraft:stone_pickaxe":2,"atlantis:aquamarine_chestplate":1,"minecraft:wheat":324,"atlantis:aquamarine_leggings":1,"atlantis:aquamarine_helmet":1,"minecraft:crafting_table":2,"minecraft:spruce_planks":36,"minecraft:wooden_pickaxe":1,"minecraft:stone_axe":1,"minecraft:bread":113,"minecraft:jungle_planks":16,"minecraft:shield":2,"minecraft:stick":16,"atlantis:sword_aquamarine":1,"minecraft:wooden_axe":1,"atlantis:aquamarine_boots":1,"minecraft:torch":36},"minecraft:broken":{"minecraft:stone_pickaxe":1},"minecraft:killed":{"minecraft:spider":3,"minecraft:skeleton":4,"minecraft:husk":5,"grimoireofgaia:bone_knight":1,"minecraft:pillager":13,"minecraft:zombie":12,"alexsmobs:roadrunner":1},"minecraft:dropped":{"minecraft:golden_boots":1,"minecraft:wheat_seeds":12,"minecraft:golden_helmet":2,"minecraft:golden_pickaxe":1,"minecraft:plenty_pottery_sherd":1,"minecraft:feather":2,"minecraft:cobblestone":6,"minecraft:glow_berries":3,"minecraft:granite":1,"bossominium:the_bossdexium":1,"minecraft:red_mushroom":1,"alexsmobs:roadrunner_feather":1,"tombstone:grave_key":1,"minecraft:wooden_axe":1,"irons_spellbooks:arcane_essence":1,"alexsmobs:emu_feather":1,"minecraft:iron_axe":1,"minecraft:string":2,"minecraft:gold_ingot":2,"minecraft:goat_horn":1,"minecraft:golden_chestplate":1,"alexsmobs:animal_dictionary":1,"atlantis:aquamarine_gem":1,"minecraft:wheat":1,"minecraft:rotten_flesh":4,"croptopia:saguaro_seed":4,"evilcraft:origins_of_darkness":1,"minecraft:carrot":1,"patchouli:guide_book":1,"minecraft:flint_and_steel":1,"minecraft:sandstone_wall":3,"minecraft:potato":6,"minecraft:blade_pottery_sherd":2,"minecraft:miner_pottery_sherd":1,"minecraft:sandstone":2,"minecraft:arrow":9,"minecraft:smooth_red_sandstone_stairs":2,"minecraft:wooden_pickaxe":1,"minecraft:heartbreak_pottery_sherd":2},"minecraft:custom":{"minecraft:mob_kills":40,"minecraft:interact_with_crafting_table":20,"minecraft:open_barrel":20,"minecraft:leave_game":5,"minecraft:time_since_death":50017,"minecraft:climb_one_cm":1186,"minecraft:sprint_one_cm":186731,"minecraft:walk_one_cm":201300,"minecraft:damage_blocked_by_shield":360,"minecraft:drop":45,"minecraft:play_time":87683,"minecraft:deaths":2,"minecraft:sneak_time":2748,"minecraft:walk_under_water_one_cm":18140,"minecraft:jump":1544,"minecraft:walk_on_water_one_cm":27357,"minecraft:total_world_time":87683,"minecraft:interact_with_furnace":2,"tombstone:raider_killed":13,"minecraft:sleep_in_bed":1,"minecraft:time_since_rest":49197,"minecraft:waystone_activated":1,"minecraft:damage_taken":2077,"minecraft:damage_dealt":7870,"minecraft:swim_one_cm":73042,"minecraft:fly_one_cm":414880,"minecraft:open_chest":15,"minecraft:crouch_one_cm":6129,"tombstone:undead_killed":22,"minecraft:interact_with_smoker":1,"minecraft:fall_one_cm":38467},"minecraft:picked_up":{"minecraft:crafting_table":10,"minecraft:wheat":3,"minecraft:smithing_table":1,"alexsmobs:roadrunner_feather":1,"croptopia:saguaro_seed":4,"minecraft:string":8,"minecraft:iron_axe":1,"irons_spellbooks:arcane_essence":1,"alexsmobs:emu_feather":1,"minecraft:sugar_cane":26,"minecraft:stick":4,"minecraft:raw_iron":22,"minecraft:sandstone":3,"minecraft:green_bed":1,"minecraft:torch":2,"minecraft:sandstone_wall":3,"tombstone:grave_dust":4,"minecraft:golden_chestplate":1,"minecraft:dark_oak_planks":1,"minecraft:arrow":7,"minecraft:rotten_flesh":9,"minecraft:decorated_pot":2,"minecraft:hay_block":48,"minecraft:gold_ingot":2,"minecraft:black_banner":1,"minecraft:iron_bars":8,"minecraft:cobblestone":93,"minecraft:heartbreak_pottery_sherd":2,"minecraft:smooth_red_sandstone_stairs":2,"minecraft:feather":2,"minecraft:red_mushroom":2,"minecraft:smoker":2,"paraglider:spirit_orb":2,"minecraft:smooth_sandstone_stairs":5,"minecraft:oak_log":3,"minecraft:golden_boots":1,"minecraft:dirt":2,"minecraft:smooth_sandstone":3,"minecraft:bone":3,"minecraft:wheat_seeds":11,"minecraft:spore_blossom":1,"minecraft:blade_pottery_sherd":2,"minecraft:moss_block":1,"minecraft:oak_planks":4,"minecraft:sand":1,"minecraft:stripped_spruce_log":9,"minecraft:bundle":1,"minecraft:stripped_jungle_log":4,"croptopia:saguaro":3,"minecraft:blue_terracotta":3,"minecraft:diamond":5,"minecraft:miner_pottery_sherd":1,"minecraft:granite":1,"minecraft:emerald":3,"minecraft:rooted_dirt":1,"minecraft:plenty_pottery_sherd":1,"tombstone:magic_scroll":1,"minecraft:damaged_anvil":1,"minecraft:coal":82,"atlantis:aquamarine_gem":65}},"DataVersion":3465}