{"stats":{"minecraft:picked_up":{"minecraft:crafting_table":11,"minecraft:wheat":3,"minecraft:smithing_table":1,"alexsmobs:roadrunner_feather":1,"croptopia:saguaro_seed":4,"minecraft:string":13,"minecraft:iron_axe":1,"minecraft:blackstone":57,"minecraft:cracked_stone_bricks":3,"irons_spellbooks:arcane_essence":1,"alexsmobs:emu_feather":1,"minecraft:gold_nugget":2,"minecraft:cobbled_deepslate":138,"alexsmobs:elastic_tendon":2,"minecraft:iron_nugget":1,"minecraft:sugar_cane":26,"minecraft:furnace":1,"minecraft:stick":4,"minecraft:raw_iron":60,"minecraft:sandstone":3,"minecraft:green_bed":1,"minecraft:torch":2,"minecraft:sandstone_wall":3,"minecraft:pointed_dripstone":19,"tombstone:grave_dust":4,"minecraft:golden_chestplate":1,"minecraft:dark_oak_planks":1,"minecraft:rotten_flesh":11,"minecraft:arrow":18,"minecraft:decorated_pot":2,"minecraft:hay_block":48,"alexscaves:spelunkery_table":1,"minecraft:black_banner":1,"minecraft:gold_ingot":2,"minecraft:obsidian":9,"minecraft:iron_bars":8,"minecraft:cobblestone":94,"minecraft:heartbreak_pottery_sherd":2,"minecraft:smooth_red_sandstone_stairs":2,"minecraft:magma_block":2,"minecraft:feather":2,"minecraft:glow_ink_sac":7,"minecraft:golden_leggings":1,"minecraft:smoker":2,"minecraft:red_mushroom":3,"paraglider:spirit_orb":4,"minecraft:smooth_sandstone_stairs":5,"minecraft:oak_log":13,"minecraft:golden_boots":1,"minecraft:gunpowder":1,"minecraft:lapis_lazuli":48,"minecraft:dirt":2,"minecraft:smooth_sandstone":3,"minecraft:bone":9,"minecraft:wheat_seeds":11,"minecraft:raw_gold":1,"minecraft:spore_blossom":1,"minecraft:blade_pottery_sherd":2,"minecraft:moss_block":4,"minecraft:oak_planks":10,"minecraft:book":3,"minecraft:smooth_basalt":3,"minecraft:gravel":3,"minecraft:dripstone_block":19,"minecraft:sand":1,"minecraft:stripped_spruce_log":9,"minecraft:bundle":1,"minecraft:stripped_jungle_log":4,"croptopia:saguaro":3,"minecraft:blue_terracotta":3,"minecraft:deepslate":1,"minecraft:diamond":67,"minecraft:miner_pottery_sherd":1,"evilcraft:dark_gem":64,"minecraft:granite":1,"minecraft:emerald":3,"minecraft:plenty_pottery_sherd":1,"minecraft:rooted_dirt":1,"tombstone:magic_scroll":1,"minecraft:damaged_anvil":1,"minecraft:coal":100,"atlantis:aquamarine_gem":65,"minecraft:ender_pearl":1},"minecraft:killed":{"minecraft:cave_spider":5,"minecraft:spider":4,"alexsmobs:murmur":1,"minecraft:skeleton":9,"grimoireofgaia:creep":1,"grimoireofgaia:flesh_lich":1,"minecraft:husk":5,"grimoireofgaia:bone_knight":5,"minecraft:creeper":2,"minecraft:pillager":13,"endermanoverhaul:cave_enderman":1,"minecraft:zombie":21,"alexsmobs:roadrunner":1},"minecraft:used":{"minecraft:moss_block":1,"minecraft:blue_terracotta":3,"minecraft:iron_bars":8,"minecraft:decorated_pot":2,"minecraft:shield":34,"minecraft:smooth_sandstone_stairs":5,"travelersbackpack:bat":1,"minecraft:torch":15,"minecraft:dirt":2,"minecraft:carrot":7,"newshieldvariants:diamond_shield":24,"minecraft:wooden_axe":17,"minecraft:iron_axe":2,"minecraft:rooted_dirt":1,"minecraft:smooth_sandstone":3,"minecraft:hay_block":12,"minecraft:goat_horn":5,"minecraft:furnace":2,"tombstone:gift":3,"minecraft:cobbled_deepslate":40,"minecraft:water_bucket":8,"croptopia:saguaro":3,"minecraft:stone_pickaxe":243,"minecraft:blackstone":38,"minecraft:sandstone":1,"minecraft:wooden_pickaxe":17,"atlantis:sword_aquamarine":244,"minecraft:sand":1,"minecraft:crafting_table":14,"minecraft:diamond_pickaxe":363,"minecraft:bread":68,"tombstone:grave_key":1,"minecraft:golden_helmet":1,"minecraft:stone_axe":34,"minecraft:cobblestone":71,"minecraft:bucket":9,"minecraft:golden_pickaxe":27,"minecraft:experience_bottle":1},"minecraft:mined":{"minecraft:dark_oak_planks":1,"alexscaves:spelunkery_table":1,"minecraft:tuff":1,"minecraft:deepslate_diamond_ore":69,"minecraft:obsidian":9,"minecraft:spruce_trapdoor":1,"minecraft:granite":1,"minecraft:smooth_red_sandstone_stairs":2,"minecraft:decorated_pot":5,"minecraft:moss_block":9,"minecraft:red_mushroom":1,"minecraft:sandstone":4,"minecraft:rooted_dirt":1,"minecraft:spawner":2,"minecraft:large_fern":2,"minecraft:hay_block":48,"minecraft:spore_blossom":1,"minecraft:magma_block":2,"minecraft:furnace":1,"minecraft:cobbled_deepslate":12,"minecraft:fire":12,"minecraft:iron_ore":19,"minecraft:barrel":1,"minecraft:stripped_spruce_log":9,"minecraft:pumpkin":1,"minecraft:deepslate_lapis_ore":8,"minecraft:pointed_dripstone":2,"minecraft:bookshelf":1,"minecraft:vine":1,"minecraft:deepslate_iron_ore":18,"minecraft:rail":2,"minecraft:iron_bars":15,"minecraft:stripped_oak_log":1,"minecraft:stripped_jungle_log":4,"minecraft:smooth_sandstone_stairs":3,"minecraft:stone":72,"minecraft:green_bed":1,"minecraft:smithing_table":1,"minecraft:blackstone":48,"minecraft:smoker":2,"minecraft:smooth_sandstone":3,"minecraft:crafting_table":11,"minecraft:dead_bush":8,"minecraft:spruce_wall_sign":1,"minecraft:cobblestone":20,"minecraft:deepslate_coal_ore":15,"minecraft:deepslate_gold_ore":1,"minecraft:oak_planks":6,"minecraft:sugar_cane":13,"minecraft:damaged_anvil":1,"minecraft:blue_terracotta":4,"evilcraft:dark_ore_deepslate":14,"minecraft:wheat":3,"minecraft:black_wall_banner":1,"atlantis:aquamarine_ore":64,"minecraft:oak_log":13,"minecraft:coal_ore":68,"minecraft:gravel":2,"croptopia:saguaro_crop":1,"minecraft:dripstone_block":2,"minecraft:sand":4,"minecraft:cracked_stone_bricks":4,"minecraft:sandstone_wall":3,"minecraft:cobweb":6,"minecraft:smooth_basalt":3,"minecraft:stone_bricks":1,"minecraft:mossy_stone_bricks":1,"minecraft:deepslate":139},"minecraft:broken":{"minecraft:stone_pickaxe":1,"minecraft:shield":1},"minecraft:dropped":{"minecraft:enchanted_book":1,"minecraft:golden_boots":1,"minecraft:moss_block":3,"minecraft:wheat_seeds":12,"minecraft:golden_helmet":2,"minecraft:glow_ink_sac":7,"minecraft:golden_pickaxe":2,"minecraft:dripstone_block":19,"minecraft:crossbow":1,"minecraft:plenty_pottery_sherd":1,"minecraft:feather":2,"minecraft:cobblestone":6,"minecraft:glow_berries":26,"minecraft:granite":1,"bossominium:the_bossdexium":1,"minecraft:red_mushroom":3,"alexsmobs:roadrunner_feather":1,"minecraft:torch":23,"tombstone:grave_key":1,"minecraft:wooden_axe":1,"tombstone:grave_dust":3,"irons_spellbooks:arcane_essence":1,"minecraft:gold_nugget":2,"alexsmobs:emu_feather":1,"minecraft:iron_axe":1,"minecraft:string":7,"minecraft:bone":6,"minecraft:gold_ingot":2,"minecraft:smooth_basalt":3,"minecraft:gravel":2,"minecraft:blackstone":13,"minecraft:goat_horn":1,"minecraft:cobbled_deepslate":3,"minecraft:golden_chestplate":1,"alexsmobs:animal_dictionary":1,"minecraft:green_bed":1,"minecraft:deepslate":1,"atlantis:aquamarine_gem":1,"minecraft:wheat":1,"minecraft:pointed_dripstone":16,"minecraft:rotten_flesh":8,"minecraft:oak_planks":2,"croptopia:saguaro_seed":4,"evilcraft:origins_of_darkness":1,"minecraft:carrot":1,"patchouli:guide_book":1,"minecraft:flint_and_steel":1,"minecraft:sandstone_wall":3,"minecraft:potato":6,"minecraft:gunpowder":1,"minecraft:blade_pottery_sherd":2,"minecraft:golden_leggings":1,"minecraft:miner_pottery_sherd":1,"minecraft:sandstone":2,"minecraft:arrow":20,"minecraft:stone_pickaxe":1,"minecraft:smooth_red_sandstone_stairs":2,"minecraft:wooden_pickaxe":1,"minecraft:magma_block":2,"minecraft:heartbreak_pottery_sherd":2},"minecraft:custom":{"minecraft:mob_kills":71,"minecraft:interact_with_crafting_table":23,"minecraft:open_barrel":22,"minecraft:leave_game":6,"minecraft:time_since_death":41302,"minecraft:climb_one_cm":4066,"minecraft:sprint_one_cm":361472,"minecraft:walk_one_cm":338233,"minecraft:damage_blocked_by_shield":3345,"minecraft:drop":88,"minecraft:play_time":139267,"minecraft:deaths":3,"minecraft:sneak_time":4568,"minecraft:walk_under_water_one_cm":24298,"minecraft:jump":2328,"minecraft:interact_with_blast_furnace":1,"minecraft:walk_on_water_one_cm":66674,"minecraft:total_world_time":139267,"minecraft:interact_with_furnace":11,"tombstone:raider_killed":13,"minecraft:interact_with_loom":4,"minecraft:sleep_in_bed":1,"minecraft:time_since_rest":41249,"minecraft:waystone_activated":1,"minecraft:damage_taken":3837,"tombstone:sneak_grave":1,"minecraft:damage_dealt":16735,"minecraft:swim_one_cm":73693,"minecraft:fly_one_cm":519001,"minecraft:open_chest":18,"minecraft:crouch_one_cm":12915,"tombstone:undead_killed":42,"minecraft:interact_with_smoker":1,"minecraft:fall_one_cm":63242},"minecraft:crafted":{"newshieldvariants:diamond_shield":1,"minecraft:oak_planks":12,"minecraft:furnace":2,"minecraft:stone_pickaxe":2,"atlantis:aquamarine_chestplate":1,"minecraft:wheat":324,"atlantis:aquamarine_leggings":1,"atlantis:aquamarine_helmet":1,"minecraft:crafting_table":3,"minecraft:spruce_planks":36,"minecraft:wooden_pickaxe":1,"minecraft:bucket":1,"minecraft:stone_axe":1,"minecraft:bread":113,"minecraft:air":0,"minecraft:jungle_planks":16,"minecraft:shield":2,"minecraft:stick":16,"minecraft:iron_ingot":14,"atlantis:sword_aquamarine":1,"minecraft:wooden_axe":1,"atlantis:aquamarine_boots":1,"minecraft:torch":36}},"DataVersion":3465}