{"stats":{"minecraft:custom":{"minecraft:interact_with_crafting_table":74,"minecraft:open_barrel":19,"minecraft:eat_cake_slice":4,"minecraft:leave_game":5,"minecraft:time_since_death":294960,"minecraft:damage_resisted":84,"minecraft:sprint_one_cm":1331919,"minecraft:damage_blocked_by_shield":1445,"minecraft:drop":283,"minecraft:play_noteblock":9,"minecraft:talked_to_villager":9,"minecraft:play_time":552335,"minecraft:deaths":4,"minecraft:jump":7880,"minecraft:walk_on_water_one_cm":44065,"minecraft:interact_with_furnace":74,"minecraft:interact_with_cartography_table":1,"minecraft:sleep_in_bed":8,"minecraft:damage_dealt":38852,"minecraft:crouch_one_cm":187795,"tombstone:undead_killed":103,"tombstone:villager_killed":1,"minecraft:inspect_dispenser":1,"minecraft:interact_with_smithing_table":11,"minecraft:interact_with_anvil":4,"minecraft:mob_kills":287,"minecraft:damage_dealt_resisted":123,"minecraft:climb_one_cm":36680,"minecraft:walk_one_cm":1436668,"minecraft:sneak_time":58332,"minecraft:walk_under_water_one_cm":22701,"minecraft:interact_with_lectern":1,"minecraft:interact_with_blast_furnace":6,"minecraft:total_world_time":552335,"tombstone:raider_killed":12,"minecraft:tune_noteblock":12,"minecraft:time_since_rest":60911,"minecraft:damage_taken":11616,"minecraft:damage_absorbed":40,"minecraft:swim_one_cm":87401,"minecraft:fly_one_cm":1323606,"minecraft:open_chest":432,"minecraft:fall_one_cm":210830},"minecraft:broken":{"minecraft:iron_shovel":1,"minecraft:stone_axe":1,"minecraft:iron_sword":1},"minecraft:killed":{"grimoireofgaia:toad":1,"irons_spellbooks:pyromancer":1,"minecraft:spider":11,"grimoireofgaia:minotaurus":2,"grimoireofgaia:sporeling":1,"alexsmobs:froststalker":1,"grimoireofgaia:orc":1,"minecraft:skeleton":39,"grimoireofgaia:mimic":1,"alexsmobs:leafcutter_ant":1,"minecraft:chicken":1,"minecraft:silverfish":1,"grimoireofgaia:gravemite":14,"irons_spellbooks:summoned_skeleton":3,"minecraft:magma_cube":3,"grimoireofgaia:flesh_lich":2,"grimoireofgaia:spriggan":2,"minecraft:piglin":2,"minecraft:pig":6,"alexsmobs:grizzly_bear":2,"grimoireofgaia:bone_knight":1,"irons_spellbooks:necromancer":1,"minecraft:creeper":5,"minecraft:pillager":9,"minecraft:zombie":20,"alexsmobs:terrapin":1,"grimoireofgaia:deathword":1,"grimoireofgaia:harpy":9,"alexsmobs:roadrunner":5,"minecraft:cow":42,"irons_spellbooks:summoned_zombie":4,"alexsmobs:raccoon":1,"minecraft:vindicator":3,"grimoireofgaia:succubus":2,"minecraft:slime":1,"grimoireofgaia:centaur":2,"grimoireofgaia:ender_eye":2,"alexsmobs:blue_jay":1,"alexsmobs:bison":1,"minecraft:drowned":1,"grimoireofgaia:sludge_girl":2,"alexsmobs:rocky_roller":1,"minecraft:husk":31,"grimoireofgaia:gryphon":2,"minecraft:rabbit":3,"grimoireofgaia:cecaelia":4,"alexsmobs:rhinoceros":1,"alexsmobs:emu":2,"grimoireofgaia:mummy":2,"evilcraft:poisonous_libelle":1,"alexsmobs:crocodile":2,"grimoireofgaia:wither_cow":2,"alexsmobs:crow":1,"grimoireofgaia:werecat":5,"minecraft:wither_skeleton":1,"minecraft:villager":1,"minecraft:enderman":1},"minecraft:crafted":{"minecraft:oak_planks":512,"travelersbackpack:crafting_upgrade":1,"cataclysm:sticky_gloves":1,"minecraft:stone":81,"minecraft:cobblestone_stairs":20,"minecraft:glass":39,"minecraft:diamond_leggings":1,"additional_lights:fire_for_fire_pit_s":2,"cataclysm:stone_pillar":2,"justhammers:diamond_hammer":1,"minecraft:chest":58,"minecraft:glass_bottle":3,"travelersbackpack:iron_tier_upgrade":1,"minecraft:crafting_table":7,"minecraft:spruce_planks":52,"travelersbackpack:standard":5,"minecraft:wooden_pickaxe":1,"additional_lights:fire_for_standing_torch_s":8,"minecraft:birch_planks":20,"minecraft:iron_chestplate":1,"minecraft:diamond_pickaxe":1,"minecraft:stick":56,"minecraft:iron_ingot":17,"minecraft:iron_pickaxe":1,"irons_spellbooks:amethyst_resonance_charm":1,"minecraft:shears":1,"minecraft:cherry_planks":88,"weaponmaster:taglockkit":2,"minecraft:furnace":6,"travelersbackpack:gold_tier_upgrade":1,"travelersbackpack:blank_upgrade":4,"minecraft:iron_axe":1,"minecraft:stone_pickaxe":1,"minecraft:cobblestone_wall":18,"minecraft:dark_oak_planks":68,"additional_lights:standing_torch_l_cobblestone":2,"travelersbackpack:diamond_tier_upgrade":1,"minecraft:wheat":504,"minecraft:cooked_beef":12,"weaponmaster:tutorialbook":1,"minecraft:diamond_sword":1,"travelersbackpack:backpack_tank":4,"minecraft:iron_sword":3,"minecraft:mangrove_planks":92,"additional_lights:al_torch_cobblestone":4,"minecraft:stone_axe":1,"minecraft:bread":168,"minecraft:air":0,"minecraft:blue_dye":1,"minecraft:wooden_axe":1,"minecraft:iron_shovel":1,"minecraft:torch":136,"minecraft:diamond_chestplate":1},"minecraft:dropped":{"grimoireofgaia:diamond_shard":2,"minecraft:iron_sword":2,"minecraft:birch_planks":4,"minecraft:candle":5,"minecraft:porkchop":8,"minecraft:dark_oak_stairs":4,"minecraft:oak_log":6,"minecraft:ender_pearl":4,"minecraft:glass_bottle":4,"minecraft:crafting_table":1,"minecraft:cooked_porkchop":1,"minecraft:warped_roots":3,"minecraft:leather":6,"minecraft:cracked_stone_bricks":3,"croptopia:chile_pepper_seed":2,"minecraft:emerald":5,"minecraft:flint":1,"minecraft:packed_mud":3,"minecraft:dirt":9,"minecraft:gray_concrete":1,"minecraft:mangrove_wood":3,"minecraft:tnt_minecart":1,"irons_spellbooks:arcane_essence":56,"minecraft:chain":1,"minecraft:gold_nugget":5,"minecraft:amethyst_shard":2,"minecraft:sand":2,"minecraft:iron_pickaxe":1,"tombstone:scroll_of_preservation":1,"minecraft:dark_oak_planks":3,"minecraft:birch_log":8,"minecraft:mangrove_slab":1,"minecraft:armor_stand":4,"minecraft:bone":32,"minecraft:gravel":2,"minecraft:note_block":3,"minecraft:waxed_cut_copper_stairs":2,"minecraft:emerald_block":2,"minecraft:lever":1,"irons_spellbooks:fire_rune":1,"irons_spellbooks:blank_rune":1,"minecraft:iron_nugget":11,"alexsmobs:animal_dictionary":1,"minecraft:cobbled_deepslate":103,"minecraft:black_carpet":2,"minecraft:obsidian":26,"minecraft:pointed_dripstone":31,"croptopia:oat_seed":1,"minecraft:black_terracotta":1,"minecraft:rotten_flesh":42,"minecraft:oak_planks":25,"weaponmaster:taglockkit":2,"minecraft:carrot":1,"patchouli:guide_book":1,"minecraft:chainmail_chestplate":1,"minecraft:echo_shard":4,"minecraft:sandstone_wall":1,"minecraft:rabbit_hide":1,"minecraft:leather_chestplate":3,"minecraft:gunpowder":4,"minecraft:skeleton_skull":1,"minecraft:charcoal":4,"minecraft:chest":1,"minecraft:chainmail_boots":1,"minecraft:leather_leggings":2,"minecraft:arrow":18,"minecraft:red_nether_bricks":5,"minecraft:iron_bars":1,"minecraft:glass":1,"minecraft:beef":3,"minecraft:crying_obsidian":4,"minecraft:quartz":62,"minecraft:stone_brick_stairs":1,"minecraft:enchanted_book":2,"croptopia:persimmon":3,"minecraft:bread":46,"grimoireofgaia:emerald_shard":2,"minecraft:birch_leaves":4,"minecraft:wheat_seeds":9,"irons_spellbooks:legendary_ink":1,"minecraft:mossy_cobblestone":2,"weaponmaster:tutorialbook":2,"minecraft:feather":1,"minecraft:cobblestone":53,"minecraft:book":4,"minecraft:apple":11,"deeperdarker:warden_upgrade_smithing_template":1,"minecraft:granite":3,"croptopia:grape":1,"minecraft:coal":9,"alexsmobs:raw_catfish":6,"bossominium:the_bossdexium":1,"minecraft:stick":1,"irons_spellbooks:scroll":9,"minecraft:sculk":10,"croptopia:grape_seed":2,"tombstone:magic_scroll":1,"minecraft:torch":1,"minecraft:repeater":2,"minecraft:smooth_quartz":16,"minecraft:wooden_axe":2,"minecraft:rabbit":3,"grimoireofgaia:taproot":2,"tombstone:grave_dust":1,"minecraft:potion":2,"minecraft:iron_leggings":1,"minecraft:oak_stairs":1,"minecraft:flowering_azalea":2,"croptopia:coffee_seed":1,"minecraft:string":4,"minecraft:pink_petals":8,"irons_spellbooks:frozen_bone":3,"minecraft:music_disc_cat":1,"minecraft:lily_pad":1,"minecraft:gray_carpet":5,"minecraft:stone_brick_slab":1,"minecraft:redstone":4,"minecraft:polished_deepslate":4,"minecraft:furnace":1,"minecraft:moss_carpet":11,"alexsmobs:crocodile_scute":1,"minecraft:soul_soil":1,"minecraft:chiseled_quartz_block":4,"minecraft:blaze_rod":6,"minecraft:raw_copper":15,"minecraft:tuff":10,"minecraft:experience_bottle":1,"minecraft:chicken":1,"minecraft:iron_boots":1,"minecraft:light_gray_concrete":8,"evilcraft:origins_of_darkness":1,"weaponmaster:wm_broadswordlarge":1,"grimoireofgaia:deco_nest_harpy":2,"minecraft:filled_map":1,"grimoireofgaia:soulfire":2,"minecraft:diamond_sword":1,"minecraft:mud_bricks":12,"minecraft:spruce_planks":1,"minecraft:iron_chestplate":2,"minecraft:andesite":1,"minecraft:oak_sapling":20,"minecraft:stone_bricks":3,"minecraft:spider_eye":3,"croptopia:tomatillo_seed":1,"minecraft:slime_ball":2,"minecraft:rabbit_stew":1,"minecraft:stone_pickaxe":2,"minecraft:wooden_pickaxe":1,"minecraft:raw_gold":15,"minecraft:calcite":13},"minecraft:mined":{"minecraft:red_nether_brick_slab":4,"minecraft:spruce_planks":7,"additional_lights:al_torch_cobblestone":1,"irons_spellbooks:armor_pile":1,"minecraft:black_terracotta":10,"minecraft:cherry_log":22,"minecraft:cobblestone_stairs":15,"minecraft:red_nether_bricks":5,"minecraft:cave_vines_plant":3,"minecraft:obsidian":13,"cataclysm:stone_pillar":7,"minecraft:granite":4,"minecraft:stripped_crimson_hyphae":2,"minecraft:grass_block":105,"minecraft:mud_bricks":12,"minecraft:frosted_ice":2,"minecraft:spawner":23,"minecraft:smooth_stone":4,"minecraft:magma_block":1,"minecraft:barrel":1,"minecraft:iron_ore":31,"minecraft:cobbled_deepslate":14,"minecraft:fire":31,"minecraft:moss_carpet":2,"minecraft:deepslate_lapis_ore":1,"minecraft:stripped_dark_oak_wood":19,"minecraft:dark_oak_stairs":2,"minecraft:sculk_shrieker":2,"minecraft:pointed_dripstone":16,"minecraft:cave_vines":4,"minecraft:dirt_path":1,"minecraft:oak_stairs":1,"minecraft:iron_bars":1,"minecraft:light_gray_concrete":7,"minecraft:spruce_wood":14,"minecraft:azalea":2,"minecraft:waxed_cut_copper_stairs":2,"minecraft:soul_wall_torch":1,"minecraft:deepslate_redstone_ore":4,"minecraft:amethyst_cluster":1,"minecraft:chiseled_quartz_block":6,"minecraft:powder_snow":28,"minecraft:torch":3,"minecraft:note_block":5,"croptopia:oat_crop":1,"minecraft:blast_furnace":8,"minecraft:calcite":13,"minecraft:melon":1,"minecraft:chest":1,"minecraft:cobblestone":75,"minecraft:iron_door":1,"minecraft:oak_planks":8,"minecraft:sugar_cane":3,"minecraft:damaged_anvil":2,"minecraft:wall_torch":3,"minecraft:warped_nylium":1,"minecraft:pink_petals":1,"minecraft:skeleton_skull":1,"minecraft:seagrass":1,"minecraft:chain":1,"minecraft:repeater":2,"minecraft:light_gray_stained_glass":4,"minecraft:birch_log":16,"croptopia:tomatillo_crop":1,"minecraft:lilac":1,"minecraft:birch_door":1,"minecraft:stone_brick_stairs":3,"minecraft:grass":49,"minecraft:oak_log":128,"minecraft:smooth_quartz":6,"minecraft:sand":42,"minecraft:dirt":186,"minecraft:dispenser":1,"minecraft:netherrack":19,"minecraft:oak_leaves":110,"minecraft:redstone_lamp":1,"minecraft:deepslate":25,"minecraft:emerald_block":1,"minecraft:crying_obsidian":4,"minecraft:tuff":1,"grimoireofgaia:deco_nest_harpy":2,"minecraft:mossy_cobblestone":4,"minecraft:deepslate_diamond_ore":15,"minecraft:red_stained_glass":2,"minecraft:soul_campfire":1,"travelersbackpack:white_sleeping_bag":1,"minecraft:spruce_leaves":3,"rechiseled:cobblestone_chiseled_border":2,"minecraft:moss_block":4,"minecraft:hay_block":76,"minecraft:furnace":3,"minecraft:packed_mud":8,"minecraft:andesite":1,"minecraft:stripped_spruce_log":1,"evilcraft:dark_ore":2,"minecraft:gold_block":3,"minecraft:polished_deepslate":4,"minecraft:bookshelf":16,"minecraft:deepslate_iron_ore":3,"irons_spellbooks:inscription_table":1,"minecraft:bamboo":2,"minecraft:stone":208,"minecraft:flowering_azalea":4,"additional_lights:fire_for_standing_torch_l":2,"minecraft:gray_concrete":1,"minecraft:cherry_planks":6,"minecraft:observer":5,"minecraft:basalt":1,"minecraft:stone_brick_slab":1,"travelersbackpack:standard":2,"minecraft:oak_fence":7,"minecraft:crafting_table":3,"minecraft:mangrove_wood":27,"minecraft:warped_roots":3,"minecraft:sculk_sensor":2,"minecraft:campfire":1,"minecraft:stone_slab":1,"minecraft:tall_grass":13,"minecraft:lapis_ore":8,"minecraft:deepslate_gold_ore":5,"minecraft:lily_pad":1,"minecraft:sculk":17,"minecraft:blue_bed":1,"minecraft:warped_wart_block":1,"minecraft:gray_wool":5,"additional_lights:standing_torch_l_cobblestone":1,"minecraft:cobblestone_wall":6,"minecraft:ice":1,"minecraft:sweet_berry_bush":1,"minecraft:birch_leaves":12,"minecraft:mangrove_planks":1,"minecraft:yellow_bed":2,"minecraft:mangrove_slab":1,"minecraft:coal_ore":41,"minecraft:gravel":7,"minecraft:cyan_carpet":1,"minecraft:dripstone_block":6,"minecraft:gray_carpet":1,"minecraft:cracked_stone_bricks":6,"minecraft:stone_bricks":6,"minecraft:fern":1,"minecraft:birch_fence":1,"minecraft:gold_ore":5,"minecraft:deepslate_emerald_ore":1,"minecraft:iron_trapdoor":1,"minecraft:dark_oak_planks":22},"minecraft:picked_up":{"minecraft:wooden_axe":1,"irons_spellbooks:scroll":8,"minecraft:black_carpet":3,"minecraft:chainmail_boots":1,"croptopia:grape_seed":2,"croptopia:tomatillo_seed":1,"irons_spellbooks:holy_rune":1,"minecraft:oak_stairs":1,"minecraft:potion":4,"minecraft:enchanted_book":1,"minecraft:stone_brick_stairs":1,"minecraft:polished_deepslate":4,"minecraft:music_disc_cat":1,"minecraft:string":16,"minecraft:raw_copper":20,"minecraft:soul_soil":1,"minecraft:red_nether_bricks":5,"minecraft:armor_stand":4,"alexsmobs:emu_feather":3,"minecraft:tnt_minecart":1,"irons_spellbooks:artificer_cane":1,"irons_spellbooks:arcane_essence":36,"minecraft:cobbled_deepslate":706,"minecraft:gold_nugget":8,"minecraft:smooth_stone":4,"minecraft:bucket":1,"minecraft:spruce_planks":7,"minecraft:calcite":13,"minecraft:azalea":2,"minecraft:smooth_quartz":16,"minecraft:enchanted_golden_apple":1,"irons_spellbooks:inscription_table":1,"minecraft:furnace":3,"grimoireofgaia:taproot":2,"minecraft:stick":5,"weaponmaster:weaponkit":1,"minecraft:oak_fence":3,"minecraft:torch":18,"minecraft:sandstone_wall":1,"minecraft:porkchop":11,"minecraft:cherry_log":22,"minecraft:pointed_dripstone":31,"tombstone:grave_dust":12,"irons_spellbooks:fire_rune":1,"croptopia:coffee_seed":1,"grimoireofgaia:deco_nest_harpy":4,"minecraft:rabbit_foot":2,"minecraft:waxed_cut_copper_stairs":2,"minecraft:rotten_flesh":42,"minecraft:honey_bottle":2,"croptopia:persimmon":3,"minecraft:tropical_fish":1,"alexsmobs:emu_egg":4,"minecraft:repeater":2,"minecraft:obsidian":25,"minecraft:iron_bars":1,"cataclysm:stone_pillar":7,"alexsmobs:flying_fish":2,"minecraft:cobblestone":1017,"minecraft:birch_log":14,"minecraft:pink_petals":8,"minecraft:leather_chestplate":3,"minecraft:feather":10,"minecraft:lilac":6,"minecraft:iron_door":1,"minecraft:cherry_planks":6,"minecraft:andesite":1,"minecraft:chiseled_quartz_block":4,"minecraft:potato":1,"alexsmobs:bison_fur":2,"minecraft:flint":3,"minecraft:tuff":10,"minecraft:gray_concrete":1,"alexsmobs:rocky_shell":1,"minecraft:lapis_lazuli":61,"minecraft:mangrove_slab":1,"minecraft:dirt":286,"irons_spellbooks:iron_spell_book":1,"minecraft:glass":8,"minecraft:bone":37,"minecraft:wheat_seeds":15,"minecraft:raw_gold":15,"minecraft:glowstone_dust":4,"minecraft:bamboo":17,"minecraft:rabbit":3,"rechiseled:chisel":1,"minecraft:diamond_helmet":1,"minecraft:moss_block":3,"minecraft:oak_planks":6,"rechiseled:cobblestone_chiseled_border":2,"croptopia:chile_pepper_seed":2,"minecraft:black_terracotta":10,"minecraft:cooked_porkchop":1,"irons_spellbooks:legendary_ink":1,"minecraft:warped_wart_block":1,"grimoireofgaia:emerald_shard":2,"minecraft:sand":41,"grimoireofgaia:fireshard":2,"minecraft:grass_block":1,"grimoireofgaia:shiny_pearl":2,"minecraft:mossy_cobblestone":2,"weaponmaster:taglockkit":1,"croptopia:chile_pepper":1,"travelersbackpack:white_sleeping_bag":1,"minecraft:bundle":1,"minecraft:light_gray_concrete":8,"minecraft:dispenser":1,"minecraft:diamond":35,"minecraft:mangrove_wood":26,"minecraft:lever":2,"grimoireofgaia:withered_brain":1,"alexsmobs:rattlesnake_rattle":1,"minecraft:granite":3,"alexsmobs:tarantula_hawk_wing_fragment":1,"minecraft:golden_apple":7,"minecraft:emerald":5,"minecraft:bread":24,"minecraft:oak_sapling":35,"minecraft:netherrack":8,"minecraft:oak_leaves":47,"minecraft:charcoal":4,"minecraft:crafting_table":3,"grimoireofgaia:soulfire":3,"minecraft:chicken":1,"minecraft:redstone_lamp":1,"minecraft:rabbit_stew":1,"minecraft:leather_leggings":2,"alexsmobs:roadrunner_feather":1,"minecraft:gold_block":3,"minecraft:diamond_horse_armor":1,"minecraft:chain":1,"minecraft:shield":1,"minecraft:moss_carpet":11,"evilcraft:poison_sac":1,"minecraft:compass":1,"minecraft:cracked_stone_bricks":4,"croptopia:tomatillo":1,"croptopia:avocado":1,"minecraft:beef":87,"minecraft:observer":5,"minecraft:iron_nugget":67,"minecraft:birch_sapling":4,"minecraft:chest":1,"minecraft:egg":1,"grimoireofgaia:diamond_shard":2,"minecraft:raw_iron":64,"grimoireofgaia:meat":7,"minecraft:note_block":5,"minecraft:cookie":1,"minecraft:carrot":1,"minecraft:redstone":68,"alexsmobs:leafcutter_ant_pupa":2,"alexsmobs:crocodile_scute":1,"minecraft:dark_oak_planks":17,"croptopia:grape":1,"additional_lights:standing_torch_l_cobblestone":1,"weaponmaster:wm_broadswordlarge":1,"minecraft:arrow":20,"grimoireofgaia:bag_book":1,"minecraft:hay_block":75,"minecraft:stripped_dark_oak_wood":17,"minecraft:glow_berries":2,"minecraft:rail":1,"minecraft:skeleton_skull":1,"minecraft:birch_leaves":5,"minecraft:mud_bricks":17,"minecraft:leather":37,"minecraft:packed_mud":8,"minecraft:oak_log":131,"minecraft:chainmail_chestplate":1,"minecraft:lily_pad":1,"additional_lights:al_torch_cobblestone":2,"minecraft:yellow_bed":1,"minecraft:cobblestone_wall":6,"minecraft:gunpowder":4,"minecraft:cobblestone_stairs":13,"minecraft:blue_bed":1,"minecraft:cooked_mutton":1,"minecraft:stone_bricks":3,"minecraft:apple":1,"minecraft:gray_carpet":5,"minecraft:rabbit_hide":2,"minecraft:spruce_wood":13,"minecraft:stone_pickaxe":1,"minecraft:glass_bottle":2,"minecraft:flowering_azalea":4,"minecraft:dark_oak_stairs":4,"minecraft:book":49,"minecraft:emerald_block":2,"minecraft:sweet_berries":2,"croptopia:starfruit":7,"minecraft:stone_brick_slab":1,"minecraft:dripstone_block":4,"minecraft:gravel":4,"minecraft:amethyst_shard":2,"minecraft:soul_torch":1,"minecraft:blast_furnace":21,"minecraft:crying_obsidian":4,"minecraft:spider_eye":4,"croptopia:oat_seed":1,"alexsmobs:raw_catfish":6,"travelersbackpack:standard":2,"croptopia:lemon":2,"minecraft:slime_ball":2,"minecraft:light_blue_carpet":1,"evilcraft:dark_gem":9,"minecraft:gray_wool":5,"minecraft:warped_roots":3,"minecraft:red_nether_brick_slab":4,"minecraft:damaged_anvil":2,"minecraft:coal":170,"minecraft:ender_pearl":3},"minecraft:used":{"minecraft:iron_shovel":252,"minecraft:chest":56,"minecraft:shield":43,"minecraft:stone":60,"minecraft:iron_sword":441,"grimoireofgaia:soulfire":92,"minecraft:sculk_sensor":1,"grimoireofgaia:deco_nest_harpy":2,"minecraft:axolotl_bucket":2,"rechiseled:cobblestone_brick_pattern":4,"minecraft:honey_bottle":2,"minecraft:glass":3,"minecraft:grass_block":1,"minecraft:packed_mud":5,"minecraft:redstone_lamp":1,"minecraft:hay_block":15,"minecraft:sweet_berries":3,"minecraft:furnace":8,"additional_lights:al_torch_cobblestone":6,"minecraft:egg":1,"minecraft:potato":1,"additional_lights:fire_for_fire_pit_s":1,"minecraft:light_blue_carpet":1,"minecraft:damaged_anvil":2,"minecraft:diamond_boots":1,"minecraft:oak_planks":7,"minecraft:stone_pickaxe":34,"minecraft:mangrove_planks":86,"minecraft:ender_pearl":1,"minecraft:wooden_pickaxe":3,"minecraft:blue_bed":1,"rechiseled:cobblestone_chiseled_border":11,"minecraft:oak_leaves":20,"minecraft:golden_apple":1,"minecraft:cookie":1,"minecraft:blast_furnace":17,"minecraft:dripstone_block":4,"minecraft:shears":51,"minecraft:black_terracotta":9,"minecraft:lever":1,"minecraft:bread":177,"minecraft:iron_door":1,"croptopia:tomatillo":1,"minecraft:gravel":1,"croptopia:avocado":1,"minecraft:diamond_sword":313,"minecraft:oak_fence":2,"croptopia:starfruit":7,"minecraft:spruce_planks":58,"minecraft:netherrack":3,"minecraft:torch":131,"minecraft:warped_wart_block":1,"minecraft:dirt":32,"croptopia:chile_pepper":1,"minecraft:cobblestone_wall":14,"minecraft:dark_oak_planks":69,"minecraft:iron_axe":200,"rechiseled:mossy_cobblestone_beams":10,"minecraft:mud_bricks":5,"evilcraft:flesh_humanoid":1,"minecraft:beef":3,"tombstone:gift":6,"additional_lights:standing_torch_l_cobblestone":3,"minecraft:cooked_beef":21,"minecraft:cobbled_deepslate":534,"minecraft:observer":5,"minecraft:cooked_mutton":1,"minecraft:water_bucket":78,"minecraft:cobblestone_stairs":33,"croptopia:lemon":2,"minecraft:cherry_planks":74,"minecraft:cracked_stone_bricks":1,"cataclysm:stone_pillar":9,"justhammers:diamond_hammer":270,"minecraft:crafting_table":6,"minecraft:diamond_pickaxe":533,"minecraft:iron_pickaxe":141,"minecraft:map":1,"minecraft:stone_axe":114,"weaponmaster:wm_rapier":29,"travelersbackpack:standard":9,"minecraft:potion":1,"minecraft:cobblestone":181,"additional_lights:fire_for_standing_torch_s":8,"minecraft:porkchop":1,"minecraft:bucket":81,"minecraft:yellow_bed":1,"minecraft:candle":3,"minecraft:gray_wool":5,"minecraft:smooth_stone":4,"minecraft:soul_torch":15}},"DataVersion":3465}