{"stats":{"minecraft:killed":{"minecraft:cave_spider":5,"minecraft:spider":5,"alexsmobs:murmur":1,"minecraft:skeleton":56,"alexsmobs:centipede_head":1,"grimoireofgaia:flesh_lich":1,"grimoireofgaia:bone_knight":5,"minecraft:creeper":3,"minecraft:pillager":13,"minecraft:zombie":23,"alexsmobs:roadrunner":1,"mowziesmobs:umvuthana_raptor":1,"grimoireofgaia:creep":1,"alexsmobs:underminer":1,"minecraft:husk":5,"mowziesmobs:umvuthana_follower_raptor":4,"endermanoverhaul:cave_enderman":1},"minecraft:broken":{"minecraft:stone_pickaxe":1,"minecraft:shield":1},"minecraft:dropped":{"minecraft:moss_block":3,"minecraft:lapis_lazuli":6,"minecraft:oak_log":1,"minecraft:glow_ink_sac":7,"minecraft:golden_pickaxe":2,"minecraft:crossbow":1,"minecraft:glow_berries":26,"minecraft:red_mushroom":3,"minecraft:emerald":3,"alexsmobs:roadrunner_feather":1,"irons_spellbooks:arcane_essence":7,"minecraft:pumpkin_pie":3,"minecraft:gold_nugget":2,"alexsmobs:emu_feather":1,"minecraft:dark_oak_planks":1,"minecraft:gold_ingot":2,"minecraft:bone":28,"minecraft:gravel":3,"minecraft:stone_axe":1,"minecraft:blackstone":13,"minecraft:goat_horn":2,"dynamictrees:oak_seed":10,"minecraft:golden_chestplate":1,"minecraft:cobbled_deepslate":3,"alexsmobs:animal_dictionary":1,"atlantis:aquamarine_gem":39,"minecraft:wheat":1,"minecraft:pointed_dripstone":16,"tombstone:gift":1,"minecraft:rotten_flesh":10,"minecraft:oak_planks":2,"croptopia:saguaro_seed":4,"minecraft:carrot":1,"patchouli:guide_book":1,"minecraft:sandstone_wall":3,"minecraft:gunpowder":1,"minecraft:blade_pottery_sherd":2,"minecraft:arrow":24,"minecraft:smooth_red_sandstone_stairs":2,"minecraft:enchanted_book":1,"minecraft:golden_boots":1,"travelersbackpack:cow":1,"minecraft:wheat_seeds":12,"minecraft:golden_helmet":2,"minecraft:dripstone_block":19,"minecraft:plenty_pottery_sherd":1,"minecraft:oak_fence":2,"minecraft:feather":5,"minecraft:cobblestone":6,"minecraft:lead":1,"minecraft:granite":1,"bossominium:the_bossdexium":1,"minecraft:golden_apple":6,"minecraft:stick":4,"minecraft:torch":23,"tombstone:grave_key":1,"minecraft:wooden_axe":1,"tombstone:grave_dust":15,"minecraft:iron_axe":1,"minecraft:paper":21,"minecraft:string":7,"minecraft:smooth_basalt":3,"minecraft:redstone":3,"minecraft:deepslate":1,"minecraft:green_bed":1,"minecraft:smoker":2,"evilcraft:origins_of_darkness":1,"minecraft:flint_and_steel":1,"minecraft:potato":6,"minecraft:mossy_stone_bricks":1,"minecraft:golden_leggings":1,"minecraft:miner_pottery_sherd":1,"minecraft:sandstone":2,"minecraft:bow":2,"minecraft:stone_pickaxe":1,"minecraft:wooden_pickaxe":1,"minecraft:magma_block":2,"minecraft:heartbreak_pottery_sherd":2},"minecraft:custom":{"minecraft:interact_with_crafting_table":47,"minecraft:open_barrel":33,"minecraft:leave_game":7,"minecraft:time_since_death":101424,"minecraft:sprint_one_cm":489794,"minecraft:damage_blocked_by_shield":4710,"minecraft:drop":124,"minecraft:play_time":199389,"minecraft:deaths":3,"minecraft:jump":2758,"minecraft:walk_on_water_one_cm":69124,"minecraft:interact_with_furnace":11,"minecraft:interact_with_loom":4,"minecraft:sleep_in_bed":1,"minecraft:waystone_activated":3,"tombstone:sneak_grave":1,"minecraft:damage_dealt":20846,"minecraft:crouch_one_cm":13459,"tombstone:undead_killed":91,"minecraft:interact_with_smoker":1,"minecraft:interact_with_smithing_table":4,"minecraft:mob_kills":133,"minecraft:interact_with_anvil":2,"minecraft:interact_with_campfire":1,"minecraft:damage_dealt_resisted":30,"minecraft:climb_one_cm":4066,"minecraft:walk_one_cm":459427,"minecraft:sneak_time":5631,"minecraft:walk_under_water_one_cm":28695,"minecraft:interact_with_blast_furnace":1,"minecraft:total_world_time":199389,"tombstone:raider_killed":13,"minecraft:time_since_rest":101371,"minecraft:damage_taken":5242,"minecraft:damage_absorbed":40,"minecraft:swim_one_cm":73903,"minecraft:fly_one_cm":777182,"minecraft:open_chest":73,"minecraft:fall_one_cm":68745},"minecraft:crafted":{"newshieldvariants:diamond_shield":1,"minecraft:oak_planks":180,"minecraft:bookshelf":21,"travelersbackpack:bat":3,"atlantis:aquamarine_chestplate":1,"atlantis:aquamarine_helmet":1,"minecraft:diamond_axe":1,"minecraft:crafting_table":4,"minecraft:spruce_planks":36,"minecraft:wooden_pickaxe":1,"minecraft:paper":21,"minecraft:shield":2,"minecraft:stick":24,"minecraft:iron_ingot":14,"atlantis:sword_aquamarine":1,"atlantis:aquamarine_boots":1,"minecraft:furnace":2,"minecraft:stone_pickaxe":2,"minecraft:wheat":324,"minecraft:diamond_sword":1,"atlantis:aquamarine_leggings":1,"minecraft:enchanting_table":1,"minecraft:bucket":1,"minecraft:stone_axe":1,"minecraft:bread":113,"minecraft:air":0,"minecraft:jungle_planks":16,"minecraft:wooden_axe":1,"minecraft:torch":36},"minecraft:picked_up":{"minecraft:wheat":3,"minecraft:anvil":2,"minecraft:smithing_table":1,"minecraft:brewing_stand":1,"minecraft:string":13,"irons_spellbooks:arcane_essence":1,"alexsmobs:emu_feather":1,"minecraft:gold_nugget":2,"minecraft:cobbled_deepslate":138,"dynamictrees:oak_seed":17,"irons_spellbooks:inscription_table":1,"minecraft:furnace":1,"minecraft:stick":50,"minecraft:oak_fence":2,"minecraft:green_bed":1,"minecraft:torch":3,"minecraft:sandstone_wall":3,"tombstone:grave_dust":14,"minecraft:pointed_dripstone":19,"minecraft:golden_chestplate":1,"alexsmobs:centipede_leg":1,"minecraft:rotten_flesh":13,"minecraft:iron_bars":8,"minecraft:obsidian":9,"minecraft:cobblestone":107,"minecraft:magma_block":2,"minecraft:feather":5,"minecraft:golden_leggings":1,"minecraft:smoker":4,"paraglider:spirit_orb":12,"minecraft:smooth_sandstone_stairs":5,"minecraft:lapis_lazuli":48,"minecraft:dirt":3,"minecraft:bone":54,"minecraft:bow":3,"minecraft:wheat_seeds":11,"minecraft:raw_gold":1,"minecraft:mossy_stone_bricks":2,"minecraft:moss_block":4,"minecraft:oak_planks":10,"minecraft:sand":1,"minecraft:stripped_spruce_log":9,"minecraft:bundle":3,"minecraft:blue_terracotta":3,"minecraft:deepslate":1,"minecraft:diamond":71,"waystones:waystone":1,"minecraft:miner_pottery_sherd":1,"minecraft:granite":1,"minecraft:emerald":3,"minecraft:rooted_dirt":1,"minecraft:plenty_pottery_sherd":1,"atlantis:aquamarine_gem":103,"minecraft:crafting_table":12,"alexsmobs:roadrunner_feather":1,"croptopia:saguaro_seed":4,"minecraft:iron_axe":1,"minecraft:blackstone":57,"minecraft:cracked_stone_bricks":3,"alexsmobs:elastic_tendon":2,"minecraft:iron_nugget":1,"minecraft:sugar_cane":48,"minecraft:raw_iron":60,"minecraft:sandstone":3,"minecraft:dark_oak_planks":1,"atlantis:aquamarine_chestplate":1,"minecraft:arrow":57,"minecraft:decorated_pot":2,"minecraft:hay_block":48,"alexscaves:spelunkery_table":1,"minecraft:black_banner":1,"minecraft:gold_ingot":2,"paraglider:horned_statue":3,"minecraft:skeleton_skull":1,"minecraft:heartbreak_pottery_sherd":2,"minecraft:smooth_red_sandstone_stairs":2,"mowziesmobs:umvuthana_mask_fury":1,"minecraft:glow_ink_sac":7,"minecraft:red_mushroom":3,"minecraft:filled_map":1,"minecraft:oak_log":42,"minecraft:golden_boots":1,"minecraft:gunpowder":1,"minecraft:smooth_sandstone":3,"travelersbackpack:cow":1,"minecraft:stone_bricks":2,"minecraft:spore_blossom":1,"minecraft:blade_pottery_sherd":2,"minecraft:book":21,"minecraft:smooth_basalt":3,"minecraft:dripstone_block":19,"minecraft:gravel":3,"minecraft:stripped_jungle_log":4,"croptopia:saguaro":3,"evilcraft:dark_gem":64,"dynamictrees:cherry_seed":1,"tombstone:magic_scroll":3,"minecraft:damaged_anvil":1,"minecraft:coal":100,"minecraft:ender_pearl":1},"minecraft:used":{"irons_spellbooks:inscription_table":2,"minecraft:moss_block":1,"minecraft:blue_terracotta":3,"minecraft:decorated_pot":2,"minecraft:shield":34,"minecraft:smooth_sandstone_stairs":5,"minecraft:carrot":7,"newshieldvariants:diamond_shield":48,"minecraft:hay_block":12,"minecraft:furnace":2,"minecraft:skeleton_skull":1,"minecraft:stone_pickaxe":243,"minecraft:blackstone":44,"minecraft:wooden_pickaxe":17,"minecraft:sandstone":1,"minecraft:diamond_axe":10,"minecraft:sugar_cane":5,"minecraft:golden_apple":1,"minecraft:sand":1,"minecraft:bread":95,"tombstone:grave_key":1,"minecraft:golden_helmet":1,"minecraft:diamond_sword":52,"minecraft:golden_pickaxe":27,"minecraft:experience_bottle":1,"minecraft:iron_bars":8,"minecraft:enchanting_table":1,"morebowsandarrows:diamond_bow":63,"dynamictrees:oak_seed":7,"travelersbackpack:bat":1,"minecraft:torch":16,"minecraft:dirt":3,"minecraft:anvil":3,"minecraft:wooden_axe":17,"paraglider:horned_statue":3,"minecraft:bookshelf":22,"minecraft:iron_axe":2,"minecraft:rooted_dirt":1,"minecraft:smooth_sandstone":3,"minecraft:goat_horn":5,"tombstone:gift":3,"minecraft:cobbled_deepslate":40,"minecraft:water_bucket":10,"croptopia:saguaro":3,"atlantis:sword_aquamarine":255,"minecraft:crafting_table":16,"minecraft:diamond_pickaxe":407,"minecraft:stone_axe":37,"minecraft:cobblestone":82,"minecraft:bucket":11},"minecraft:mined":{"minecraft:dark_oak_planks":1,"minecraft:brewing_stand":1,"minecraft:obsidian":9,"minecraft:spruce_trapdoor":1,"minecraft:granite":1,"minecraft:smooth_red_sandstone_stairs":2,"minecraft:grass_block":1,"minecraft:spawner":6,"minecraft:magma_block":2,"minecraft:cobbled_deepslate":12,"minecraft:iron_ore":19,"minecraft:fire":12,"minecraft:barrel":1,"minecraft:pumpkin":1,"minecraft:deepslate_lapis_ore":8,"minecraft:anvil":2,"minecraft:pointed_dripstone":2,"minecraft:iron_bars":15,"minecraft:smooth_sandstone_stairs":3,"minecraft:green_bed":1,"minecraft:blackstone":48,"minecraft:smoker":2,"minecraft:torch":1,"minecraft:dead_bush":8,"minecraft:spruce_wall_sign":1,"minecraft:cobblestone":20,"minecraft:sugar_cane":13,"minecraft:oak_planks":7,"minecraft:damaged_anvil":1,"minecraft:skeleton_skull":1,"minecraft:blue_terracotta":4,"paraglider:horned_statue":4,"evilcraft:dark_ore_deepslate":14,"minecraft:wheat":3,"atlantis:aquamarine_ore":64,"minecraft:grass":1,"minecraft:oak_log":13,"minecraft:sand":4,"minecraft:sandstone_wall":3,"minecraft:smooth_basalt":3,"minecraft:deepslate":144,"alexscaves:spelunkery_table":1,"minecraft:tuff":2,"minecraft:deepslate_diamond_ore":73,"minecraft:decorated_pot":5,"minecraft:moss_block":9,"minecraft:red_mushroom":1,"minecraft:sandstone":4,"minecraft:rooted_dirt":1,"minecraft:large_fern":2,"minecraft:hay_block":48,"minecraft:spore_blossom":1,"minecraft:furnace":1,"minecraft:stripped_spruce_log":9,"minecraft:bookshelf":7,"minecraft:deepslate_iron_ore":18,"minecraft:vine":1,"minecraft:rail":2,"minecraft:stripped_jungle_log":4,"minecraft:stripped_oak_log":1,"irons_spellbooks:inscription_table":1,"minecraft:stone":85,"minecraft:smithing_table":1,"minecraft:smooth_sandstone":3,"minecraft:crafting_table":12,"minecraft:deepslate_coal_ore":15,"minecraft:deepslate_gold_ore":1,"minecraft:black_wall_banner":1,"minecraft:coal_ore":68,"croptopia:saguaro_crop":1,"minecraft:gravel":2,"minecraft:dripstone_block":3,"minecraft:cobweb":6,"minecraft:cracked_stone_bricks":5,"minecraft:stone_bricks":4,"minecraft:mossy_stone_bricks":3}},"DataVersion":3465}