{"stats":{"minecraft:crafted":{"minecraft:smooth_stone":3,"minecraftdungeonsv1:claymore":1,"epicsamurai:iron_samurai_chestplate_light":1,"epicsamurai:iron_samurai_leggings_light":1,"epicsamurai:iron_samurai_helmet_light":1,"minecraft:furnace":1,"minecraft:blast_furnace":1,"minecraft:stone":3,"epicsamurai:iron_samurai_boots_light":1,"minecraft:cooked_mutton":2,"travelersbackpack:white_sleeping_bag":1,"minecraft:iron_boots":1,"minecraft:stone_pickaxe":1,"minecraft:cooked_beef":3,"minecraft:cooked_porkchop":17,"minecraft:crafting_table":2,"minecraft:wooden_pickaxe":1,"minecraft:iron_helmet":1,"minecraft:bucket":1,"minecraft:birch_planks":64,"minecraft:stone_axe":1,"minecraft:air":0,"minecraft:shield":1,"minecraft:stick":68,"minecraft:iron_ingot":65,"minecraft:iron_pickaxe":1,"minecraft:wooden_axe":1,"minecraft:iron_block":1,"epicsamurai:steel_ingot":12,"minecraft:torch":228},"minecraft:dropped":{"minecraft:enchanted_book":1,"minecraft:birch_planks":1,"minecraft:lapis_lazuli":26,"minecraft:dripstone_block":7,"minecraft:iron_helmet":2,"minecraft:granite":9,"travelersbackpack:iron_tier_upgrade":6,"minecraft:rail":2,"minecraft:coal":1,"bossominium:the_bossdexium":1,"irons_spellbooks:scroll":1,"minecraft:dirt":10,"minecraft:wooden_axe":1,"epicsamurai:jorogumo_eye":2,"irons_spellbooks:arcane_essence":1,"minecraft:gold_nugget":2,"minecraft:redstone":9,"minecraft:bone":4,"minecraft:gravel":12,"minecraft:iron_nugget":2,"alexsmobs:animal_dictionary":1,"minecraft:raw_copper":2,"minecraft:birch_sapling":1,"epicsamurai:katana":2,"minecraft:iron_boots":1,"minecraft:name_tag":1,"evilcraft:flesh_humanoid":1,"epicsamurai:iron_ninja_boots":1,"patchouli:guide_book":1,"epicsamurai:kitsune_tail":1,"minecraft:arrow":5,"minecraft:wooden_pickaxe":1,"minecraft:raw_gold":7},"minecraft:mined":{"minecraft:large_amethyst_bud":1,"minecraft:tuff":33,"minecraft:white_bed":1,"epicsamurai:deepslate_onyx_ore":6,"minecraft:deepslate_diamond_ore":8,"minecraft:sculk_vein":9,"minecraft:granite":9,"epicsamurai:deepslate_ruby_ore":12,"minecraft:grass_block":5,"travelersbackpack:white_sleeping_bag":1,"epicsamurai:deepslate_jade_ore":5,"minecraft:furnace":14,"minecraft:iron_ore":86,"minecraft:cobbled_deepslate":14,"minecraft:andesite":20,"minecraft:deepslate_lapis_ore":4,"minecraft:sculk_shrieker":2,"minecraft:deepslate_iron_ore":6,"minecraft:rail":2,"minecraft:stone":65,"minecraft:deepslate_redstone_ore":2,"minecraft:amethyst_cluster":1,"minecraft:crafting_table":2,"minecraft:torch":16,"minecraft:blast_furnace":1,"minecraft:sculk_sensor":1,"minecraft:copper_ore":1,"minecraft:cobblestone":4,"minecraft:deepslate_gold_ore":28,"minecraft:sculk":53,"minecraft:wall_torch":7,"evilcraft:dark_ore_deepslate":5,"minecraft:birch_log":30,"minecraft:birch_leaves":6,"minecraft:grass":4,"minecraft:coal_ore":98,"minecraft:dripstone_block":7,"minecraft:gravel":6,"minecraft:sand":23,"minecraft:dirt":7,"minecraft:cobweb":14,"minecraft:deepslate":67},"minecraft:picked_up":{"epicsamurai:iron_ninja_boots":1,"minecraft:crafting_table":2,"minecraft:string":13,"minecraft:raw_copper":2,"epicsamurai:jade":5,"minecraft:gold_nugget":2,"minecraft:cobbled_deepslate":95,"minecraft:beef":3,"minecraft:iron_nugget":2,"minecraft:birch_sapling":1,"minecraft:egg":2,"minecraft:furnace":14,"minecraft:raw_iron":92,"grimoireofgaia:meat":2,"minecraft:torch":86,"travelersbackpack:iron_tier_upgrade":4,"minecraft:porkchop":17,"minecraft:redstone":9,"minecraft:arrow":5,"minecraft:rotten_flesh":5,"minecraftdungeonsv1:reinforced_iron_sword":1,"minecraft:mutton":5,"minecraft:white_wool":3,"minecraft:rail":2,"minecraft:cobblestone":62,"epicsamurai:kitsune_tail":1,"minecraft:birch_log":30,"minecraft:andesite":21,"minecraft:leather":2,"minecraft:birch_planks":1,"minecraft:flint":1,"minecraft:tuff":34,"minecraft:paper":2,"minecraft:lapis_lazuli":26,"minecraft:dirt":17,"minecraft:name_tag":1,"minecraft:bone":4,"minecraft:raw_gold":28,"minecraft:iron_ingot":2,"epicsamurai:onyx":6,"epicsamurai:katana":2,"minecraft:dripstone_block":7,"minecraft:gravel":12,"minecraft:amethyst_shard":4,"minecraft:sand":23,"minecraft:blast_furnace":1,"minecraft:white_bed":1,"travelersbackpack:white_sleeping_bag":1,"minecraft:diamond":8,"evilcraft:dark_gem":22,"epicsamurai:jorogumo_eye":2,"minecraft:iron_helmet":1,"minecraft:granite":9,"epicsamurai:ruby":12,"minecraft:coal":98},"minecraft:broken":{"minecraft:iron_pickaxe":1},"minecraft:killed_by":{"minecraft:player":1},"minecraft:custom":{"minecraft:mob_kills":30,"minecraft:interact_with_crafting_table":28,"minecraft:leave_game":2,"minecraft:time_since_death":88571,"minecraft:sprint_one_cm":296544,"minecraft:walk_one_cm":281150,"minecraft:damage_blocked_by_shield":2350,"minecraft:drop":45,"minecraft:play_time":117835,"minecraft:deaths":1,"minecraft:sneak_time":10516,"minecraft:walk_under_water_one_cm":4612,"minecraft:jump":1280,"minecraft:interact_with_blast_furnace":16,"minecraft:walk_on_water_one_cm":25473,"minecraft:total_world_time":117835,"minecraft:interact_with_furnace":73,"minecraft:sleep_in_bed":1,"minecraft:time_since_rest":88360,"minecraft:damage_taken":2647,"minecraft:damage_absorbed":169,"minecraft:damage_dealt":9085,"minecraft:swim_one_cm":2184,"minecraft:fly_one_cm":154667,"minecraft:player_kills":3,"minecraft:crouch_one_cm":29771,"tombstone:undead_killed":13,"minecraft:fall_one_cm":21650},"minecraft:killed":{"minecraft:skeleton":4,"grimoireofgaia:flesh_lich":2,"minecraft:pig":9,"epicsamurai:kitsune":1,"minecraft:sheep":3,"minecraft:zombie":7,"grimoireofgaia:deathword":1,"grimoireofgaia:werecat":1,"minecraft:cow":2},"minecraft:used":{"minecraft:shield":40,"minecraft:rotten_flesh":5,"minecraft:torch":203,"minecraft:dirt":7,"minecraft:mutton":3,"minecraft:tuff":17,"epicsamurai:iron_samurai_chestplate_light":1,"minecraft:furnace":8,"tombstone:gift":1,"grimoireofgaia:meat":2,"minecraft:egg":2,"minecraft:cooked_beef":3,"minecraft:cobbled_deepslate":50,"minecraft:cooked_mutton":2,"minecraft:water_bucket":37,"minecraft:stone_pickaxe":10,"minecraft:wooden_pickaxe":15,"minecraft:crafting_table":3,"minecraft:blast_furnace":1,"minecraft:bread":3,"minecraftdungeonsv1:claymore":111,"minecraft:iron_pickaxe":491,"travelersbackpack:white_sleeping_bag":1,"minecraft:stone_axe":66,"minecraft:cobblestone":45,"minecraft:cooked_porkchop":17,"minecraft:andesite":21,"minecraft:bucket":38}},"DataVersion":3465}