{"stats":{"minecraft:killed_by":{"minecraft:player":1},"minecraft:broken":{"minecraft:iron_pickaxe":1},"minecraft:killed":{"minecraft:skeleton":3,"minecraft:pig":9,"epicsamurai:kitsune":1,"minecraft:sheep":3,"minecraft:zombie":4,"grimoireofgaia:deathword":1,"grimoireofgaia:werecat":1,"minecraft:cow":2},"minecraft:mined":{"minecraft:tuff":32,"minecraft:white_bed":1,"minecraft:deepslate_diamond_ore":7,"minecraft:sculk_vein":8,"minecraft:granite":9,"minecraft:grass_block":5,"travelersbackpack:white_sleeping_bag":1,"minecraft:furnace":13,"minecraft:iron_ore":86,"minecraft:cobbled_deepslate":13,"minecraft:andesite":20,"minecraft:deepslate_lapis_ore":4,"minecraft:sculk_shrieker":1,"minecraft:deepslate_iron_ore":6,"minecraft:rail":2,"minecraft:stone":65,"minecraft:deepslate_redstone_ore":2,"minecraft:crafting_table":2,"minecraft:torch":15,"minecraft:blast_furnace":1,"minecraft:sculk_sensor":1,"minecraft:cobblestone":4,"minecraft:copper_ore":1,"minecraft:deepslate_gold_ore":28,"minecraft:sculk":52,"minecraft:wall_torch":7,"minecraft:birch_log":30,"minecraft:birch_leaves":6,"minecraft:grass":4,"minecraft:coal_ore":98,"minecraft:dirt":7,"minecraft:dripstone_block":7,"minecraft:gravel":5,"minecraft:sand":23,"minecraft:cobweb":14,"minecraft:deepslate":47},"minecraft:crafted":{"minecraft:smooth_stone":3,"minecraftdungeonsv1:claymore":1,"epicsamurai:iron_samurai_chestplate_light":1,"epicsamurai:iron_samurai_leggings_light":1,"epicsamurai:iron_samurai_helmet_light":1,"minecraft:furnace":1,"minecraft:blast_furnace":1,"minecraft:stone":3,"epicsamurai:iron_samurai_boots_light":1,"travelersbackpack:white_sleeping_bag":1,"minecraft:iron_boots":1,"minecraft:stone_pickaxe":1,"minecraft:cooked_beef":3,"minecraft:cooked_porkchop":17,"minecraft:crafting_table":2,"minecraft:wooden_pickaxe":1,"minecraft:iron_helmet":1,"minecraft:bucket":1,"minecraft:birch_planks":64,"minecraft:stone_axe":1,"minecraft:air":0,"minecraft:shield":1,"minecraft:stick":68,"minecraft:iron_ingot":65,"minecraft:iron_pickaxe":1,"minecraft:wooden_axe":1,"minecraft:iron_block":1,"epicsamurai:steel_ingot":12,"minecraft:torch":228},"minecraft:dropped":{"minecraft:birch_planks":1,"minecraft:dripstone_block":7,"minecraft:iron_helmet":2,"minecraft:granite":9,"travelersbackpack:iron_tier_upgrade":6,"minecraft:rail":2,"minecraft:coal":1,"bossominium:the_bossdexium":1,"irons_spellbooks:scroll":1,"minecraft:dirt":10,"minecraft:wooden_axe":1,"minecraft:bone":3,"minecraft:redstone":9,"minecraft:iron_nugget":2,"alexsmobs:animal_dictionary":1,"minecraft:raw_copper":2,"minecraft:birch_sapling":1,"epicsamurai:katana":2,"minecraft:iron_boots":1,"minecraft:name_tag":1,"evilcraft:flesh_humanoid":1,"epicsamurai:iron_ninja_boots":1,"patchouli:guide_book":1,"epicsamurai:kitsune_tail":1,"minecraft:arrow":5,"minecraft:wooden_pickaxe":1,"minecraft:raw_gold":7},"minecraft:picked_up":{"epicsamurai:iron_ninja_boots":1,"minecraft:crafting_table":2,"minecraft:string":13,"minecraft:raw_copper":2,"minecraft:cobbled_deepslate":76,"minecraft:beef":3,"minecraft:iron_nugget":2,"minecraft:birch_sapling":1,"minecraft:egg":2,"minecraft:furnace":13,"minecraft:raw_iron":92,"grimoireofgaia:meat":2,"minecraft:torch":24,"travelersbackpack:iron_tier_upgrade":4,"minecraft:porkchop":17,"minecraft:redstone":9,"minecraft:arrow":5,"minecraft:rotten_flesh":2,"minecraft:mutton":5,"minecraft:rail":2,"minecraft:white_wool":3,"minecraft:cobblestone":62,"epicsamurai:kitsune_tail":1,"minecraft:birch_log":30,"minecraft:andesite":21,"minecraft:leather":2,"minecraft:birch_planks":1,"minecraft:tuff":33,"minecraft:paper":2,"minecraft:lapis_lazuli":24,"minecraft:dirt":17,"minecraft:name_tag":1,"minecraft:bone":4,"minecraft:raw_gold":28,"minecraft:iron_ingot":2,"epicsamurai:katana":2,"minecraft:gravel":6,"minecraft:dripstone_block":7,"minecraft:sand":23,"minecraft:blast_furnace":1,"minecraft:white_bed":1,"travelersbackpack:white_sleeping_bag":1,"minecraft:diamond":7,"minecraft:granite":9,"minecraft:iron_helmet":1,"epicsamurai:jorogumo_eye":2,"minecraft:coal":98},"minecraft:custom":{"minecraft:mob_kills":24,"minecraft:interact_with_crafting_table":28,"minecraft:leave_game":2,"minecraft:time_since_death":68535,"minecraft:sprint_one_cm":252789,"minecraft:walk_one_cm":215571,"minecraft:damage_blocked_by_shield":670,"minecraft:drop":37,"minecraft:play_time":97799,"minecraft:deaths":1,"minecraft:sneak_time":9793,"minecraft:walk_under_water_one_cm":4392,"minecraft:jump":1045,"minecraft:interact_with_blast_furnace":16,"minecraft:walk_on_water_one_cm":10625,"minecraft:total_world_time":97799,"minecraft:interact_with_furnace":71,"minecraft:sleep_in_bed":1,"minecraft:time_since_rest":68324,"minecraft:damage_taken":2097,"minecraft:damage_absorbed":169,"minecraft:damage_dealt":5947,"minecraft:swim_one_cm":2184,"minecraft:player_kills":2,"minecraft:fly_one_cm":133690,"minecraft:crouch_one_cm":28163,"tombstone:undead_killed":7,"minecraft:fall_one_cm":19271},"minecraft:used":{"minecraft:shield":9,"minecraft:torch":148,"minecraft:dirt":7,"epicsamurai:iron_samurai_chestplate_light":1,"minecraft:furnace":7,"grimoireofgaia:meat":2,"minecraft:egg":2,"minecraft:cooked_beef":3,"minecraft:cobbled_deepslate":36,"minecraft:water_bucket":13,"minecraft:stone_pickaxe":10,"minecraft:wooden_pickaxe":15,"minecraft:crafting_table":3,"minecraft:blast_furnace":1,"minecraftdungeonsv1:claymore":71,"minecraft:bread":3,"minecraft:iron_pickaxe":437,"travelersbackpack:white_sleeping_bag":1,"minecraft:stone_axe":66,"minecraft:cobblestone":45,"minecraft:cooked_porkchop":17,"minecraft:andesite":21,"minecraft:bucket":14}},"DataVersion":3465}