{"stats":{"minecraft:killed":{"minecraft:pig":4,"minecraft:spider":1,"minecraft:zombie":3,"alexsmobs:terrapin":1},"minecraft:custom":{"minecraft:interact_with_furnace":28,"minecraft:mob_kills":10,"minecraft:interact_with_crafting_table":14,"minecraft:interact_with_loom":1,"minecraft:leave_game":4,"minecraft:time_since_death":0,"minecraft:sleep_in_bed":1,"minecraft:time_since_rest":633,"minecraft:sprint_one_cm":84708,"minecraft:damage_taken":4636,"minecraft:walk_one_cm":392542,"minecraft:drop":5,"minecraft:damage_dealt":1793,"minecraft:swim_one_cm":75,"minecraft:fly_one_cm":59519,"minecraft:crouch_one_cm":2188,"minecraft:play_time":94034,"tombstone:undead_killed":3,"minecraft:deaths":6,"minecraft:sneak_time":388,"minecraft:walk_under_water_one_cm":11228,"minecraft:jump":980,"minecraft:interact_with_blast_furnace":3,"minecraft:walk_on_water_one_cm":27599,"minecraft:total_world_time":94034,"minecraft:fall_one_cm":16152},"minecraft:mined":{"minecraft:deepslate_redstone_ore":2,"minecraft:tuff":4,"croptopia:grape_crop":1,"minecraft:grass_block":5,"minecraft:copper_ore":20,"minecraft:cobblestone":1,"minecraft:deepslate_gold_ore":8,"minecraft:sugar_cane":4,"croptopia:cherry_crop":3,"minecraft:birch_log":25,"minecraft:cobbled_deepslate":5,"minecraft:birch_leaves":7,"minecraft:tnt":1,"minecraft:grass":1,"minecraft:oak_log":1,"minecraft:coal_ore":12,"minecraft:dirt":5,"minecraft:cobweb":7,"minecraft:oak_leaves":3,"minecraft:deepslate":9},"minecraft:dropped":{"minecraft:birch_planks":28,"minecraft:cooked_porkchop":2,"minecraft:cobblestone":3,"travelersbackpack:white_sleeping_bag":1},"minecraft:picked_up":{"minecraft:birch_log":24,"croptopia:grape_seed":2,"minecraft:glow_ink_sac":7,"minecraft:birch_slab":3,"croptopia:glowing_calamari":2,"minecraft:birch_planks":6,"minecraft:tuff":23,"minecraft:dirt":9,"minecraft:string":8,"minecraft:raw_copper":68,"minecraft:bone":3,"minecraft:cobbled_deepslate":26,"minecraft:raw_gold":10,"minecraft:stone_pickaxe":1,"minecraft:iron_ingot":5,"minecraft:iron_nugget":1,"minecraft:iron_pickaxe":1,"minecraft:sugar_cane":12,"minecraft:birch_sapling":4,"minecraft:stick":1,"minecraft:cooked_porkchop":7,"minecraft:torch":1,"minecraft:porkchop":9,"minecraft:redstone":4,"travelersbackpack:white_sleeping_bag":1,"croptopia:grape":1,"croptopia:cherry":3,"minecraft:arrow":3,"minecraft:rotten_flesh":2,"minecraft:stone_axe":1,"minecraftdungeonsv1:reinforced_iron_sword":1,"minecraft:coal":12,"minecraft:white_wool":3,"minecraft:cobblestone":4},"minecraft:used":{"croptopia:grape":1,"croptopia:glowing_calamari":2,"minecraft:torch":9,"minecraft:dirt":5,"minecraft:crafting_table":2,"croptopia:cherry":3,"minecraft:tuff":2,"minecraft:iron_axe":25,"minecraft:iron_pickaxe":64,"minecraft:cobblestone":1,"minecraft:porkchop":2,"minecraft:cooked_porkchop":15,"minecraftdungeonsv1:reinforced_iron_sword":120,"tombstone:gift":2,"minecraft:cooked_beef":4},"minecraft:crafted":{"minecraft:cooked_beef":4,"minecraft:cooked_porkchop":10,"minecraft:crafting_table":2,"minecraft:iron_helmet":1,"minecraft:iron_sword":1,"minecraft:copper_ingot":3,"minecraft:birch_planks":96,"minecraft:air":0,"travelersbackpack:white_sleeping_bag":1,"minecraft:iron_boots":1,"minecraft:iron_chestplate":1,"minecraft:iron_axe":1,"minecraft:stick":4,"minecraft:iron_ingot":30,"minecraft:iron_leggings":1,"minecraft:gold_ingot":10,"minecraft:torch":8}},"DataVersion":3465}