{"stats":{"minecraft:dropped":{"tombstone:grave_key":1},"minecraft:custom":{"minecraft:jump":55,"minecraft:time_since_rest":1,"minecraft:leave_game":1,"minecraft:deaths":1,"minecraft:sprint_one_cm":4665,"minecraft:play_time":1688,"minecraft:damage_taken":260,"minecraft:time_since_death":309,"minecraft:walk_one_cm":1231,"minecraft:sneak_time":64,"minecraft:climb_one_cm":497,"minecraft:total_world_time":1688,"minecraft:drop":1,"minecraft:fall_one_cm":2387,"minecraft:fly_one_cm":11968}},"DataVersion":3465}