{"stats":{"minecraft:killed":{"minecraft:witch":1,"minecraft:skeleton":1,"grimoireofgaia:mimic":1,"minecraft:bee":1,"irons_spellbooks:summoned_skeleton":1,"minecraft:pillager":1,"minecraft:zombie":2},"minecraft:custom":{"minecraft:mob_kills":9,"minecraft:interact_with_crafting_table":17,"minecraft:open_barrel":15,"minecraft:leave_game":1,"minecraft:time_since_death":0,"minecraft:climb_one_cm":14761,"minecraft:sprint_one_cm":136688,"minecraft:walk_one_cm":423877,"minecraft:damage_blocked_by_shield":2820,"minecraft:drop":21,"minecraft:play_time":127394,"minecraft:deaths":18,"minecraft:sneak_time":1584,"minecraft:walk_under_water_one_cm":598,"minecraft:jump":1263,"minecraft:interact_with_blast_furnace":3,"minecraft:walk_on_water_one_cm":4045,"minecraft:total_world_time":127394,"minecraft:interact_with_furnace":28,"tombstone:raider_killed":2,"minecraft:interact_with_loom":1,"minecraft:time_since_rest":0,"minecraft:damage_taken":7428,"minecraft:damage_dealt":3384,"minecraft:player_kills":1,"minecraft:fly_one_cm":160803,"minecraft:open_chest":6,"minecraft:crouch_one_cm":6998,"tombstone:undead_killed":4,"minecraft:fall_one_cm":30419},"minecraft:mined":{"croptopia:cantaloupe_crop":2,"minecraft:tuff":3,"croptopia:orange_crop":6,"croptopia:grape_crop":2,"croptopia:strawberry_crop":1,"minecraft:glow_lichen":1,"minecraft:granite":4,"croptopia:lime_crop":6,"travelersbackpack:sponge":1,"minecraft:grass_block":4,"minecraft:fire":14,"minecraft:cobbled_deepslate":3,"croptopia:tea_crop":1,"croptopia:blueberry_crop":3,"minecraft:deepslate_iron_ore":4,"minecraft:stone":13,"minecraft:deepslate_redstone_ore":8,"travelersbackpack:standard":4,"minecraft:crafting_table":3,"minecraft:rose_bush":2,"croptopia:blackbean_crop":1,"minecraft:deepslate_gold_ore":8,"croptopia:spinach_crop":1,"croptopia:nectarine_crop":9,"minecraft:birch_planks":4,"minecraft:birch_log":31,"minecraft:beehive":1,"croptopia:tomatillo_crop":1,"minecraft:birch_leaves":7,"croptopia:tomato_crop":1,"croptopia:blackberry_crop":2,"minecraft:dirt":3,"minecraft:polished_andesite":8,"minecraft:oak_leaves":11,"minecraft:deepslate":15},"minecraft:dropped":{"minecraft:cooked_beef":1,"minecraft:cobblestone":5,"minecraft:granite":7,"minecraft:stick":5,"tombstone:grave_key":1,"minecraft:wooden_axe":3,"minecraft:spruce_sapling":3,"minecraft:tuff":3,"minecraft:birch_sapling":2,"minecraft:rotten_flesh":3,"minecraft:stone":3,"croptopia:tomatillo_seed":1,"minecraft:wooden_pickaxe":3},"minecraft:broken":{"epicsamurai:iron_samurai_helmet_light":1,"minecraft:shield":1},"minecraft:killed_by":{"minecraft:player":1,"minecraft:skeleton":1},"minecraft:picked_up":{"minecraft:crafting_table":3,"croptopia:grape_seed":2,"croptopia:tomatillo_seed":2,"epicsamurai:iron_samurai_helmet_light":1,"epicsamurai:iron_samurai_leggings":1,"minecraft:enchanted_book":1,"croptopia:cantaloupe":2,"epicsamurai:iron_samurai_chestplate":1,"minecraft:gold_nugget":1,"minecraft:cobbled_deepslate":22,"croptopia:tomatillo":2,"minecraft:rose_bush":2,"croptopia:blueberry":2,"minecraft:birch_sapling":2,"minecraft:stick":2,"minecraft:beehive":1,"minecraft:raw_iron":4,"grimoireofgaia:meat":2,"croptopia:blackbean":1,"minecraft:torch":15,"croptopia:blackberry_seed":3,"croptopia:blackbean_seed":1,"epicsamurai:iron_samurai_boots_light":2,"minecraft:porkchop":8,"tombstone:grave_dust":2,"minecraft:redstone":37,"croptopia:strawberry":1,"croptopia:grape":2,"travelersbackpack:sponge":2,"minecraft:arrow":5,"croptopia:cantaloupe_seed":3,"minecraft:rotten_flesh":3,"epicsamurai:iron_samurai_chestplate_light":1,"croptopia:strawberry_seed":1,"epicsamurai:spirit_stone_base":1,"minecraft:cobblestone":13,"minecraft:birch_log":31,"croptopia:nectarine":9,"minecraft:birch_planks":12,"croptopia:spinach":1,"croptopia:tea_leaves":1,"minecraft:tuff":3,"croptopia:blueberry_seed":3,"minecraft:dirt":22,"minecraft:bone":4,"minecraft:apple":1,"minecraft:raw_gold":8,"minecraft:iron_ingot":2,"croptopia:tomato":1,"croptopia:lime":5,"minecraft:cooked_porkchop":2,"croptopia:blackberry":2,"minecraft:gravel":3,"minecraft:spruce_sapling":3,"croptopia:tea_seed":2,"croptopia:spinach_seed":2,"travelersbackpack:standard":4,"epicsamurai:iron_samurai_boots":1,"minecraft:polished_andesite":9,"minecraft:sugar":4,"epicsamurai:iron_samurai_leggings_light":2,"croptopia:orange":6,"minecraft:granite":16,"minecraft:bread":1,"minecraft:emerald":1},"minecraft:crafted":{"minecraft:stone":3,"minecraft:iron_boots":1,"minecraft:stone_pickaxe":1,"minecraft:cooked_beef":5,"minecraft:crafting_table":2,"minecraft:wooden_pickaxe":3,"minecraft:iron_helmet":1,"minecraft:iron_sword":1,"minecraft:birch_planks":96,"minecraft:stone_axe":1,"minecraft:air":0,"minecraft:iron_chestplate":1,"minecraft:charcoal":7,"minecraft:shield":1,"minecraft:stick":32,"minecraft:iron_ingot":31,"minecraft:iron_pickaxe":2,"minecraft:wooden_axe":3,"minecraft:stone_sword":1,"minecraft:gold_ingot":8,"minecraft:iron_leggings":1,"minecraft:torch":28},"minecraft:used":{"minecraft:stone_sword":1,"minecraft:shield":38,"minecraft:iron_sword":109,"minecraft:torch":16,"minecraft:dirt":5,"croptopia:blueberry":1,"minecraft:granite":7,"minecraft:wooden_axe":28,"evilcraft:flesh_humanoid":1,"croptopia:lime":5,"travelersbackpack:sponge":2,"tombstone:gift":2,"grimoireofgaia:meat":2,"minecraft:cooked_beef":4,"minecraft:cobbled_deepslate":12,"croptopia:grape":2,"croptopia:tomato":1,"minecraft:birch_planks":51,"minecraft:stone_pickaxe":3,"minecraft:wooden_pickaxe":16,"minecraft:crafting_table":4,"croptopia:orange":6,"croptopia:nectarine":9,"minecraft:apple":1,"minecraft:bread":6,"minecraft:iron_pickaxe":51,"minecraft:gravel":1,"croptopia:tomatillo":2,"minecraft:stone_axe":8,"travelersbackpack:standard":7,"minecraft:cooked_porkchop":2,"minecraft:porkchop":8,"croptopia:blackberry":2,"alexsmobs:animal_dictionary":1,"croptopia:cantaloupe":1}},"DataVersion":3465}